Commune,Code INSEE,Département,Date_du_Feu,Surface_Brûlée_m2,Nombre_de_Parcs_Solaires,Puissance_Totale_kW,Premiere_Mise_en_Service,Derniere_Mise_en_Service
Abzac,33001,33,2022-08-04 17:33:00,8000,4,775.0,2025-04-16,2026-05-26
Abzac,33001,33,2022-08-04 19:33:00,400,4,775.0,2025-04-16,2026-05-26
Abzac,33001,33,2022-08-11 18:27:00,500,4,775.0,2025-04-16,2026-05-26
Abzac,33001,33,2022-08-24 18:10:00,1000,4,775.0,2025-04-16,2026-05-26
Acheux-en-Vimeu,80004,80,2022-08-30 15:34:00,1700,1,245.0,2023-07-12,2023-07-12
Agde,34003,34,2022-07-09 16:07:00,3064,13,2250.0,2022-12-22,2025-11-04
Agde,34003,34,2022-08-26 18:13:00,1699,13,2250.0,2022-12-22,2025-11-04
Agde,34003,34,2022-08-28 19:06:00,4288,13,2250.0,2022-12-22,2025-11-04
Agey,21002,21,2022-08-04 12:23:00,4000,1,167.0,2026-05-12,2026-05-12
Aghione,2B002,2B,2022-05-20 15:10:00,15,7,910.2,2022-06-01,2025-10-09
Aghione,2B002,2B,2022-07-24 15:27:00,4000,6,810.45,2023-04-01,2025-10-09
Aiglun,04001,04,2022-08-03 18:59:00,5,5,650.3,2023-04-20,2026-02-06
Aiglun,04001,04,2022-08-16 16:10:00,440,5,650.3,2023-04-20,2026-02-06
Aigne,34006,34,2022-07-22 14:47:00,1793324,2,210.0,2024-11-19,2025-11-10
Aigues-Vives,11001,11,2022-02-28 16:24:00,20007,2,180.0,2024-06-19,2025-08-07
Ainhoa,64014,64,2022-03-21 15:34:00,200,1,90.0,2025-05-22,2025-05-22
Ainvelle,88004,88,2022-08-24 17:16:00,25,1,70.0,2025-02-20,2025-02-20
Aix-en-Provence,13001,13,2022-01-23 15:32:00,200,17,2294.32,2022-03-31,2025-12-11
Aix-en-Provence,13001,13,2022-02-02 17:11:00,5,17,2294.32,2022-03-31,2025-12-11
Aix-en-Provence,13001,13,2022-03-13 04:31:00,2000,17,2294.32,2022-03-31,2025-12-11
Aix-en-Provence,13001,13,2022-03-13 10:22:00,400,17,2294.32,2022-03-31,2025-12-11
Aix-en-Provence,13001,13,2022-03-16 18:45:00,5,17,2294.32,2022-03-31,2025-12-11
Aix-en-Provence,13001,13,2022-03-31 16:38:00,500,16,2209.32,2023-03-01,2025-12-11
Aix-en-Provence,13001,13,2022-04-03 00:01:00,3000,16,2209.32,2023-03-01,2025-12-11
Aix-en-Provence,13001,13,2022-04-03 19:19:00,600,16,2209.32,2023-03-01,2025-12-11
Aix-en-Provence,13001,13,2022-04-14 11:24:00,300,16,2209.32,2023-03-01,2025-12-11
Aix-en-Provence,13001,13,2022-04-17 11:46:00,10,16,2209.32,2023-03-01,2025-12-11
Aix-en-Provence,13001,13,2022-05-12 14:46:00,14400,16,2209.32,2023-03-01,2025-12-11
Aix-en-Provence,13001,13,2022-05-12 16:28:00,10,16,2209.32,2023-03-01,2025-12-11
Aix-en-Provence,13001,13,2022-05-19 01:29:00,50,16,2209.32,2023-03-01,2025-12-11
Aix-en-Provence,13001,13,2022-06-09 21:44:00,10000,16,2209.32,2023-03-01,2025-12-11
Aix-en-Provence,13001,13,2022-06-12 21:30:00,100,16,2209.32,2023-03-01,2025-12-11
Aix-en-Provence,13001,13,2022-06-20 21:17:00,10,16,2209.32,2023-03-01,2025-12-11
Aix-en-Provence,13001,13,2022-06-28 03:43:00,200,16,2209.32,2023-03-01,2025-12-11
Aix-en-Provence,13001,13,2022-07-01 17:30:00,3000,16,2209.32,2023-03-01,2025-12-11
Aix-en-Provence,13001,13,2022-07-05 11:24:00,300,16,2209.32,2023-03-01,2025-12-11
Aix-en-Provence,13001,13,2022-07-08 22:32:00,20,16,2209.32,2023-03-01,2025-12-11
Aix-en-Provence,13001,13,2022-07-18 18:27:00,2,16,2209.32,2023-03-01,2025-12-11
Aix-en-Provence,13001,13,2022-07-21 13:43:00,478,16,2209.32,2023-03-01,2025-12-11
Aix-en-Provence,13001,13,2022-07-26 13:43:00,500,16,2209.32,2023-03-01,2025-12-11
Aix-en-Provence,13001,13,2022-07-28 15:48:00,400,16,2209.32,2023-03-01,2025-12-11
Aix-en-Provence,13001,13,2022-08-05 14:52:00,10,16,2209.32,2023-03-01,2025-12-11
Ajaccio,2A004,2A,2022-01-07 15:41:00,10,14,1190.37,2022-03-30,2025-06-17
Ajaccio,2A004,2A,2022-03-09 14:54:00,38000,14,1190.37,2022-03-30,2025-06-17
Ajaccio,2A004,2A,2022-03-11 15:41:00,2800,14,1190.37,2022-03-30,2025-06-17
Ajaccio,2A004,2A,2022-09-28 05:19:00,500,11,891.39,2022-11-16,2025-06-17
Alata,2A006,2A,2022-02-28 10:18:00,100,2,174.7,2023-05-17,2024-11-19
Alata,2A006,2A,2022-03-12 13:53:00,30,2,174.7,2023-05-17,2024-11-19
Alata,2A006,2A,2022-05-27 12:52:00,20,2,174.7,2023-05-17,2024-11-19
Alata,2A006,2A,2022-07-17 21:39:00,1000,2,174.7,2023-05-17,2024-11-19
Alata,2A006,2A,2022-07-22 02:00:00,1,2,174.7,2023-05-17,2024-11-19
Alata,2A006,2A,2022-08-15 08:30:00,5,2,174.7,2023-05-17,2024-11-19
Albertacce,2B007,2B,2022-02-01 15:23:00,493700,2,199.82,2023-10-12,2025-07-02
Albertacce,2B007,2B,2022-02-02 16:04:00,10,2,199.82,2023-10-12,2025-07-02
Albertacce,2B007,2B,2022-03-26 13:31:00,500,2,199.82,2023-10-12,2025-07-02
Albertacce,2B007,2B,2022-03-27 13:23:00,50,2,199.82,2023-10-12,2025-07-02
Albertacce,2B007,2B,2022-04-17 18:01:00,10000,2,199.82,2023-10-12,2025-07-02
Albertacce,2B007,2B,2022-04-30 11:56:00,100,2,199.82,2023-10-12,2025-07-02
Albertacce,2B007,2B,2022-07-21 18:13:00,40000,2,199.82,2023-10-12,2025-07-02
Albertacce,2B007,2B,2022-07-28 16:37:00,219000,2,199.82,2023-10-12,2025-07-02
Albertacce,2B007,2B,2022-08-07 18:30:00,5,2,199.82,2023-10-12,2025-07-02
Albertacce,2B007,2B,2022-08-26 17:27:00,10,2,199.82,2023-10-12,2025-07-02
Albertacce,2B007,2B,2022-09-01 20:20:00,12000,2,199.82,2023-10-12,2025-07-02
Albertacce,2B007,2B,2022-10-07 14:57:00,500,2,199.82,2023-10-12,2025-07-02
Albi,81004,81,2022-05-18 15:26:00,200,24,2949.0,2022-11-29,2026-01-09
Alençon,61001,61,2022-07-30 17:25:10,60,4,464.0,2024-07-04,2026-03-31
Alençon,61001,61,2022-08-01 19:44:19,200,4,464.0,2024-07-04,2026-03-31
Allanche,15001,15,2022-08-14 06:01:00,1,4,870.0,2024-06-18,2025-11-20
Allauch,13002,13,2022-07-03 01:59:00,3000,4,328.0,2024-10-28,2025-11-21
Allemagne-en-Provence,04004,04,2022-06-27 17:56:00,5200,2,259.0,2022-07-25,2025-05-15
Allemagne-en-Provence,04004,04,2022-07-27 12:17:00,600,1,160.0,2025-05-15,2025-05-15
Allonnes,72003,72,2022-07-03 15:44:00,300,5,770.0,2024-03-19,2026-02-19
Allonnes,72003,72,2022-08-13 20:27:00,10,5,770.0,2024-03-19,2026-02-19
Ally,43006,43,2022-06-19 22:48:00,5000,4,670.0,2023-01-19,2026-05-12
Allègre,43003,43,2022-06-29 11:29:00,5,1,120.0,2025-04-15,2025-04-15
Aléria,2B009,2B,2022-05-29 14:08:00,1000,7,601.28,2023-03-29,2025-04-08
Aléria,2B009,2B,2022-06-24 12:29:00,300000,7,601.28,2023-03-29,2025-04-08
Aléria,2B009,2B,2022-08-16 15:15:00,10,7,601.28,2023-03-29,2025-04-08
Amailloux,79008,79,2022-06-19 07:30:00,1,4,1231.0,2023-11-08,2026-04-09
Ambialet,81010,81,2022-06-16 14:41:00,300,2,285.0,2025-02-05,2025-07-11
Amboise,37003,37,2022-03-26 14:56:00,115000,6,768.0,2022-06-07,2025-07-17
Amboise,37003,37,2022-10-05 22:51:00,1,5,679.0,2023-01-05,2025-07-17
Amilly,45004,45,2022-07-25 21:54:00,50,6,9926.99,2023-12-04,2026-02-18
Ancelle,05004,05,2022-03-24 10:47:00,339545,3,748.0,2025-08-13,2026-02-26
Andon,06003,06,2022-01-30 12:50:00,850,3,42000.0,2022-03-01,2022-09-30
Anglemont,88008,88,2022-04-19 11:35:00,100,1,240.0,2024-04-17,2024-04-17
Anglet,64024,64,2022-05-14 13:08:39,150,8,1150.0,2023-04-05,2025-10-28
Angoulême,16015,16,2022-08-10 22:14:00,200,3,773.61,2022-12-21,2026-05-28
Annonay,07010,07,2022-03-25 15:04:00,24000,6,461.0,2023-07-07,2026-04-16
Annonay,07010,07,2022-08-11 18:40:00,2000,6,461.0,2023-07-07,2026-04-16
Anost,71009,71,2022-08-13 11:05:00,500,1,99.0,2026-01-15,2026-01-15
Antisanti,2B016,2B,2022-02-01 14:48:00,1500,7,665.28,2023-05-24,2026-02-03
Antisanti,2B016,2B,2022-08-27 18:13:00,10,7,665.28,2023-05-24,2026-02-03
Antrenas,48005,48,2022-07-24 15:00:00,20000,8,1415.0,2022-12-01,2026-03-31
Appietto,2A017,2A,2022-01-10 14:12:00,100,1,100.0,2024-04-16,2024-04-16
Appietto,2A017,2A,2022-01-12 14:40:00,10,1,100.0,2024-04-16,2024-04-16
Appietto,2A017,2A,2022-01-29 15:35:00,50,1,100.0,2024-04-16,2024-04-16
Appietto,2A017,2A,2022-02-05 17:45:00,500,1,100.0,2024-04-16,2024-04-16
Appietto,2A017,2A,2022-03-14 16:34:00,1,1,100.0,2024-04-16,2024-04-16
Appietto,2A017,2A,2022-05-02 17:35:00,3000,1,100.0,2024-04-16,2024-04-16
Appietto,2A017,2A,2022-10-22 11:38:00,200,1,100.0,2024-04-16,2024-04-16
Apt,84003,84,2022-01-30 12:16:00,100,10,1068.0,2022-08-01,2025-10-21
Arandon-Passins,38297,38,2022-07-28 00:53:00,200,2,299.0,2024-07-23,2025-06-10
Argelès-sur-Mer,66008,66,2022-07-08 21:25:00,250,9,1196.0,2023-01-25,2026-03-06
Argentan,61006,61,2022-02-26 17:12:04,500,5,953.0,2023-01-14,2026-05-13
Argentan,61006,61,2022-07-19 22:59:59,2500,5,953.0,2023-01-14,2026-05-13
Argentan,61006,61,2022-08-12 16:09:34,1000,5,953.0,2023-01-14,2026-05-13
Arinthod,39016,39,2022-05-21 04:05:00,3000,3,379.0,2023-09-27,2024-12-02
Arinthod,39016,39,2022-07-17 23:51:00,6,3,379.0,2023-09-27,2024-12-02
Arnaud-Guilhem,31018,31,2022-08-03 13:26:00,50000,3,510.0,2025-02-18,2026-05-28
Arnéguy,64047,64,2022-10-29 07:53:41,30000,2,358.0,2025-11-13,2026-02-12
Arpaillargues-et-Aureillac,30014,30,2022-07-08 11:25:00,68068,1,99.0,2024-06-26,2024-06-26
Arpaillargues-et-Aureillac,30014,30,2022-07-15 20:45:00,100,1,99.0,2024-06-26,2024-06-26
Arpajon-sur-Cère,15012,15,2022-04-30 15:50:00,20,4,776.0,2024-07-25,2025-08-19
Arpajon-sur-Cère,15012,15,2022-10-22 18:15:00,200,4,776.0,2024-07-25,2025-08-19
Arsac,33012,33,2022-08-08 04:06:00,54000,3,730.0,2023-01-19,2026-02-26
Arue,40014,40,2022-07-14 21:33:00,5800,2,13250.0,2023-02-21,2025-10-16
Arx,40015,40,2022-10-07 18:31:00,20,1,90.0,2022-11-25,2022-11-25
Arzano,29002,29,2022-08-05 15:14:00,40,3,248.0,2023-07-13,2024-11-20
Arzens,11018,11,2022-06-14 12:59:00,11470,6,957.9,2024-04-18,2026-01-23
Arzon,56005,56,2022-03-26 13:51:00,5000,1,69.0,2024-04-17,2024-04-17
Arès,33011,33,2022-08-01 05:00:00,30000,2,409.0,2024-01-30,2024-09-06
Arès,33011,33,2022-09-18 13:39:00,1158000,2,409.0,2024-01-30,2024-09-06
Assais-les-Jumeaux,79016,79,2022-07-10 12:45:00,129000,12,2405.12,2022-08-22,2026-05-05
Assieu,38017,38,2022-08-13 15:31:00,500,1,100.0,2023-10-18,2023-10-18
Assigny,18014,18,2022-07-10 14:58:00,40010,2,286.0,2023-05-15,2025-05-02
Assérac,44006,44,2022-07-25 22:14:00,600,1,250.0,2025-12-24,2025-12-24
Athis-Val de Rouvre,61007,61,2022-07-11 16:03:02,3000,3,840.0,2023-05-16,2025-12-11
Athis-Val de Rouvre,61007,61,2022-07-27 19:14:49,10000,3,840.0,2023-05-16,2025-12-11
Aubagne,13005,13,2022-01-26 16:21:00,20,16,2066.9,2022-03-22,2026-04-01
Aubagne,13005,13,2022-01-30 11:48:00,50,16,2066.9,2022-03-22,2026-04-01
Aubagne,13005,13,2022-02-01 17:41:00,20,16,2066.9,2022-03-22,2026-04-01
Aubagne,13005,13,2022-03-26 15:12:00,120000,15,1994.9,2022-12-05,2026-04-01
Aubagne,13005,13,2022-04-06 12:37:00,10,15,1994.9,2022-12-05,2026-04-01
Aubagne,13005,13,2022-07-12 12:17:00,60,15,1994.9,2022-12-05,2026-04-01
Aubagne,13005,13,2022-07-15 16:52:00,4000,15,1994.9,2022-12-05,2026-04-01
Aubagne,13005,13,2022-07-30 06:05:00,5,15,1994.9,2022-12-05,2026-04-01
Aubagne,13005,13,2022-08-06 19:36:00,150,15,1994.9,2022-12-05,2026-04-01
Aubagne,13005,13,2022-08-17 06:29:00,2,15,1994.9,2022-12-05,2026-04-01
Aubagne,13005,13,2022-11-01 15:09:00,350,15,1994.9,2022-12-05,2026-04-01
Aube,61008,61,2022-07-25 16:33:05,35000,1,70.0,2023-10-23,2023-10-23
Aubessagne,05039,05,2022-03-24 14:38:00,1100,2,189.0,2023-09-12,2023-10-03
Aubessagne,05039,05,2022-06-23 21:06:00,3,2,189.0,2023-09-12,2023-10-03
Aubessagne,05039,05,2022-07-19 16:06:00,45,2,189.0,2023-09-12,2023-10-03
Aubigné-Racan,72013,72,2022-07-12 15:47:00,80,2,31000.0,2023-11-09,2023-11-21
Aubigné-Racan,72013,72,2022-07-19 13:48:00,5000,2,31000.0,2023-11-09,2023-11-21
Audenge,33019,33,2022-06-18 21:33:00,2500,4,16095.0,2022-11-15,2026-02-10
Augan,56006,56,2022-10-23 15:36:00,30,10,1824.0,2024-08-08,2026-04-15
Aunou-sur-Orne,61015,61,2022-07-21 16:39:09,500,2,425.0,2025-08-12,2025-08-12
Auray,56007,56,2022-02-19 14:45:00,1,2,184.75,2023-07-12,2023-12-21
Aurec-sur-Loire,43012,43,2022-03-25 11:36:00,5400,6,680.0,2024-10-15,2026-03-26
Aurillac,15014,15,2022-03-25 21:06:00,40,21,3633.0,2022-10-31,2026-04-02
Auxerre,89024,89,2022-05-31 17:12:00,500,8,9629.0,2024-02-12,2026-03-30
Avallon,89025,89,2022-07-15 13:34:00,20000,3,447.0,2024-03-21,2025-09-23
Avançon,05011,05,2022-08-12 14:20:00,5900,10,1378.0,2022-10-05,2026-01-14
Avignon,84007,84,2022-06-29 16:31:00,1500,40,11042.16,2022-08-03,2026-03-24
Avranches,50025,50,2022-04-29 16:30:00,10000,1,99.9,2022-07-08,2022-07-08
Azérat,43017,43,2022-09-14 14:10:00,200,1,115.0,2025-03-18,2025-03-18
Bagnac-sur-Célé,46015,46,2022-08-10 18:34:00,50000,22,3724.04,2022-09-26,2026-05-22
Bagnoles,11025,11,2022-08-10 17:56:00,23841,2,3266.0,2023-09-12,2024-04-25
Baho,66012,66,2022-02-23 17:24:00,10000,4,4586.0,2023-01-26,2024-11-27
Baignes-Sainte-Radegonde,16025,16,2022-09-03 21:24:00,20000,2,418.0,2025-01-30,2025-04-15
Baixas,66014,66,2022-06-12 14:03:00,293800,1,90.0,2022-08-29,2022-08-29
Baixas,66014,66,2022-07-26 04:52:00,15000,1,90.0,2022-08-29,2022-08-29
Baixas,66014,66,2022-08-02 05:18:00,30000,1,90.0,2022-08-29,2022-08-29
Ban-de-Laveline,88032,88,2022-08-09 13:55:00,300,2,485.0,2024-01-25,2025-09-17
Banassac-Canilhac,48017,48,2022-03-06 15:37:00,20000,2,353.0,2025-02-19,2026-05-06
Bannalec,29004,29,2022-07-18 16:18:00,5000,7,1089.82,2023-12-14,2026-05-27
Banne,07024,07,2022-04-16 11:16:00,7000,1,264.0,2024-11-20,2024-11-20
Banne,07024,07,2022-06-13 15:10:00,2000,1,264.0,2024-11-20,2024-11-20
Banon,04018,04,2022-04-18 12:01:00,59700,5,727.0,2022-11-24,2024-06-13
Banon,04018,04,2022-07-02 16:22:00,15200,5,727.0,2022-11-24,2024-06-13
Banvou,61024,61,2022-07-19 14:01:54,100000,1,147.0,2025-11-19,2025-11-19
Banyuls-dels-Aspres,66015,66,2022-07-03 13:09:00,10000,2,2100.0,2025-04-15,2025-11-17
Barbentane,13010,13,2022-07-15 22:37:00,1000,4,789.6,2022-09-28,2026-02-20
Barcelonnette,04019,04,2022-03-26 14:22:00,350000,3,349.0,2023-01-26,2025-07-28
Barjols,83012,83,2022-01-31 14:18:00,1000,1,90.0,2025-04-28,2025-04-28
Barjols,83012,83,2022-07-02 17:18:00,12850,1,90.0,2025-04-28,2025-04-28
Barraux,38027,38,2022-07-06 15:38:00,1500,1,72.0,2024-11-04,2024-11-04
Barraux,38027,38,2022-07-16 14:50:00,40000,1,72.0,2024-11-04,2024-11-04
Barry-d'Islemade,82011,82,2022-05-27 14:57:00,500,1,99.8,2025-03-17,2025-03-17
Barville,61026,61,2022-08-10 14:58:17,160000,2,420.0,2025-11-17,2025-11-17
Basse-Pointe,97203,972,2022-07-12 17:00:00,6,7,519.96,2022-09-28,2025-12-01
Bastelica,2A031,2A,2022-01-27 10:08:00,720000,1,99.99,2025-11-06,2025-11-06
Bastelica,2A031,2A,2022-01-30 16:04:00,50000,1,99.99,2025-11-06,2025-11-06
Bastelica,2A031,2A,2022-03-12 13:36:00,825,1,99.99,2025-11-06,2025-11-06
Bastelica,2A031,2A,2022-03-25 11:28:00,143200,1,99.99,2025-11-06,2025-11-06
Bastelica,2A031,2A,2022-04-13 12:46:00,77000,1,99.99,2025-11-06,2025-11-06
Bastelica,2A031,2A,2022-04-17 17:41:00,500,1,99.99,2025-11-06,2025-11-06
Bastelica,2A031,2A,2022-08-11 15:23:00,1,1,99.99,2025-11-06,2025-11-06
Bastelica,2A031,2A,2022-08-11 15:25:00,10,1,99.99,2025-11-06,2025-11-06
Baud,56010,56,2022-07-20 18:15:00,2000,6,1668.0,2023-03-24,2026-03-19
Baugé-en-Anjou,49018,49,2022-05-21 18:15:00,50000,30,5548.0,2023-03-01,2026-03-27
Baugé-en-Anjou,49018,49,2022-07-24 12:29:00,430000,30,5548.0,2023-03-01,2026-03-27
Baugé-en-Anjou,49018,49,2022-08-08 13:03:00,14500000,30,5548.0,2023-03-01,2026-03-27
Bazas,33036,33,2022-08-13 16:20:00,4000,4,680.0,2023-05-11,2025-12-01
Bazas,33036,33,2022-09-09 19:46:00,120,4,680.0,2023-05-11,2025-12-01
Bazouges-la-Pérouse,35019,35,2022-08-11 17:12:00,180100,6,1103.0,2023-04-12,2026-04-17
Bazouges-la-Pérouse,35019,35,2022-08-15 09:33:00,10,6,1103.0,2023-04-12,2026-04-17
Beauchêne,41014,41,2022-08-12 19:01:00,250,1,89.0,2024-07-16,2024-07-16
Beauclair,55036,55,2022-08-28 16:56:00,1000,1,246.6,2025-12-16,2025-12-16
Beaucroissant,38030,38,2022-08-02 14:05:00,100,6,875.0,2024-10-01,2026-04-02
Beaulieu,38033,38,2022-08-11 14:00:00,20,4,669.0,2023-10-31,2026-03-17
Beaulieu,38033,38,2022-08-11 17:01:00,1000,4,669.0,2023-10-31,2026-03-17
Beaulieu,07028,07,2022-08-30 15:04:00,70000,1,220.0,2022-12-07,2022-12-07
Beaulieu,07028,07,2022-09-01 11:36:00,80000,1,220.0,2022-12-07,2022-12-07
Beaulieu-sur-Layon,49022,49,2022-08-09 15:49:00,2000000,1,400.0,2024-01-25,2024-01-25
Beaumes-de-Venise,84012,84,2022-01-05 09:38:00,5,2,250.0,2025-04-29,2025-09-19
Beaumont,74031,74,2022-07-30 16:36:00,20,1,120.0,2025-06-25,2025-06-25
Beaumont-Pied-de-Bœuf,72028,72,2022-07-18 21:48:00,10500,1,185.0,2025-08-19,2025-08-19
Beaumont-de-Pertuis,84014,84,2022-03-01 09:36:00,5,4,704.0,2023-10-19,2025-06-25
Beaumont-de-Pertuis,84014,84,2022-08-11 16:56:00,800,4,704.0,2023-10-19,2025-06-25
Beaune,21054,21,2022-08-20 22:06:00,3000,12,2539.7,2023-06-27,2026-04-28
Beaune,21054,21,2022-08-24 17:32:00,600,12,2539.7,2023-06-27,2026-04-28
Beaupréau-en-Mauges,49023,49,2022-07-08 17:39:00,200,56,11303.6,2022-07-27,2026-04-22
Beaupréau-en-Mauges,49023,49,2022-07-18 17:33:00,100000,56,11303.6,2022-07-27,2026-04-22
Beaupréau-en-Mauges,49023,49,2022-07-18 22:32:00,400,56,11303.6,2022-07-27,2026-04-22
Beauzac,43025,43,2022-06-19 14:21:00,15700,3,418.0,2024-02-05,2025-04-17
Belcaire,11028,11,2022-03-28 14:45:00,30000,5,596.7,2022-06-29,2023-07-18
Belfort,90010,90,2022-03-26 16:06:00,15000,2,340.0,2023-08-24,2025-04-24
Belfort-du-Quercy,46023,46,2022-09-04 16:39:00,1000,4,531.0,2023-12-05,2025-07-30
Belforêt-en-Perche,61196,61,2022-07-18 18:43:23,20000,3,589.0,2022-08-16,2025-06-30
Belforêt-en-Perche,61196,61,2022-08-05 18:01:09,40,3,589.0,2022-08-16,2025-06-30
Belforêt-en-Perche,61196,61,2022-08-11 19:13:00,5000,3,589.0,2022-08-16,2025-06-30
Belforêt-en-Perche,61196,61,2022-09-10 00:42:10,10,2,500.0,2024-07-01,2025-06-30
Belin-Béliet,33042,33,2022-11-13 16:26:00,5,1,66.0,2023-04-20,2023-04-20
Bellefontaine,88048,88,2022-03-25 18:56:00,70,1,136.0,2024-12-19,2024-12-19
Bellefontaine,39047,39,2022-03-26 12:39:00,1000,1,250.0,2024-09-07,2024-09-07
Bellegarde-Poussieu,38037,38,2022-05-29 09:49:00,200,2,499.0,2023-08-23,2024-05-29
Bellegarde-Poussieu,38037,38,2022-08-21 14:52:00,1000,2,499.0,2023-08-23,2024-05-29
Belz,56013,56,2022-06-10 08:29:00,10,1,99.9,2022-08-11,2022-08-11
Benquet,40037,40,2022-03-19 15:45:00,1000,15,11228.0,2022-05-24,2025-10-30
Berd'huis,61043,61,2022-03-23 22:02:09,5000,2,334.0,2023-10-23,2026-05-18
Berd'huis,61043,61,2022-07-27 11:24:10,10000,2,334.0,2023-10-23,2026-05-18
Berd'huis,61043,61,2022-07-29 21:26:49,200,2,334.0,2023-10-23,2026-05-18
Bernay,27056,27,2022-04-11 15:37:00,10000,4,453.64,2023-09-28,2026-01-27
Bernin,38039,38,2022-07-15 17:27:00,100,2,415.0,2025-11-13,2026-01-05
Berné,56014,56,2022-08-12 19:26:00,5000,3,530.0,2025-04-17,2025-12-04
Berrias-et-Casteljau,07031,07,2022-07-28 00:50:00,10005,2,270.0,2026-03-10,2026-04-22
Bessines-sur-Gartempe,87014,87,2022-04-05 19:31:19,20,7,17980.0,2023-01-10,2026-05-21
Bessèges,30037,30,2022-08-11 20:20:00,25,2,1330.0,2023-10-13,2024-01-12
Beuzec-Cap-Sizun,29008,29,2022-05-29 11:10:00,20,1,99.0,2025-07-02,2025-07-02
Beuzec-Cap-Sizun,29008,29,2022-06-14 19:54:00,30,1,99.0,2025-07-02,2025-07-02
Beyries,40041,40,2022-02-27 15:43:00,2200,1,250.0,2024-12-11,2024-12-11
Beyries,40041,40,2022-08-13 20:58:00,120,1,250.0,2024-12-11,2024-12-11
Bidache,64123,64,2022-08-19 19:39:59,50,8,1307.6,2022-08-31,2025-12-29
Biganos,33051,33,2022-07-15 15:51:00,1500,2,224.0,2025-01-31,2025-02-05
Biganos,33051,33,2022-12-31 16:41:00,8,2,224.0,2025-01-31,2025-02-05
Billy,41016,41,2022-03-15 19:59:00,10,4,8772.0,2022-09-14,2024-05-24
Biot,06018,06,2022-08-04 14:41:00,2500,5,1280.0,2022-12-15,2025-12-02
Biot,06018,06,2022-08-06 11:08:00,200,5,1280.0,2022-12-15,2025-12-02
Biscarrosse,40046,40,2022-07-11 18:33:00,5250,3,490.4,2022-09-23,2025-05-19
Blanquefort,33056,33,2022-08-13 10:26:00,50,13,16109.0,2022-11-30,2026-05-05
Bligny,10048,10,2022-07-29 11:53:00,5000,2,188.0,2023-06-06,2025-10-02
Blois,41018,41,2022-03-09 09:51:00,30,10,2991.0,2023-04-27,2026-01-21
Blois,41018,41,2022-03-09 13:59:00,20,10,2991.0,2023-04-27,2026-01-21
Blois,41018,41,2022-03-13 07:41:00,80,10,2991.0,2023-04-27,2026-01-21
Blois,41018,41,2022-08-09 18:13:00,30000,10,2991.0,2023-04-27,2026-01-21
Blois,41018,41,2022-08-13 11:13:00,30000,10,2991.0,2023-04-27,2026-01-21
Bodilis,29010,29,2022-07-17 16:17:00,300,2,463.0,2025-07-22,2026-03-03
Bogny-sur-Meuse,08081,08,2022-04-19 15:04:00,4000,1,97.0,2024-10-29,2024-10-29
Bogny-sur-Meuse,08081,08,2022-06-14 14:45:00,20,1,97.0,2024-10-29,2024-10-29
Bogny-sur-Meuse,08081,08,2022-07-19 18:33:00,100,1,97.0,2024-10-29,2024-10-29
Bogny-sur-Meuse,08081,08,2022-08-02 18:59:00,1000,1,97.0,2024-10-29,2024-10-29
Bogny-sur-Meuse,08081,08,2022-08-02 21:02:00,400,1,97.0,2024-10-29,2024-10-29
Bogny-sur-Meuse,08081,08,2022-08-29 14:05:00,500,1,97.0,2024-10-29,2024-10-29
Bogny-sur-Meuse,08081,08,2022-08-31 13:24:00,2,1,97.0,2024-10-29,2024-10-29
Bois-Anzeray,27068,27,2022-07-17 18:38:00,100,2,300.3,2024-05-27,2024-05-27
Bois-Anzeray,27068,27,2022-08-01 18:03:00,10000,2,300.3,2024-05-27,2024-05-27
Boischampré,61375,61,2022-07-12 11:18:16,400000,4,1000.0,2024-09-18,2025-07-17
Boischampré,61375,61,2022-07-12 15:11:54,200,4,1000.0,2024-09-18,2025-07-17
Boischampré,61375,61,2022-07-25 15:03:17,2000,4,1000.0,2024-09-18,2025-07-17
Boisset-Saint-Priest,42021,42,2022-06-17 13:28:00,200000,1,100.0,2026-02-12,2026-02-12
Boisset-Saint-Priest,42021,42,2022-06-19 11:00:00,25000,1,100.0,2026-02-12,2026-02-12
Bollène,84019,84,2022-07-15 14:07:00,900,7,5073.0,2024-03-18,2025-07-07
Bolquère,66020,66,2022-01-31 00:59:00,900,1,100.0,2024-10-15,2024-10-15
Bondoufle,91086,91,2022-07-02 17:06:00,200,2,650.0,2025-04-24,2025-09-15
Bonifacio,2A041,2A,2022-01-13 13:15:00,100,5,499.56,2022-04-26,2023-09-28
Bonifacio,2A041,2A,2022-07-07 16:48:00,50,4,399.74,2022-08-03,2023-09-28
Bonifacio,2A041,2A,2022-07-15 16:55:00,1,4,399.74,2022-08-03,2023-09-28
Bonifacio,2A041,2A,2022-07-23 20:48:00,4,4,399.74,2022-08-03,2023-09-28
Bonifacio,2A041,2A,2022-07-27 10:00:00,300,4,399.74,2022-08-03,2023-09-28
Bonifacio,2A041,2A,2022-08-09 11:45:00,40,3,299.9,2022-11-08,2023-09-28
Bonifacio,2A041,2A,2022-11-13 10:30:00,1,2,200.0,2023-08-03,2023-09-28
Bonneuil-Matours,86032,86,2022-07-13 10:52:21,2500,1,353.33,2025-05-27,2025-05-27
Bons-en-Chablais,74043,74,2022-03-28 17:21:00,7000,2,256.0,2025-08-27,2026-03-16
Boresse-et-Martron,17054,17,2022-05-05 14:11:00,7000,1,220.0,2026-02-05,2026-02-05
Bormes-les-Mimosas,83019,83,2022-06-09 19:46:00,200,1,110.0,2025-11-07,2025-11-07
Bosrobert,27095,27,2022-08-08 02:00:00,35000,2,160.0,2024-06-07,2024-06-19
Bouc-Bel-Air,13015,13,2022-05-21 06:55:00,30,3,720.0,2024-04-09,2025-08-12
Bouc-Bel-Air,13015,13,2022-07-05 16:36:00,300,3,720.0,2024-04-09,2025-08-12
Bouc-Bel-Air,13015,13,2022-07-22 07:22:00,20,3,720.0,2024-04-09,2025-08-12
Bougue,40051,40,2022-08-15 15:15:00,10690,1,99.0,2023-05-04,2023-05-04
Boulazac Isle Manoire,24053,24,2022-08-03 16:26:00,4000,14,2182.0,2023-04-12,2025-12-19
Bouloire,72042,72,2022-04-20 17:52:00,30,3,444.28,2022-11-25,2026-03-19
Bourg-Saint-Bernard,31082,31,2022-07-16 17:30:00,50000,2,192.7,2023-03-14,2025-07-08
Bourg-des-Comptes,35033,35,2022-05-10 15:07:00,100,3,442.0,2023-07-17,2023-08-22
Bourideys,33068,33,2022-05-19 17:29:00,5000,1,250.0,2025-01-09,2025-01-09
Bourlens,47036,47,2022-09-11 19:37:15,500,6,875.0,2023-05-10,2025-08-26
Bourriot-Bergonce,40053,40,2022-03-26 15:00:00,60000,7,686.0,2022-08-03,2025-06-10
Boussès,47039,47,2022-07-19 21:00:52,228000,2,34000.0,2025-07-03,2025-07-10
Boussès,47039,47,2022-07-29 16:01:32,100,2,34000.0,2025-07-03,2025-07-10
Boussès,47039,47,2022-07-31 18:50:45,250,2,34000.0,2025-07-03,2025-07-10
Bouzy-la-Forêt,45049,45,2022-08-11 15:52:00,400000,6,1176.2,2023-12-12,2025-09-18
Brach,33070,33,2022-08-25 16:28:00,200,2,500.0,2025-06-24,2026-05-05
Bragny-sur-Saône,71054,71,2022-07-28 20:17:00,3,3,550.0,2026-02-27,2026-04-09
Brandivy,56022,56,2022-07-22 18:14:00,20,2,350.0,2024-04-02,2024-07-08
Bras-d'Asse,04031,04,2022-07-20 10:33:00,7700,3,472.0,2023-02-06,2025-12-18
Brasparts,29016,29,2022-07-19 15:22:00,40000,3,573.0,2025-03-11,2025-08-26
Brasparts,29016,29,2022-07-24 23:28:00,19170000,3,573.0,2025-03-11,2025-08-26
Brens,81038,81,2022-07-20 20:39:00,600,5,825.0,2024-12-11,2026-05-12
Bressuire,79049,79,2022-07-18 16:26:00,848000,67,14195.25,2022-07-19,2026-04-21
Brest,29019,29,2022-05-13 15:20:00,1000,13,2349.0,2022-05-18,2026-03-26
Breteuil,27112,27,2022-07-10 10:02:00,100,3,480.0,2024-04-16,2025-04-11
Bretoncelles,61061,61,2022-07-27 13:59:01,150000,2,158.0,2022-08-02,2022-08-02
Breuvannes-en-Bassigny,52074,52,2022-07-09 15:10:00,2100,5,693.0,2023-10-26,2025-07-31
Briançon,05023,05,2022-07-30 18:30:00,2835,3,452.5,2024-03-14,2025-09-29
Brignoles,83023,83,2022-08-26 17:03:00,20,13,2076.3,2023-01-17,2026-03-23
Brigueil-le-Chantre,86037,86,2022-06-14 18:27:34,39300,9,1783.66,2025-12-03,2026-05-11
Briouze,61063,61,2022-07-08 16:00:01,100,1,63.0,2025-07-09,2025-07-09
Briscous,64147,64,2022-10-29 22:14:03,50,2,235.0,2024-08-06,2025-01-30
Brissac,34042,34,2022-07-24 14:30:00,1529,1,104.6,2023-12-07,2023-12-07
Brocas,40056,40,2022-08-30 16:44:00,3000,2,197.0,2022-09-20,2024-01-11
Broglie,27117,27,2022-08-03 16:49:00,130500,3,633.0,2026-01-28,2026-01-28
Broquiès,12037,12,2022-09-22 15:57:00,60000,7,1080.0,2022-12-13,2026-04-13
Bruay-sur-l'Escaut,59112,59,2022-05-17 18:06:00,1000,1,72.0,2025-02-17,2025-02-17
Brugairolles,11053,11,2022-09-21 14:23:00,50759,1,80.0,2024-12-11,2024-12-11
Bruges,33075,33,2022-06-18 17:32:00,200,7,1039.25,2022-11-09,2026-03-11
Bréziers,05022,05,2022-02-07 12:21:00,9600,5,673.9,2023-05-24,2024-11-07
Budos,33076,33,2022-03-24 15:33:00,40000,1,80.0,2024-12-16,2024-12-16
Budos,33076,33,2022-08-25 13:39:00,20000,1,80.0,2024-12-16,2024-12-16
Budos,33076,33,2022-08-30 16:51:00,500,1,80.0,2024-12-16,2024-12-16
Bures,61067,61,2022-07-19 00:48:31,50000,1,250.0,2025-12-09,2025-12-09
Bures,61067,61,2022-07-24 21:56:11,400000,1,250.0,2025-12-09,2025-12-09
Bures,61067,61,2022-07-26 14:35:21,3000,1,250.0,2025-12-09,2025-12-09
Bussière-Galant,87027,87,2022-08-12 13:44:34,50000,2,352.0,2024-09-25,2024-09-25
Buzet-sur-Baïse,47043,47,2022-04-16 17:51:44,10,5,618.0,2022-08-22,2026-04-09
Bélus,40034,40,2022-08-08 17:36:00,8720,2,470.0,2024-07-15,2024-10-23
Bévenais,38042,38,2022-08-02 14:20:00,7000,1,98.0,2025-02-04,2025-02-04
Cabasse,83026,83,2022-02-12 11:17:00,200,1,100.0,2025-10-08,2025-10-08
Cabriès,13019,13,2022-02-15 16:49:00,5,2,270.2,2024-05-21,2025-06-11
Cabriès,13019,13,2022-06-09 14:56:00,20,2,270.2,2024-05-21,2025-06-11
Cabriès,13019,13,2022-06-10 19:17:00,300,2,270.2,2024-05-21,2025-06-11
Cabriès,13019,13,2022-06-13 13:35:00,300,2,270.2,2024-05-21,2025-06-11
Cabriès,13019,13,2022-06-26 02:11:00,2000,2,270.2,2024-05-21,2025-06-11
Cabriès,13019,13,2022-07-08 02:26:00,3000,2,270.2,2024-05-21,2025-06-11
Cabriès,13019,13,2022-07-15 03:08:00,400,2,270.2,2024-05-21,2025-06-11
Cabriès,13019,13,2022-07-31 21:36:00,100,2,270.2,2024-05-21,2025-06-11
Cabriès,13019,13,2022-08-02 16:15:00,50000,2,270.2,2024-05-21,2025-06-11
Cabriès,13019,13,2022-08-21 23:37:00,200,2,270.2,2024-05-21,2025-06-11
Cabriès,13019,13,2022-08-24 20:13:00,2,2,270.2,2024-05-21,2025-06-11
Cadalen,81046,81,2022-07-19 19:00:00,300,7,1026.0,2022-10-17,2026-05-06
Cadenet,84026,84,2022-04-22 17:40:00,800,4,552.0,2023-02-13,2024-12-16
Cadenet,84026,84,2022-06-29 16:49:00,700,4,552.0,2023-02-13,2024-12-16
Cadenet,84026,84,2022-07-10 01:36:00,5900,4,552.0,2023-02-13,2024-12-16
Caderousse,84027,84,2022-05-22 12:58:00,150,1,800.0,2025-07-02,2025-07-02
Cahors,46042,46,2022-06-18 11:38:00,2000,8,999.6,2022-07-08,2025-08-27
Cahors,46042,46,2022-07-13 22:57:00,200,7,954.6,2023-02-22,2025-08-27
Cahors,46042,46,2022-11-12 13:30:00,10000,7,954.6,2023-02-22,2025-08-27
Cairanne,84028,84,2022-07-07 20:01:00,9700,1,140.0,2025-06-26,2025-06-26
Cajarc,46045,46,2022-08-06 22:06:00,300,6,561.0,2023-02-21,2026-01-09
Cajarc,46045,46,2022-08-30 17:24:00,8000,6,561.0,2023-02-21,2026-01-09
Calcatoggio,2A048,2A,2022-02-23 14:49:00,1000,1,99.76,2024-10-24,2024-10-24
Calcatoggio,2A048,2A,2022-03-03 11:52:00,20,1,99.76,2024-10-24,2024-10-24
Calcatoggio,2A048,2A,2022-03-19 13:30:00,30,1,99.76,2024-10-24,2024-10-24
Calcatoggio,2A048,2A,2022-04-09 17:06:00,40,1,99.76,2024-10-24,2024-10-24
Calcatoggio,2A048,2A,2022-08-10 04:21:00,1500,1,99.76,2024-10-24,2024-10-24
Calcatoggio,2A048,2A,2022-11-08 15:30:00,17000,1,99.76,2024-10-24,2024-10-24
Calcatoggio,2A048,2A,2022-12-31 17:00:00,50,1,99.76,2024-10-24,2024-10-24
Calce,66030,66,2022-02-13 13:33:00,1500,2,165.0,2025-10-16,2025-10-23
Calce,66030,66,2022-07-30 16:08:00,1322000,2,165.0,2025-10-16,2025-10-23
Calce,66030,66,2022-07-31 16:20:00,353000,2,165.0,2025-10-16,2025-10-23
Calce,66030,66,2022-08-28 19:23:00,20,2,165.0,2025-10-16,2025-10-23
Calce,66030,66,2022-12-01 14:59:00,4000,2,165.0,2025-10-16,2025-10-23
Calenzana,2B049,2B,2022-06-13 10:49:00,20000,1,99.99,2023-12-23,2023-12-23
Calenzana,2B049,2B,2022-07-19 15:25:00,24000,1,99.99,2023-12-23,2023-12-23
Calenzana,2B049,2B,2022-10-24 12:25:00,200,1,99.99,2023-12-23,2023-12-23
Callen,40060,40,2022-09-02 04:02:00,5760,1,99.0,2024-06-11,2024-06-11
Calvignac,46049,46,2022-06-21 17:36:00,10000,1,249.0,2024-04-18,2024-04-18
Calvignac,46049,46,2022-06-21 17:52:00,10000,1,249.0,2024-04-18,2024-04-18
Calvignac,46049,46,2022-06-21 18:59:00,60000,1,249.0,2024-04-18,2024-04-18
Campagnac-lès-Quercy,24075,24,2022-10-29 12:11:00,20000,1,250.0,2023-02-22,2023-02-22
Campsas,82027,82,2022-09-01 18:20:00,1000,5,942.0,2023-07-07,2025-05-27
Campénéac,56032,56,2022-06-18 15:14:00,120000,9,1735.0,2023-05-11,2026-05-19
Campénéac,56032,56,2022-06-18 22:53:00,2,9,1735.0,2023-05-11,2026-05-19
Campénéac,56032,56,2022-08-12 01:12:00,4970000,9,1735.0,2023-05-11,2026-05-19
Canet,34051,34,2022-07-07 18:23:00,327,2,220.0,2026-05-06,2026-05-21
Canet,11067,11,2022-09-02 11:49:00,2750,2,2884.0,2023-11-16,2025-08-26
Canet,11067,11,2022-09-18 19:15:00,100,2,2884.0,2023-11-16,2025-08-26
Canet,11067,11,2022-11-23 16:48:00,100,2,2884.0,2023-11-16,2025-08-26
Cannes,06029,06,2022-01-27 15:03:00,10,6,682.0,2022-08-22,2025-09-26
Cannes,06029,06,2022-04-16 19:35:00,60,6,682.0,2022-08-22,2025-09-26
Capavenir Vosges,88465,88,2022-05-10 14:42:00,300,7,746.6,2024-03-19,2026-05-15
Capavenir Vosges,88465,88,2022-07-23 14:37:00,100,7,746.6,2024-03-19,2026-05-15
Capavenir Vosges,88465,88,2022-07-29 15:11:00,200,7,746.6,2024-03-19,2026-05-15
Capavenir Vosges,88465,88,2022-08-13 12:29:00,200,7,746.6,2024-03-19,2026-05-15
Capbreton,40065,40,2022-03-04 09:17:00,4,1,470.0,2025-10-15,2025-10-15
Capdenac,46055,46,2022-09-12 14:08:00,530000,1,99.0,2025-02-11,2025-02-11
Capendu,11068,11,2022-07-28 13:54:00,440323,5,758.4,2022-09-02,2026-02-19
Captieux,33095,33,2022-05-21 11:28:00,5000,3,640.0,2025-05-23,2026-01-16
Captieux,33095,33,2022-06-07 16:12:00,136000,3,640.0,2025-05-23,2026-01-16
Captieux,33095,33,2022-06-11 12:34:00,150,3,640.0,2025-05-23,2026-01-16
Captieux,33095,33,2022-09-22 15:52:00,20000,3,640.0,2025-05-23,2026-01-16
Carcarès-Sainte-Croix,40066,40,2022-08-14 18:51:00,5000,1,7740.0,2023-11-02,2023-11-02
Carcassonne,11069,11,2022-06-24 03:06:00,10,32,7941.48,2022-09-27,2026-05-26
Carcassonne,11069,11,2022-06-24 06:24:00,1,32,7941.48,2022-09-27,2026-05-26
Carcassonne,11069,11,2022-07-06 00:08:00,300,32,7941.48,2022-09-27,2026-05-26
Carcassonne,11069,11,2022-07-15 17:03:00,1047,32,7941.48,2022-09-27,2026-05-26
Carcès,83032,83,2022-10-03 12:22:00,175,1,99.0,2023-05-03,2023-05-03
Cardaillac,46057,46,2022-07-30 17:02:00,20000,1,110.0,2025-09-15,2025-09-15
Cardet,30068,30,2022-02-08 16:40:00,500,1,99.8,2024-12-23,2024-12-23
Cargèse,2A065,2A,2022-01-20 10:55:00,30,1,99.0,2022-05-05,2022-05-05
Carnac,56034,56,2022-03-07 20:16:00,1,2,374.0,2024-04-29,2025-04-24
Carnac,56034,56,2022-07-12 20:47:00,100,2,374.0,2024-04-29,2025-04-24
Carnac,56034,56,2022-09-25 17:24:00,30,2,374.0,2024-04-29,2025-04-24
Carpentras,84031,84,2022-06-12 15:44:00,1000,24,4702.76,2023-02-21,2026-05-12
Carros,06033,06,2022-01-23 13:52:00,1000,2,200.0,2023-07-11,2025-09-02
Carros,06033,06,2022-01-26 12:44:00,1600,2,200.0,2023-07-11,2025-09-02
Casamaccioli,2B073,2B,2022-03-26 18:23:00,500,1,84.15,2023-09-13,2023-09-13
Cascastel-des-Corbières,11071,11,2022-02-27 16:54:00,500,1,100.0,2025-12-11,2025-12-11
Case-Pilote,97205,972,2022-05-23 12:14:00,20,1,91.14,2025-01-17,2025-01-17
Castagnac,31111,31,2022-05-27 12:36:00,2000,2,360.0,2025-07-01,2025-08-19
Casteide-Candau,64172,64,2022-07-28 14:07:36,8000,1,220.0,2022-08-10,2022-08-10
Castellane,04039,04,2022-02-10 15:42:00,289400,2,198.45,2022-05-17,2024-10-30
Castellane,04039,04,2022-08-14 18:50:00,25,1,99.0,2024-10-30,2024-10-30
Castellane,04039,04,2022-08-28 11:33:00,5,1,99.0,2024-10-30,2024-10-30
Castelnau-de-Lévis,81063,81,2022-06-13 18:07:00,30000,4,642.8,2023-01-11,2025-11-12
Castelnau-de-Médoc,33104,33,2022-07-16 18:55:00,5000,1,260.0,2023-05-09,2023-05-09
Castelnou,66044,66,2022-04-04 17:09:00,600,2,375.0,2025-08-12,2025-08-12
Castets,40075,40,2022-08-09 16:36:00,60000,5,849.0,2024-02-02,2026-02-09
Castifao,2B080,2B,2022-03-26 15:48:00,80,1,99.0,2024-10-23,2024-10-23
Castifao,2B080,2B,2022-04-18 12:23:00,10000,1,99.0,2024-10-23,2024-10-23
Castres-Gironde,33109,33,2022-05-21 17:11:00,60,1,3300.0,2025-02-11,2025-02-11
Castres-Gironde,33109,33,2022-07-11 15:53:00,20000,1,3300.0,2025-02-11,2025-02-11
Castries,34058,34,2022-07-16 19:31:00,6219,2,340.2,2024-10-17,2026-03-19
Caucalières,81066,81,2022-09-21 11:35:00,1000,1,125.0,2025-05-26,2025-05-26
Cazes-Mondenard,82042,82,2022-03-24 15:10:00,10000,12,1676.9,2022-12-22,2026-02-02
Ceaucé,61075,61,2022-08-09 17:13:35,20,8,1600.2,2025-07-16,2026-04-02
Ceaucé,61075,61,2022-08-09 17:24:14,100,8,1600.2,2025-07-16,2026-04-02
Cercottes,45062,45,2022-07-14 13:18:00,20000,2,345.0,2023-02-06,2025-09-25
Cercoux,17077,17,2022-07-03 17:08:00,1500,4,371.0,2022-08-30,2025-06-20
Cercoux,17077,17,2022-07-20 16:18:00,5,4,371.0,2022-08-30,2025-06-20
Cercoux,17077,17,2022-08-06 19:10:00,1000,4,371.0,2022-08-30,2025-06-20
Cercoux,17077,17,2022-08-31 15:12:00,30000,3,287.0,2024-11-06,2025-06-20
Cerisy-Belle-Étoile,61078,61,2022-07-12 12:47:13,10000,1,250.0,2026-03-26,2026-03-26
Cerisy-Belle-Étoile,61078,61,2022-08-11 08:48:47,150,1,250.0,2026-03-26,2026-03-26
Cernans,39084,39,2022-03-03 20:20:00,400,1,250.0,2025-12-04,2025-12-04
Cestas,33122,33,2022-07-08 14:44:00,75,22,6090.0,2022-10-12,2026-03-19
Cestas,33122,33,2022-08-13 23:23:00,1000,22,6090.0,2022-10-12,2026-03-19
Chablis,89068,89,2022-05-30 10:27:00,10,4,523.0,2024-12-04,2026-01-07
Chadurie,16072,16,2022-03-20 11:48:00,15000,1,99.0,2025-03-11,2025-03-11
Chailland,53048,53,2022-06-12 17:25:00,30,1,99.0,2026-05-07,2026-05-07
Chailles,41032,41,2022-04-03 13:28:00,30,1,100.0,2025-11-12,2025-11-12
Chailloué,61081,61,2022-07-11 15:44:52,100000,1,250.0,2026-03-03,2026-03-03
Challans,85047,85,2022-08-15 16:13:00,20000,11,1636.0,2023-12-15,2025-09-23
Chalon-sur-Saône,71076,71,2022-06-10 14:05:00,5,6,1154.0,2022-07-21,2025-04-23
Chamagnieu,38067,38,2022-07-11 15:18:00,90,1,98.4,2024-12-20,2024-12-20
Chamalières-sur-Loire,43049,43,2022-02-19 14:30:00,11500,2,440.0,2025-03-12,2025-03-12
Chambles,42042,42,2022-06-11 12:58:00,2400,1,89.0,2022-06-23,2022-06-23
Chambon-sur-Lac,63077,63,2022-03-29 18:36:00,10000,4,556.6,2025-01-17,2026-03-26
Chambourg-sur-Indre,37049,37,2022-06-17 14:35:00,1000,2,419.0,2024-10-23,2026-04-16
Chamonix-Mont-Blanc,74056,74,2022-08-12 18:35:00,2,1,220.0,2024-12-05,2024-12-05
Champagnole,39097,39,2022-05-31 11:45:00,50,8,1511.0,2023-02-27,2026-05-18
Champagnole,39097,39,2022-07-27 09:26:00,500,8,1511.0,2023-02-27,2026-05-18
Champagnole,39097,39,2022-09-22 18:02:00,50,8,1511.0,2023-02-27,2026-05-18
Champsecret,61091,61,2022-07-15 16:00:14,10000,2,179.0,2024-02-16,2025-05-19
Champsecret,61091,61,2022-07-29 20:07:44,1000,2,179.0,2024-02-16,2025-05-19
Chandai,61092,61,2022-08-07 13:15:03,205000,1,96.0,2024-08-13,2024-08-13
Chandai,61092,61,2022-08-08 10:39:45,700,1,96.0,2024-08-13,2024-08-13
Changé,72058,72,2022-05-19 18:17:00,100,1,55.0,2026-05-04,2026-05-04
Changé,72058,72,2022-08-03 14:40:00,500,1,55.0,2026-05-04,2026-05-04
Chanteuges,43056,43,2022-06-11 14:10:00,100,2,467.0,2023-10-12,2025-07-31
Chanu,61093,61,2022-07-28 06:24:22,10,1,110.0,2025-01-20,2025-01-20
Chapareillan,38075,38,2022-03-04 17:37:00,10000,2,160.0,2024-10-24,2025-07-21
Chapareillan,38075,38,2022-07-18 14:42:00,200,2,160.0,2024-10-24,2025-07-21
Charavines,38082,38,2022-08-10 14:53:00,10000,1,82.8,2022-12-05,2022-12-05
Chardonnay,71100,71,2022-08-10 05:13:00,6000,1,40.0,2024-12-06,2024-12-06
Charencey,61429,61,2022-07-25 18:26:12,2500,4,635.0,2023-06-26,2026-03-24
Charencey,61429,61,2022-07-26 14:51:10,100000,4,635.0,2023-06-26,2026-03-24
Charencey,61429,61,2022-07-26 19:21:45,4000,4,635.0,2023-06-26,2026-03-24
Charleval,13024,13,2022-06-30 06:20:00,2500,8,1346.0,2023-10-12,2026-03-02
Charnay-lès-Mâcon,71105,71,2022-03-26 17:27:00,2,7,660.0,2022-12-16,2026-05-06
Chasse-sur-Rhône,38087,38,2022-10-10 15:23:00,150,2,155.0,2025-02-07,2025-03-06
Chastel,43065,43,2022-08-12 21:33:00,12260,4,949.8,2024-03-05,2026-03-18
Chaudes-Aigues,15045,15,2022-02-10 14:55:00,10000,5,954.28,2023-03-13,2025-11-18
Chaudes-Aigues,15045,15,2022-02-10 16:10:00,150000,5,954.28,2023-03-13,2025-11-18
Chaume-lès-Baigneux,21160,21,2022-08-11 23:59:00,50000,2,390.0,2024-10-17,2025-10-03
Chaumont,52121,52,2022-07-14 22:08:00,500,7,7714.1,2023-04-05,2026-02-19
Chaumont,52121,52,2022-08-02 15:59:00,15000,7,7714.1,2023-04-05,2026-02-19
Chaumont,52121,52,2022-08-04 11:25:00,300,7,7714.1,2023-04-05,2026-02-19
Chaumont-sur-Tharonne,41046,41,2022-06-11 10:44:00,1,1,66.0,2023-03-10,2023-03-10
Chaussin,39128,39,2022-02-18 00:12:00,8,3,447.75,2023-04-11,2026-04-16
Chaussin,39128,39,2022-07-29 14:57:00,300,3,447.75,2023-04-11,2026-04-16
Chauvigny,86070,86,2022-06-17 13:06:35,176000,12,4761.6,2023-10-16,2026-05-12
Chauvigny,86070,86,2022-06-18 16:57:34,10000,12,4761.6,2023-10-16,2026-05-12
Chaux,90023,90,2022-08-05 12:38:00,4000,2,130.0,2025-01-20,2025-01-20
Chavelot,88099,88,2022-07-04 17:58:00,200,2,250.6,2025-10-23,2026-02-09
Chemiré-le-Gaudin,72075,72,2022-03-29 18:58:00,200,2,400.0,2025-09-24,2025-09-24
Cherbourg-en-Cotentin,50129,50,2022-06-29 16:43:07,2,3,210.0,2024-04-19,2025-07-21
Chorges,05040,05,2022-03-26 17:37:00,4200,15,2176.8,2022-06-01,2026-01-08
Chouppes,86075,86,2022-08-03 16:27:36,800,3,501.42,2024-02-22,2026-04-23
Château-Chervix,87039,87,2022-03-24 13:57:41,8000,6,1052.0,2024-05-22,2026-04-09
Château-Chervix,87039,87,2022-03-26 17:20:59,5000,6,1052.0,2024-05-22,2026-04-09
Château-l'Évêque,24115,24,2022-09-12 16:43:00,15000,1,60.0,2025-01-23,2025-01-23
Châteauneuf-du-Faou,29027,29,2022-05-26 17:54:00,10,1,250.0,2023-04-20,2023-04-20
Châteauneuf-du-Rhône,26085,26,2022-06-10 12:46:00,40000,13,1615.0,2022-06-21,2026-05-06
Châteauneuf-le-Rouge,13025,13,2022-02-12 14:08:00,15,2,321.0,2023-03-10,2024-06-06
Châteauneuf-le-Rouge,13025,13,2022-09-08 18:05:00,100,2,321.0,2023-03-10,2024-06-06
Châteauneuf-le-Rouge,13025,13,2022-09-08 18:45:00,1000,2,321.0,2023-03-10,2024-06-06
Châteauneuf-les-Martigues,13026,13,2022-07-01 13:12:00,50,2,300.0,2025-12-03,2026-04-03
Châteauneuf-les-Martigues,13026,13,2022-07-01 21:28:00,100,2,300.0,2025-12-03,2026-04-03
Châteauneuf-les-Martigues,13026,13,2022-07-22 17:18:00,50,2,300.0,2025-12-03,2026-04-03
Châteauneuf-les-Martigues,13026,13,2022-07-27 20:48:00,5,2,300.0,2025-12-03,2026-04-03
Châteauneuf-sur-Loire,45082,45,2022-08-11 14:42:00,6000,5,1171.0,2023-11-17,2026-05-26
Châteauroux-les-Alpes,05036,05,2022-06-26 13:26:00,35000,9,1693.6,2023-04-25,2025-09-16
Châteauvillain,52114,52,2022-08-10 02:51:00,50,2,360.0,2026-05-19,2026-05-19
Châtillon-sur-Cher,41043,41,2022-04-28 18:47:00,400,7,4026.79,2024-01-10,2025-11-24
Châtonnay,38094,38,2022-08-01 11:50:00,1500,5,726.0,2023-07-10,2025-06-13
Châtonnay,38094,38,2022-08-01 17:34:00,1000,5,726.0,2023-07-10,2025-06-13
Chémery,41049,41,2022-03-21 14:01:00,30,3,342.0,2024-04-04,2026-03-25
Cieurac,46070,46,2022-06-03 16:16:00,1000,1,220.0,2024-11-19,2024-11-19
Cinq-Mars-la-Pile,37077,37,2022-08-09 22:42:00,200,1,199.8,2026-03-19,2026-03-19
Claira,66050,66,2022-06-29 17:11:00,10000,11,3098.0,2022-11-21,2025-10-30
Clelles,38113,38,2022-08-10 09:05:00,10,2,187.0,2023-09-22,2026-04-28
Clelles,38113,38,2022-08-14 07:51:00,10,2,187.0,2023-09-22,2026-04-28
Cleppé,42066,42,2022-08-05 15:57:00,20000,2,340.0,2024-10-08,2024-12-09
Clermont-l'Hérault,34079,34,2022-02-03 18:32:00,13496,8,1776.6,2023-07-18,2026-02-18
Clermont-l'Hérault,34079,34,2022-08-20 09:07:00,2519,8,1776.6,2023-07-18,2026-02-18
Clonas-sur-Varèze,38114,38,2022-06-10 18:52:00,200,3,510.0,2024-07-26,2024-07-26
Cléguérec,56041,56,2022-05-14 13:15:00,10,13,2107.0,2023-09-18,2026-05-06
Clérac,17110,17,2022-03-27 13:55:00,250000,2,440.0,2025-04-02,2025-04-02
Clérac,17110,17,2022-03-27 16:43:00,50300,2,440.0,2025-04-02,2025-04-02
Clérac,17110,17,2022-07-16 18:29:00,100000,2,440.0,2025-04-02,2025-04-02
Clérac,17110,17,2022-07-18 17:23:00,421700,2,440.0,2025-04-02,2025-04-02
Coarraze,64191,64,2022-09-11 20:17:58,500,4,637.0,2023-09-11,2026-03-18
Cognac-la-Forêt,87046,87,2022-03-07 17:23:22,5,3,845.0,2025-03-19,2026-05-12
Collat,43075,43,2022-08-02 00:00:00,17200,1,220.0,2025-05-13,2025-05-13
Colpo,56042,56,2022-06-02 18:05:00,80,5,924.0,2023-09-07,2026-04-22
Combas,30088,30,2022-03-29 20:49:00,1725,1,120.0,2026-01-05,2026-01-05
Comblot,61113,61,2022-08-08 15:11:22,10000,1,82.8,2022-12-08,2022-12-08
Combourg,35085,35,2022-07-25 13:56:00,40,13,2756.0,2022-10-21,2026-05-19
Comigne,11095,11,2022-08-29 12:07:00,285519,1,220.0,2025-03-06,2025-03-06
Commune nouvelle d'Arrou,28012,28,2022-07-19 12:05:00,20000,7,1081.6,2023-02-14,2025-07-07
Commune nouvelle d'Arrou,28012,28,2022-08-13 18:53:00,15000,7,1081.6,2023-02-14,2025-07-07
Comps-sur-Artuby,83044,83,2022-04-09 16:15:00,273000,3,512.0,2023-01-13,2026-05-11
Conan,41057,41,2022-08-09 18:32:00,5500,1,210.0,2024-07-10,2024-07-10
Condat-sur-Trincou,24129,24,2022-03-25 12:19:00,500,3,399.4,2023-07-03,2025-12-10
Condom,32107,32,2022-06-09 11:50:00,1,7,1022.0,2024-06-14,2025-06-02
Condéon,16105,16,2022-07-12 18:49:00,2100,3,437.9,2023-12-01,2025-02-25
Condéon,16105,16,2022-07-13 22:18:00,1300,3,437.9,2023-12-01,2025-02-25
Condéon,16105,16,2022-07-15 18:31:00,25000,3,437.9,2023-12-01,2025-02-25
Condéon,16105,16,2022-07-19 00:57:00,27500,3,437.9,2023-12-01,2025-02-25
Condéon,16105,16,2022-08-02 21:45:00,1400,3,437.9,2023-12-01,2025-02-25
Condéon,16105,16,2022-08-19 21:54:00,2700,3,437.9,2023-12-01,2025-02-25
Condéon,16105,16,2022-08-24 22:22:00,30700,3,437.9,2023-12-01,2025-02-25
Confort-Meilars,29145,29,2022-07-15 15:21:00,30,4,496.0,2023-07-03,2026-01-20
Conques-sur-Orbiel,11099,11,2022-08-11 00:56:00,3510,1,99.0,2025-08-20,2025-08-20
Coren,15055,15,2022-06-18 18:21:00,5000,7,1284.9,2022-10-25,2026-03-23
Corenc,38126,38,2022-07-07 11:25:00,50,1,200.0,2025-03-31,2025-03-31
Corenc,38126,38,2022-07-11 11:02:00,8000,1,200.0,2025-03-31,2025-03-31
Corneilla-la-Rivière,66058,66,2022-02-10 15:06:00,2000,2,187.8,2026-04-08,2026-05-07
Corneilla-la-Rivière,66058,66,2022-03-05 19:04:00,1000,2,187.8,2026-04-08,2026-05-07
Corneilla-la-Rivière,66058,66,2022-03-10 12:29:00,10000,2,187.8,2026-04-08,2026-05-07
Corte,2B096,2B,2022-07-13 13:53:00,30000,3,299.99,2022-12-13,2024-04-11
Corte,2B096,2B,2022-08-02 16:00:00,23000,3,299.99,2022-12-13,2024-04-11
Coteaux-du-Blanzacais,16046,16,2022-08-02 13:22:00,52000,4,687.0,2022-09-21,2026-05-27
Coteaux-du-Blanzacais,16046,16,2022-08-06 18:26:00,400,4,687.0,2022-09-21,2026-05-27
Coteaux-du-Blanzacais,16046,16,2022-08-30 19:39:00,3200,4,687.0,2022-09-21,2026-05-27
Cotignac,83046,83,2022-06-29 18:28:00,310,1,99.0,2024-06-21,2024-06-21
Coubon,43078,43,2022-06-19 07:25:00,19500,2,316.0,2024-10-03,2026-04-21
Couffé,44048,44,2022-08-03 12:18:00,400,5,5469.0,2023-12-12,2025-11-26
Courgeon,61129,61,2022-05-13 15:20:37,8000,1,175.0,2025-08-13,2025-08-13
Courtenay,38135,38,2022-09-18 16:51:00,50,4,5260.0,2025-07-01,2026-04-08
Coussay-les-Bois,86086,86,2022-07-18 19:42:21,51500,2,2365.0,2023-09-20,2024-03-28
Craincourt,57158,57,2022-08-09 15:42:00,430000,1,249.9,2022-11-28,2022-11-28
Creutzwald,57160,57,2022-08-13 19:08:00,20,2,236.16000000000003,2024-09-19,2025-04-24
Creys-Mépieu,38139,38,2022-07-16 16:03:00,20000,4,10349.0,2022-07-26,2024-02-15
Creyssensac-et-Pissot,24146,24,2022-08-27 11:53:00,5000,3,690.0,2025-05-19,2026-01-20
Cristinacce,2A100,2A,2022-02-03 12:11:00,500,1,100.0,2025-06-24,2025-06-24
Cristinacce,2A100,2A,2022-02-03 18:14:00,1,1,100.0,2025-06-24,2025-06-24
Crocq,23069,23,2022-03-25 13:06:00,500,4,516.0,2024-10-29,2026-03-11
Cronat,71155,71,2022-07-25 14:54:00,100,9,1739.1,2023-09-18,2026-04-08
Crotenay,39183,39,2022-03-22 15:22:00,20,1,125.0,2025-09-15,2025-09-15
Crots,05045,05,2022-03-27 07:35:00,300,4,347.9,2022-04-12,2024-08-01
Crots,05045,05,2022-03-27 14:25:00,8730,4,347.9,2022-04-12,2024-08-01
Crots,05045,05,2022-06-16 21:05:00,800,3,253.9,2022-10-11,2024-08-01
Crozon,29042,29,2022-07-06 15:38:00,11000,4,1034.0,2022-12-19,2026-05-12
Crozon,29042,29,2022-07-12 14:07:00,30,4,1034.0,2022-12-19,2026-05-12
Crozon,29042,29,2022-08-09 12:50:00,400,4,1034.0,2022-12-19,2026-05-12
Crépey,54143,54,2022-07-18 14:29:00,157500,1,100.0,2025-06-23,2025-06-23
Crépey,54143,54,2022-08-10 14:39:00,60000,1,100.0,2025-06-23,2025-06-23
Cubières,48053,48,2022-02-12 13:59:00,20000,1,250.0,2025-09-25,2025-09-25
Cubjac-Auvézère-Val d'Ans,24147,24,2022-03-23 13:59:00,60000,10,1923.3,2022-04-14,2026-02-18
Cuers,83049,83,2022-04-30 12:27:00,2000,5,628.63,2023-07-21,2026-03-24
Cussy-en-Morvan,71165,71,2022-03-10 15:52:00,2500,1,250.0,2023-10-25,2023-10-25
Cuxac-Cabardès,11115,11,2022-07-17 20:08:00,400,3,19239.0,2023-09-06,2024-10-22
Cère,40081,40,2022-04-22 19:05:00,2000,3,32736.0,2025-12-09,2025-12-09
Cère,40081,40,2022-05-15 08:00:00,6000,3,32736.0,2025-12-09,2025-12-09
Cère,40081,40,2022-10-05 19:53:00,1200,3,32736.0,2025-12-09,2025-12-09
Cébazan,34070,34,2022-03-04 14:48:00,4571,1,286.0,2022-08-24,2022-08-24
Céreste,04045,04,2022-07-25 07:16:00,900,1,250.0,2025-08-19,2025-08-19
Céret,66049,66,2022-01-27 13:28:00,6000,5,794.0,2023-02-07,2025-12-30
Céret,66049,66,2022-02-21 15:14:00,7650,5,794.0,2023-02-07,2025-12-30
Céret,66049,66,2022-06-10 20:53:00,100,5,794.0,2023-02-07,2025-12-30
Céret,66049,66,2022-12-07 16:31:00,300,5,794.0,2023-02-07,2025-12-30
Cézens,15033,15,2022-08-11 17:00:00,20000,14,2451.7,2022-12-21,2025-12-11
Cœur de Causse,46138,46,2022-06-19 17:37:00,1000,3,590.0,2023-01-03,2025-06-27
Cœur de Causse,46138,46,2022-08-12 22:38:00,5000,3,590.0,2023-01-03,2025-06-27
Dampierre-sous-Brou,28123,28,2022-08-06 12:56:00,20000,4,496.0,2024-01-25,2025-07-30
Danzé,41073,41,2022-08-10 15:40:00,637000,2,280.8,2023-04-25,2025-02-19
Darbres,07077,07,2022-07-15 19:04:00,3000,4,559.8,2023-07-12,2026-01-26
Darbres,07077,07,2022-07-27 10:31:00,180000,4,559.8,2023-07-12,2026-01-26
Delle,90033,90,2022-03-24 11:32:00,200,3,297.0,2023-06-12,2025-12-12
Delle,90033,90,2022-07-15 00:51:00,25,3,297.0,2023-06-12,2025-12-12
Delle,90033,90,2022-07-15 23:05:00,20,3,297.0,2023-06-12,2025-12-12
Delle,90033,90,2022-07-18 10:28:00,200,3,297.0,2023-06-12,2025-12-12
Demigny,71170,71,2022-01-27 18:37:00,10,1,82.8,2022-06-22,2022-06-22
Descartes,37115,37,2022-05-01 14:39:00,600,3,464.0,2024-07-10,2025-06-26
Descartes,37115,37,2022-05-27 17:06:00,15000,3,464.0,2024-07-10,2025-06-26
Desnes,39194,39,2022-06-19 16:06:00,70000,3,434.9,2024-11-05,2024-11-15
Devesset,07080,07,2022-08-03 15:18:00,1000,2,330.0,2024-07-04,2025-01-27
Dhuizon,41074,41,2022-05-17 09:41:00,2500,1,82.8,2024-06-26,2024-06-26
Diarville,54156,54,2022-08-12 13:41:00,60500,2,410.0,2025-06-04,2025-06-04
Diconne,71175,71,2022-08-31 16:37:00,20000,1,82.8,2022-09-20,2022-09-20
Dieppe,76217,76,2022-08-11 12:54:00,3000,1,66.0,2024-05-28,2024-05-28
Dieupentale,82048,82,2022-09-05 16:12:00,4000,3,320.0,2022-11-10,2026-01-23
Digne-les-Bains,04070,04,2022-03-16 14:38:00,4300,7,944.9,2022-10-19,2025-05-26
Dijon,21231,21,2022-06-19 16:23:00,300,23,3866.5,2022-09-29,2026-04-20
Dijon,21231,21,2022-08-05 17:56:00,200,23,3866.5,2022-09-29,2026-04-20
Dinéault,29044,29,2022-06-17 17:53:00,348300,1,200.0,2025-05-15,2025-05-15
Dirac,16120,16,2022-08-12 16:37:11,5000,1,250.0,2025-04-10,2025-04-10
Dissay-sous-Courcillon,72115,72,2022-08-27 03:23:00,70,4,547.6,2022-11-09,2025-11-12
Dole,39198,39,2022-08-08 10:16:00,100,10,2788.0,2023-02-10,2026-03-05
Dolus-d'Oléron,17140,17,2022-09-18 13:23:00,1000,1,110.0,2025-05-05,2025-05-05
Dolus-d'Oléron,17140,17,2022-09-19 15:11:00,500,1,110.0,2025-05-05,2025-05-05
Domfront en Poiraie,61145,61,2022-07-17 15:24:21,50000,2,214.92000000000002,2023-03-14,2023-06-30
Domfront en Poiraie,61145,61,2022-08-10 15:25:50,6000,2,214.92000000000002,2023-03-14,2023-06-30
Domfront en Poiraie,61145,61,2022-08-11 13:38:00,100000,2,214.92000000000002,2023-03-14,2023-06-30
Domfront-en-Champagne,72119,72,2022-07-17 15:51:00,20000,1,250.0,2025-02-11,2025-02-11
Donnezac,33151,33,2022-05-21 15:42:00,500,2,337.0,2025-02-20,2025-08-28
Donnezac,33151,33,2022-05-21 16:28:00,1300,2,337.0,2025-02-20,2025-08-28
Donnezac,33151,33,2022-07-31 17:59:00,10000,2,337.0,2025-02-20,2025-08-28
Donzac,82049,82,2022-07-30 10:56:00,3000,3,604.0,2024-01-11,2026-05-07
Donzy,58102,58,2022-07-09 20:02:00,60000,3,750.0,2025-09-16,2026-02-23
Donzy,58102,58,2022-08-10 13:00:00,260000,3,750.0,2025-09-16,2026-02-23
Douarnenez,29046,29,2022-07-16 19:31:00,20,2,240.0,2026-02-16,2026-03-03
Doulevant-le-Château,52178,52,2022-08-06 10:50:00,10000,1,210.0,2024-09-02,2024-09-02
Douzains,47084,47,2022-11-04 17:42:12,30,2,422.0,2024-06-11,2025-10-30
Doué-en-Anjou,49125,49,2022-07-06 19:56:00,10000,11,1888.9,2022-07-18,2026-02-04
Draguignan,83050,83,2022-02-06 14:57:00,200,7,1096.8,2023-04-06,2025-08-04
Draguignan,83050,83,2022-03-25 11:35:00,300,7,1096.8,2023-04-06,2025-08-04
Ducos,97207,972,2022-05-04 14:41:00,200,26,2254.7,2022-06-24,2025-12-29
Durban-Corbières,11124,11,2022-08-09 11:21:00,400,1,210.0,2024-07-30,2024-07-30
Durenque,12092,12,2022-06-18 13:50:00,50000,11,1288.0,2022-10-11,2025-09-30
Eauze,32119,32,2022-08-07 18:04:00,700,4,677.0,2022-12-19,2024-07-04
Eclose-Badinières,38152,38,2022-08-04 18:01:00,400,1,172.0,2026-01-23,2026-01-23
Edern,29048,29,2022-04-28 04:25:00,20,2,406.0,2024-05-29,2025-05-27
Elne,66065,66,2022-02-13 21:25:00,10000,9,1345.0,2022-10-21,2026-05-27
Embrun,05046,05,2022-02-27 13:19:00,6316,10,1137.0,2022-03-21,2026-04-01
Embrun,05046,05,2022-03-07 14:36:00,900,10,1137.0,2022-03-21,2026-04-01
Empurany,07085,07,2022-08-10 14:17:00,121000,2,342.0,2025-01-27,2026-01-14
Ensuès-la-Redonne,13033,13,2022-03-24 17:03:00,50,7,6084.0,2023-09-07,2025-12-03
Ensuès-la-Redonne,13033,13,2022-05-10 13:19:00,150,7,6084.0,2023-09-07,2025-12-03
Ensuès-la-Redonne,13033,13,2022-05-29 15:04:00,100,7,6084.0,2023-09-07,2025-12-03
Ensuès-la-Redonne,13033,13,2022-06-04 19:08:00,7,7,6084.0,2023-09-07,2025-12-03
Entrelacs,73010,73,2022-07-11 00:00:00,100,6,790.0,2024-05-23,2025-12-18
Epiniac,35104,35,2022-08-31 21:32:00,800,4,845.0,2024-07-01,2026-03-20
Erdeven,56054,56,2022-07-24 21:38:00,15,3,503.0,2025-05-22,2026-01-07
Erdeven,56054,56,2022-08-06 16:30:00,340000,3,503.0,2025-05-22,2026-01-07
Escatalens,82052,82,2022-08-26 16:00:00,2000,1,200.0,2024-02-27,2024-02-27
Espeyrac,12097,12,2022-08-27 14:27:00,141300,2,338.0,2024-05-30,2025-05-28
Espira-de-Conflent,66070,66,2022-06-12 13:59:00,1500,1,40.0,2024-09-23,2024-09-23
Espira-de-l'Agly,66069,66,2022-01-28 07:30:00,500,3,3263.0,2022-02-22,2025-09-22
Espira-de-l'Agly,66069,66,2022-07-27 05:24:00,18600,2,3153.0,2023-07-06,2025-09-22
Espira-de-l'Agly,66069,66,2022-10-28 16:10:00,1000,2,3153.0,2023-07-06,2025-09-22
Essoyes,10141,10,2022-08-10 13:09:00,50000,1,200.0,2025-03-20,2025-03-20
Estavar,66072,66,2022-02-01 22:43:00,1233,1,50.0,2026-05-29,2026-05-29
Eybens,38158,38,2022-08-04 11:18:00,150,2,270.0,2023-12-06,2026-04-13
Eygalières,13034,13,2022-08-03 12:22:00,500,2,510.0,2025-01-10,2025-10-15
Eygliers,05052,05,2022-07-20 14:18:00,600,4,412.0,2025-06-26,2025-12-03
Eyguières,13035,13,2022-02-25 15:16:00,30,16,12442.4,2022-10-10,2026-03-09
Eyguières,13035,13,2022-08-06 16:43:00,200,16,12442.4,2022-10-10,2026-03-09
Eyrein,19081,19,2022-03-22 12:28:40,91000,4,432.0,2025-11-14,2026-03-13
Fargues,33164,33,2022-08-25 19:22:00,2000,1,220.0,2025-10-14,2025-10-14
Faucon-de-Barcelonnette,04086,04,2022-02-08 11:08:00,97000,2,172.0,2022-04-04,2022-04-04
Faussergues,81089,81,2022-03-27 15:32:00,55000,1,297.6,2024-09-02,2024-09-02
Feliceto,2B112,2B,2022-10-31 16:23:00,20,1,99.99,2024-10-02,2024-10-02
Fercé-sur-Sarthe,72131,72,2022-08-12 15:49:00,800000,1,90.0,2025-06-05,2025-06-05
Fercé-sur-Sarthe,72131,72,2022-08-14 00:00:00,4000,1,90.0,2025-06-05,2025-06-05
Fercé-sur-Sarthe,72131,72,2022-08-24 15:41:00,2500,1,90.0,2025-06-05,2025-06-05
Fertrève,58113,58,2022-07-17 14:49:00,20000,1,99.0,2025-08-21,2025-08-21
Figanières,83056,83,2022-04-09 15:10:00,10000,1,12600.0,2024-01-22,2024-01-22
Figari,2A114,2A,2022-02-08 16:29:00,10,6,594.92,2022-03-15,2025-12-16
Figari,2A114,2A,2022-07-30 12:55:00,93,2,199.82,2022-11-29,2025-12-16
Figari,2A114,2A,2022-08-09 11:39:00,12000,2,199.82,2022-11-29,2025-12-16
Figeac,46102,46,2022-03-24 17:44:00,1000,10,2653.57,2022-07-22,2025-05-20
Figeac,46102,46,2022-05-14 16:48:00,200,10,2653.57,2022-07-22,2025-05-20
Fillière,74282,74,2022-07-14 15:09:00,10,2,565.0,2025-04-02,2025-08-20
Fillière,74282,74,2022-08-02 13:56:00,10,2,565.0,2025-04-02,2025-08-20
Fitou,11144,11,2022-06-11 12:57:00,50,2,194.0,2025-03-28,2025-11-20
Fitou,11144,11,2022-10-06 15:33:00,5000,2,194.0,2025-03-28,2025-11-20
Flassans-sur-Issole,83057,83,2022-07-26 13:22:00,1200,1,80.0,2025-08-08,2025-08-08
Flassans-sur-Issole,83057,83,2022-08-01 23:55:00,100,1,80.0,2025-08-08,2025-08-08
Flaviac,07090,07,2022-05-27 11:27:00,1500,2,420.0,2026-03-26,2026-03-26
Flers,61169,61,2022-07-18 18:52:03,700,4,434.0,2024-03-26,2026-05-06
Flers,61169,61,2022-07-29 18:40:41,900,4,434.0,2024-03-26,2026-05-06
Flers,61169,61,2022-08-07 16:50:21,6000,4,434.0,2024-03-26,2026-05-06
Flers,61169,61,2022-08-29 18:11:20,8000,4,434.0,2024-03-26,2026-05-06
Foncine-le-Haut,39228,39,2022-07-16 12:17:00,10000,2,298.0,2024-07-04,2024-08-21
Foncine-le-Haut,39228,39,2022-07-28 15:12:00,200,2,298.0,2024-07-04,2024-08-21
Fontaine,38169,38,2022-08-04 01:51:00,10000,3,469.0,2023-12-14,2026-03-31
Fontaine,90047,90,2022-08-10 01:07:00,10000,5,42950.0,2022-12-09,2026-01-28
Fontainebleau,77186,77,2022-04-21 15:06:00,5000,1,88.0,2025-08-01,2025-08-01
Fontainebleau,77186,77,2022-04-26 12:11:00,1000,1,88.0,2025-08-01,2025-08-01
Fontainebleau,77186,77,2022-06-01 14:51:00,6000,1,88.0,2025-08-01,2025-08-01
Fontainebleau,77186,77,2022-06-18 15:25:00,2500,1,88.0,2025-08-01,2025-08-01
Fontainebleau,77186,77,2022-07-05 13:13:00,3000,1,88.0,2025-08-01,2025-08-01
Fontainebleau,77186,77,2022-07-09 17:18:00,3000,1,88.0,2025-08-01,2025-08-01
Fontainebleau,77186,77,2022-07-09 17:49:00,1000,1,88.0,2025-08-01,2025-08-01
Fontainebleau,77186,77,2022-07-10 14:03:00,1,1,88.0,2025-08-01,2025-08-01
Fontainebleau,77186,77,2022-07-12 22:15:00,1000,1,88.0,2025-08-01,2025-08-01
Fontainebleau,77186,77,2022-07-14 14:42:00,200,1,88.0,2025-08-01,2025-08-01
Fontainebleau,77186,77,2022-07-15 09:16:00,1,1,88.0,2025-08-01,2025-08-01
Fontainebleau,77186,77,2022-07-18 21:36:00,50,1,88.0,2025-08-01,2025-08-01
Fontainebleau,77186,77,2022-08-10 07:52:00,50,1,88.0,2025-08-01,2025-08-01
Fontainebleau,77186,77,2022-08-10 14:39:00,200,1,88.0,2025-08-01,2025-08-01
Fontainebleau,77186,77,2022-08-13 09:27:00,2,1,88.0,2025-08-01,2025-08-01
Fontainebleau,77186,77,2022-08-14 11:15:00,1,1,88.0,2025-08-01,2025-08-01
Fontainebleau,77186,77,2022-08-24 14:43:00,2500,1,88.0,2025-08-01,2025-08-01
Fontainebleau,77186,77,2022-09-19 14:57:00,2500,1,88.0,2025-08-01,2025-08-01
Fontainebleau,77186,77,2022-09-23 08:44:00,3000,1,88.0,2025-08-01,2025-08-01
Fontanes,46109,46,2022-07-29 10:38:00,500,4,685.9,2025-11-20,2026-03-13
Fontanès,30114,30,2022-04-04 13:25:00,2799,1,90.0,2024-03-21,2024-03-21
Fontanès,30114,30,2022-05-06 13:49:00,10000,1,90.0,2024-03-21,2024-03-21
Fontanès,30114,30,2022-07-31 19:01:00,355,1,90.0,2024-03-21,2024-03-21
Fontcouverte,11148,11,2022-05-23 07:12:00,500,3,320.0,2022-08-10,2025-05-14
Fontcouverte,11148,11,2022-07-10 19:47:00,7983,3,320.0,2022-08-10,2025-05-14
Fontjoncouse,11152,11,2022-05-11 15:48:00,825,1,110.0,2023-01-19,2023-01-19
Fontvieille,13038,13,2022-04-10 15:21:00,250,3,519.0,2024-04-12,2025-12-15
Fontvieille,13038,13,2022-06-14 12:15:00,100,3,519.0,2024-04-12,2025-12-15
Fontès,34103,34,2022-06-10 15:09:00,500,1,220.0,2025-07-29,2025-07-29
Forcalquier,04088,04,2022-06-16 01:34:00,10000,5,690.0,2023-05-02,2026-01-21
Fort-de-France,97209,972,2022-02-24 19:48:00,100,43,3407.09,2022-03-18,2026-02-06
Fos-sur-Mer,13039,13,2022-02-27 15:49:00,20,11,13029.6,2022-03-28,2025-11-12
Fos-sur-Mer,13039,13,2022-07-06 15:58:00,500,10,8529.6,2023-05-04,2025-11-12
Fos-sur-Mer,13039,13,2022-07-07 16:16:00,1000,10,8529.6,2023-05-04,2025-11-12
Fos-sur-Mer,13039,13,2022-07-07 16:17:00,100,10,8529.6,2023-05-04,2025-11-12
Fos-sur-Mer,13039,13,2022-07-31 02:12:00,5,10,8529.6,2023-05-04,2025-11-12
Fos-sur-Mer,13039,13,2022-09-18 15:52:00,300,10,8529.6,2023-05-04,2025-11-12
Fos-sur-Mer,13039,13,2022-09-18 18:56:00,4,10,8529.6,2023-05-04,2025-11-12
Fos-sur-Mer,13039,13,2022-09-21 14:10:00,50,10,8529.6,2023-05-04,2025-11-12
Fouesnant,29058,29,2022-07-14 17:00:00,60,2,400.0,2026-03-06,2026-04-30
Fouesnant,29058,29,2022-08-10 19:10:00,500,2,400.0,2026-03-06,2026-04-30
Fouesnant,29058,29,2022-08-13 17:09:00,200,2,400.0,2026-03-06,2026-04-30
Fougères,35115,35,2022-08-06 15:07:00,500,4,2004.0,2024-01-12,2026-03-24
Foulayronnes,47100,47,2022-03-28 15:32:10,150,4,505.0,2024-06-18,2026-02-19
Fournès,30116,30,2022-07-05 19:18:00,1264,2,315.0,2022-08-19,2024-05-15
Fourques-sur-Garonne,47101,47,2022-11-06 14:59:44,300,6,917.8,2024-02-12,2026-02-02
Freix-Anglards,15072,15,2022-06-17 18:20:00,300,3,408.68,2023-12-13,2026-01-22
Fresnay-sur-Sarthe,72138,72,2022-04-22 00:19:00,300,3,594.0,2022-10-26,2026-04-29
Frontignan,34108,34,2022-06-16 20:11:00,100,10,1748.2,2022-09-13,2026-03-05
Frontignan,34108,34,2022-07-20 16:58:00,230,10,1748.2,2022-09-13,2026-03-05
Frontignan,34108,34,2022-07-20 17:25:00,479,10,1748.2,2022-09-13,2026-03-05
Frontignan,34108,34,2022-07-22 16:06:00,3825,10,1748.2,2022-09-13,2026-03-05
Frontignan,34108,34,2022-07-22 16:06:00,6816,10,1748.2,2022-09-13,2026-03-05
Fronton,31202,31,2022-09-16 07:30:02,1000,8,1500.4,2023-05-10,2026-03-23
Frossay,44061,44,2022-07-18 10:58:00,15000,11,1928.0,2023-08-30,2026-03-31
Frégouville,32134,32,2022-02-21 20:05:00,50,1,125.0,2026-01-12,2026-01-12
Fréjus,83061,83,2022-05-23 18:34:00,2000,10,2750.0,2023-01-18,2026-03-20
Fuveau,13040,13,2022-03-27 13:26:00,10,7,766.0,2022-07-18,2025-12-11
Fuveau,13040,13,2022-04-10 15:51:00,1100,7,766.0,2022-07-18,2025-12-11
Fuveau,13040,13,2022-04-17 10:37:00,10,7,766.0,2022-07-18,2025-12-11
Fuveau,13040,13,2022-04-23 08:25:00,10,7,766.0,2022-07-18,2025-12-11
Fuveau,13040,13,2022-06-27 13:40:00,10,7,766.0,2022-07-18,2025-12-11
Fuveau,13040,13,2022-07-02 07:00:00,100,7,766.0,2022-07-18,2025-12-11
Fuveau,13040,13,2022-07-17 21:30:00,2,7,766.0,2022-07-18,2025-12-11
Fuveau,13040,13,2022-07-27 09:26:00,100,6,616.0,2023-04-03,2025-12-11
Fuveau,13040,13,2022-08-12 14:56:00,100,6,616.0,2023-04-03,2025-12-11
Fuveau,13040,13,2022-09-01 11:40:00,500,6,616.0,2023-04-03,2025-12-11
Félines,07089,07,2022-07-10 15:04:00,10000,5,923.0,2022-11-22,2025-09-22
Férel,56058,56,2022-05-07 14:38:00,100,3,664.6,2023-02-21,2024-08-12
Férel,56058,56,2022-09-05 02:30:00,3000,3,664.6,2023-02-21,2024-08-12
Gaillac,81099,81,2022-04-17 18:10:00,3000,15,2920.9,2022-12-08,2026-04-16
Gaillac,81099,81,2022-06-16 13:40:00,500,15,2920.9,2022-12-08,2026-04-16
Gardanne,13041,13,2022-04-17 16:57:00,100,13,3370.45,2024-04-25,2026-05-19
Gardanne,13041,13,2022-05-04 19:26:00,10,13,3370.45,2024-04-25,2026-05-19
Gardanne,13041,13,2022-08-02 16:37:00,250,13,3370.45,2024-04-25,2026-05-19
Gardanne,13041,13,2022-09-02 16:22:00,10,13,3370.45,2024-04-25,2026-05-19
Garein,40105,40,2022-04-11 18:32:00,300,1,10730.0,2022-12-09,2022-12-09
Garein,40105,40,2022-07-15 08:57:00,1000,1,10730.0,2022-12-09,2022-12-09
Garlan,29059,29,2022-08-07 19:16:00,20000,1,99.0,2026-05-20,2026-05-20
Garlan,29059,29,2022-08-12 13:31:00,20,1,99.0,2026-05-20,2026-05-20
Garlin,64233,64,2022-09-14 16:48:55,100000,4,689.0,2024-06-13,2026-02-04
Gaël,35117,35,2022-06-13 01:42:00,10,8,4418.0,2022-09-20,2025-12-19
Gehée,36082,36,2022-03-27 15:31:00,1000,4,525.0,2022-07-28,2024-03-11
Genillé,37111,37,2022-06-18 16:36:00,90000,4,740.0,2025-08-14,2025-10-01
Gennes-Val-de-Loire,49261,49,2022-06-20 14:47:00,25000,11,1945.0,2023-02-23,2026-05-11
Gennes-sur-Seiche,35119,35,2022-07-17 13:44:00,100,3,429.0,2024-04-16,2025-05-22
Ghisonaccia,2B123,2B,2022-06-10 18:32:00,57000,8,722.36,2022-09-06,2025-12-23
Ghisonaccia,2B123,2B,2022-06-21 11:06:00,235900,8,722.36,2022-09-06,2025-12-23
Ghisonaccia,2B123,2B,2022-06-25 15:14:00,50,8,722.36,2022-09-06,2025-12-23
Ghisonaccia,2B123,2B,2022-08-09 11:13:00,400,8,722.36,2022-09-06,2025-12-23
Gignac,34114,34,2022-07-09 14:00:00,3206,4,833.0,2022-12-16,2024-10-08
Gigondas,84049,84,2022-06-17 12:45:00,257,1,44.0,2023-03-10,2023-03-10
Giroussens,81104,81,2022-06-16 15:32:00,50,1,7250.0,2022-11-15,2022-11-15
Giroussens,81104,81,2022-07-20 20:26:00,150,1,7250.0,2022-11-15,2022-11-15
Giroussens,81104,81,2022-08-05 16:38:00,10000,1,7250.0,2022-11-15,2022-11-15
Gièvres,41097,41,2022-04-21 14:59:00,100,7,43044.0,2023-01-04,2026-05-05
Gièvres,41097,41,2022-07-07 22:13:00,200,7,43044.0,2023-01-04,2026-05-05
Glénay,79134,79,2022-07-10 17:49:00,10000,2,420.0,2024-07-09,2024-07-09
Goncelin,38181,38,2022-08-05 19:47:00,50,4,657.0,2024-01-22,2026-02-20
Gorges du Tarn Causses,48146,48,2022-06-14 12:45:00,700000,2,358.0,2026-05-19,2026-05-19
Gorges du Tarn Causses,48146,48,2022-07-19 13:50:00,370000,2,358.0,2026-05-19,2026-05-19
Goudargues,30131,30,2022-07-19 17:44:00,422,1,112.0,2025-10-28,2025-10-28
Gouesnach,29060,29,2022-08-11 14:15:00,20000,1,220.0,2025-01-15,2025-01-15
Gouffern en Auge,61474,61,2022-07-02 17:27:55,30000,9,1863.9,2023-03-08,2026-02-27
Gouffern en Auge,61474,61,2022-07-18 14:54:09,200,9,1863.9,2023-03-08,2026-02-27
Gouffern en Auge,61474,61,2022-08-05 12:06:05,3000,9,1863.9,2023-03-08,2026-02-27
Gouffern en Auge,61474,61,2022-09-17 18:39:20,3000,9,1863.9,2023-03-08,2026-02-27
Goujounac,46126,46,2022-02-13 16:21:00,20000,4,498.0,2023-09-27,2026-05-27
Goult,84051,84,2022-01-31 20:21:00,3000,3,344.0,2022-12-05,2026-02-05
Goult,84051,84,2022-03-26 15:09:00,1800,3,344.0,2022-12-05,2026-02-05
Grabels,34116,34,2022-07-26 17:37:00,12341,2,200.23000000000002,2025-02-14,2025-03-28
Grabels,34116,34,2022-07-27 18:57:00,48226,2,200.23000000000002,2025-02-14,2025-03-28
Grabels,34116,34,2022-07-28 13:50:00,28776,2,200.23000000000002,2025-02-14,2025-03-28
Grabels,34116,34,2022-08-01 17:02:00,908,2,200.23000000000002,2025-02-14,2025-03-28
Gradignan,33192,33,2022-05-27 20:52:00,1000,4,822.0,2024-07-17,2024-11-12
Gramat,46128,46,2022-09-22 17:40:00,650,8,1620.0,2023-12-07,2026-04-09
Grand-Brassac,24200,24,2022-03-25 14:07:00,30000,5,1190.0,2024-06-11,2025-01-06
Grand-Champ,56067,56,2022-08-08 19:35:00,300,1,150.0,2024-06-19,2024-06-19
Grandrieu,48070,48,2022-03-24 15:34:00,10000,10,1385.0,2022-07-26,2026-04-09
Grandrieu,48070,48,2022-03-26 11:25:00,3000,10,1385.0,2022-07-26,2026-04-09
Grandrieu,48070,48,2022-06-20 11:11:00,15000,10,1385.0,2022-07-26,2026-04-09
Granges-Aumontzey,88218,88,2022-07-29 13:06:00,20,2,494.9,2024-01-11,2025-06-02
Grans,13044,13,2022-03-28 17:37:00,50,4,2391.0,2022-07-22,2025-06-25
Grans,13044,13,2022-04-01 20:38:00,400,4,2391.0,2022-07-22,2025-06-25
Grans,13044,13,2022-04-05 16:38:00,100,4,2391.0,2022-07-22,2025-06-25
Grans,13044,13,2022-06-09 16:28:00,50000,4,2391.0,2022-07-22,2025-06-25
Grans,13044,13,2022-06-17 14:37:00,300,4,2391.0,2022-07-22,2025-06-25
Grans,13044,13,2022-07-18 14:35:00,100,4,2391.0,2022-07-22,2025-06-25
Graulhet,81105,81,2022-05-22 22:32:00,40,27,6985.78,2022-07-08,2026-04-09
Graveson,13045,13,2022-07-14 16:16:00,14515300,12,5070.0,2022-11-23,2026-03-20
Graveson,13045,13,2022-08-13 16:04:00,2,12,5070.0,2022-11-23,2026-03-20
Grayan-et-l'Hôpital,33193,33,2022-06-19 06:51:00,150,1,230.0,2025-06-03,2025-06-03
Grayan-et-l'Hôpital,33193,33,2022-07-15 11:11:00,200,1,230.0,2025-06-03,2025-06-03
Grayan-et-l'Hôpital,33193,33,2022-07-23 19:26:00,1000,1,230.0,2025-06-03,2025-06-03
Grayan-et-l'Hôpital,33193,33,2022-07-24 13:35:00,300,1,230.0,2025-06-03,2025-06-03
Grayan-et-l'Hôpital,33193,33,2022-08-10 23:50:00,2400,1,230.0,2025-06-03,2025-06-03
Grayan-et-l'Hôpital,33193,33,2022-08-11 02:32:00,2000,1,230.0,2025-06-03,2025-06-03
Grayan-et-l'Hôpital,33193,33,2022-08-11 02:51:00,1000,1,230.0,2025-06-03,2025-06-03
Grayan-et-l'Hôpital,33193,33,2022-08-11 14:10:00,3000,1,230.0,2025-06-03,2025-06-03
Grayan-et-l'Hôpital,33193,33,2022-08-13 09:12:00,20,1,230.0,2025-06-03,2025-06-03
Grayan-et-l'Hôpital,33193,33,2022-08-14 22:28:00,600,1,230.0,2025-06-03,2025-06-03
Grayan-et-l'Hôpital,33193,33,2022-08-19 20:18:00,1000,1,230.0,2025-06-03,2025-06-03
Grayan-et-l'Hôpital,33193,33,2022-09-15 15:39:00,800,1,230.0,2025-06-03,2025-06-03
Grayan-et-l'Hôpital,33193,33,2022-09-18 07:22:00,40000,1,230.0,2025-06-03,2025-06-03
Grayan-et-l'Hôpital,33193,33,2022-09-18 17:50:00,3000,1,230.0,2025-06-03,2025-06-03
Grazay,53109,53,2022-06-15 19:20:00,1,1,140.0,2024-10-23,2024-10-23
Grenoble,38185,38,2022-07-14 23:41:00,100,20,2428.155,2023-03-01,2025-12-18
Grignan,26146,26,2022-06-18 11:25:00,363463,8,1188.0,2023-04-06,2026-05-21
Grimaud,83068,83,2022-06-09 14:10:00,3500,5,635.0,2023-12-04,2026-02-12
Groix,56069,56,2022-08-04 22:10:00,20000,1,50.0,2024-03-11,2024-03-11
Grossouvre,18106,18,2022-05-11 13:57:00,10401,2,500.0,2024-04-05,2025-02-21
Gruissan,11170,11,2022-05-10 12:55:00,1,2,305.0,2024-04-23,2025-04-02
Gruissan,11170,11,2022-07-18 12:31:00,500,2,305.0,2024-04-23,2025-04-02
Gruissan,11170,11,2022-07-27 14:10:00,50,2,305.0,2024-04-23,2025-04-02
Gruissan,11170,11,2022-08-02 13:18:00,400,2,305.0,2024-04-23,2025-04-02
Gruissan,11170,11,2022-08-21 14:30:00,113997,2,305.0,2024-04-23,2025-04-02
Gruissan,11170,11,2022-11-12 23:03:00,1500,2,305.0,2024-04-23,2025-04-02
Gréalou,46129,46,2022-06-18 18:30:00,15000,3,414.77,2023-01-13,2025-12-16
Gréasque,13046,13,2022-02-16 23:15:00,5,1,198.0,2023-05-05,2023-05-05
Gréasque,13046,13,2022-04-06 15:33:00,20,1,198.0,2023-05-05,2023-05-05
Gréasque,13046,13,2022-06-23 23:04:00,2,1,198.0,2023-05-05,2023-05-05
Gréasque,13046,13,2022-07-05 05:16:00,10,1,198.0,2023-05-05,2023-05-05
Gréoux-les-Bains,04094,04,2022-07-21 02:00:00,3700,5,462.9,2023-03-09,2025-06-13
Gréoux-les-Bains,04094,04,2022-08-06 11:12:00,166,5,462.9,2023-03-09,2025-06-13
Gréoux-les-Bains,04094,04,2022-10-26 17:57:00,260,5,462.9,2023-03-09,2025-06-13
Grépiac,31233,31,2022-06-11 19:40:00,10500,1,220.0,2026-03-25,2026-03-25
Guer,56075,56,2022-04-23 02:36:00,2000,12,2332.0,2022-11-09,2025-09-03
Guichen,35126,35,2022-06-09 13:04:00,200,9,1714.0,2022-06-30,2026-04-16
Guidel,56078,56,2022-03-25 19:47:00,10000,5,599.28,2022-06-09,2024-10-14
Guilers,29069,29,2022-04-23 18:15:00,40,7,1155.8,2023-04-26,2026-01-12
Guillestre,05065,05,2022-03-04 13:05:00,3724,3,232.0,2023-11-24,2025-10-31
Guipavas,29075,29,2022-04-20 15:22:00,80,21,3345.0,2022-12-19,2026-05-05
Guiscriff,56081,56,2022-03-27 22:48:00,15000,1,83.0,2024-03-06,2024-03-06
Guéhenno,56071,56,2022-07-19 08:33:00,400,1,200.0,2023-06-01,2023-06-01
Gémenos,13042,13,2022-04-04 16:56:00,150,13,1911.4,2022-04-11,2026-05-26
Gémenos,13042,13,2022-08-02 17:29:00,20,10,1629.6,2022-08-31,2026-05-26
Génissac,33185,33,2022-07-25 01:38:00,225,3,294.8,2022-08-02,2023-10-02
Générac,30128,30,2022-07-07 11:13:00,1260300,12,5904.0,2022-12-28,2025-09-11
Générac,33184,33,2022-07-16 23:25:00,1000,1,150.0,2025-11-18,2025-11-18
Hadol,88225,88,2022-03-15 20:25:00,30,5,919.0,2024-01-18,2025-06-19
Haguenau,67180,67,2022-07-29 18:56:00,100,18,4994.98,2022-08-24,2026-04-13
Haguenau,67180,67,2022-08-03 20:36:00,50,18,4994.98,2022-08-24,2026-04-13
Haguenau,67180,67,2022-08-29 12:55:00,60000,17,4902.98,2023-01-12,2026-04-13
Hagéville,54244,54,2022-07-19 12:22:00,120000,1,246.6,2024-08-22,2024-08-22
Hanvec,29078,29,2022-06-17 12:57:00,10000,2,217.0,2025-12-09,2026-01-08
Hennebont,56083,56,2022-03-24 16:37:00,15,9,1258.0,2023-05-03,2026-01-29
Herbault,41101,41,2022-07-09 23:31:00,10,5,766.8,2023-09-21,2026-01-14
Herbignac,44072,44,2022-07-21 11:23:00,5000,11,1664.6,2023-12-15,2026-05-06
Herblay-sur-Seine,95306,95,2022-07-30 00:00:00,175000,2,440.0,2024-04-18,2025-12-29
Herm,40123,40,2022-06-01 18:45:00,5000,2,360.0,2023-07-07,2025-08-19
Herm,40123,40,2022-09-12 15:07:00,459000,2,360.0,2023-07-07,2025-08-19
Hostens,33202,33,2022-09-29 10:06:00,20,1,200.0,2024-05-15,2024-05-15
Hostens,33202,33,2022-11-11 15:55:00,100,1,200.0,2024-05-15,2024-05-15
Hourtin,33203,33,2022-06-19 18:00:00,2000,6,681.6,2022-11-07,2026-01-22
Hures-la-Parade,48074,48,2022-07-29 17:16:00,100000,4,670.0,2024-07-15,2024-10-17
Hyères,83069,83,2022-06-09 19:14:00,14000,15,2143.0,2022-10-11,2025-10-23
Hyères,83069,83,2022-06-18 11:48:00,7000,15,2143.0,2022-10-11,2025-10-23
Héloup,61203,61,2022-06-17 17:19:11,8000,1,250.0,2026-02-20,2026-02-20
Héloup,61203,61,2022-08-06 13:08:33,5000,1,250.0,2026-02-20,2026-02-20
Héloup,61203,61,2022-08-26 22:58:46,200,1,250.0,2026-02-20,2026-02-20
Héricourt,70285,70,2022-09-28 00:00:00,300,2,310.0,2023-05-22,2023-10-31
Illats,33205,33,2022-08-03 04:16:00,800,1,250.0,2024-03-20,2024-03-20
Inguiniel,56089,56,2022-02-12 18:08:00,1,3,399.99,2023-07-13,2026-03-25
Inzinzac-Lochrist,56090,56,2022-08-31 16:12:00,200,4,4418.5,2023-07-10,2025-06-03
Issepts,46133,46,2022-08-11 13:58:00,50000,1,245.0,2024-12-03,2024-12-03
Istres,13047,13,2022-02-03 18:44:00,25000,11,49299.0,2023-05-09,2026-05-12
Istres,13047,13,2022-02-26 00:26:00,8,11,49299.0,2023-05-09,2026-05-12
Istres,13047,13,2022-03-08 18:05:00,2000,11,49299.0,2023-05-09,2026-05-12
Istres,13047,13,2022-03-09 14:19:00,200,11,49299.0,2023-05-09,2026-05-12
Istres,13047,13,2022-04-20 13:48:00,200,11,49299.0,2023-05-09,2026-05-12
Istres,13047,13,2022-05-03 18:12:00,5,11,49299.0,2023-05-09,2026-05-12
Istres,13047,13,2022-05-03 18:12:00,20,11,49299.0,2023-05-09,2026-05-12
Istres,13047,13,2022-05-16 13:26:00,40000,11,49299.0,2023-05-09,2026-05-12
Istres,13047,13,2022-05-29 16:35:00,1500,11,49299.0,2023-05-09,2026-05-12
Istres,13047,13,2022-06-11 15:58:00,100,11,49299.0,2023-05-09,2026-05-12
Istres,13047,13,2022-06-25 09:37:00,150,11,49299.0,2023-05-09,2026-05-12
Istres,13047,13,2022-07-07 16:55:00,2000,11,49299.0,2023-05-09,2026-05-12
Istres,13047,13,2022-07-07 21:10:00,2,11,49299.0,2023-05-09,2026-05-12
Istres,13047,13,2022-10-12 22:57:00,100,11,49299.0,2023-05-09,2026-05-12
Izeaux,38194,38,2022-08-11 19:38:00,20,4,653.0,2024-05-27,2026-03-24
Jarrie,38200,38,2022-08-14 05:04:00,10,1,176.0,2025-05-12,2025-05-12
Jarzé Villages,49163,49,2022-03-26 18:18:00,30000,6,1295.0,2024-01-23,2026-01-15
Javerlhac-et-la-Chapelle-Saint-Robert,24214,24,2022-08-08 19:02:00,10000,9,1763.0,2023-09-26,2026-05-18
Jeu-les-Bois,36089,36,2022-06-15 16:01:00,10000,4,744.8,2025-10-13,2026-03-25
Jeuxey,88253,88,2022-07-05 17:40:00,3,5,813.0,2022-10-13,2025-11-18
Jou-sous-Monjou,15081,15,2022-01-24 18:38:00,50000,4,686.0,2023-12-19,2025-11-24
Jouques,13048,13,2022-02-19 10:26:00,5,1,80.0,2023-08-02,2023-08-02
Jouques,13048,13,2022-06-01 10:40:00,3000,1,80.0,2023-08-02,2023-08-02
Jouques,13048,13,2022-07-18 12:54:00,50,1,80.0,2023-08-02,2023-08-02
Jouques,13048,13,2022-07-19 14:08:00,1000,1,80.0,2023-08-02,2023-08-02
Jouques,13048,13,2022-07-31 03:37:00,20,1,80.0,2023-08-02,2023-08-02
Joué-sur-Erdre,44077,44,2022-08-14 20:14:00,70,14,2427.8,2022-08-30,2026-04-28
Jupilles,72153,72,2022-05-11 17:23:00,5,1,120.0,2026-05-12,2026-05-12
Jussac,15083,15,2022-07-31 02:05:00,30,8,1614.0,2024-08-20,2026-03-18
Jussarupt,88256,88,2022-09-20 18:41:00,4,2,336.6,2023-01-12,2023-06-14
Juvigny Val d'Andaine,61211,61,2022-07-31 17:44:23,600,1,143.6,2023-08-03,2023-08-03
Juvigny Val d'Andaine,61211,61,2022-08-05 17:26:50,10000,1,143.6,2023-08-03,2023-08-03
Juvigny les Vallées,50260,50,2022-08-13 18:13:48,2000,5,1007.99,2022-11-16,2025-05-07
Kerlouan,29091,29,2022-03-27 20:49:00,260,3,435.0,2025-07-10,2026-04-09
Kerlouan,29091,29,2022-05-05 15:18:00,800,3,435.0,2025-07-10,2026-04-09
Kerlouan,29091,29,2022-07-18 15:26:00,40000,3,435.0,2025-07-10,2026-04-09
Kerlouan,29091,29,2022-08-05 15:16:00,1000,3,435.0,2025-07-10,2026-04-09
Kilstett,67237,67,2022-04-06 16:53:00,1,3,546.12,2023-09-21,2025-08-09
L'Aigle,61214,61,2022-07-16 18:43:04,300,2,350.0,2024-12-18,2025-08-06
L'Aigle,61214,61,2022-08-10 23:56:57,200,2,350.0,2024-12-18,2025-08-06
L'Escarène,06057,06,2022-01-18 13:03:00,3000,1,110.0,2026-01-16,2026-01-16
L'Escarène,06057,06,2022-05-15 15:58:00,700,1,110.0,2026-01-16,2026-01-16
L'Huisserie,53119,53,2022-03-24 14:32:00,1000,3,545.0,2025-02-05,2025-03-14
L'Hôme-Chamondot,61206,61,2022-08-05 16:17:10,2500,1,88.0,2023-08-01,2023-08-01
L'Hôme-Chamondot,61206,61,2022-08-09 18:28:48,50000,1,88.0,2023-08-01,2023-08-01
L'Isle-Bouzon,32158,32,2022-07-08 15:14:00,600,3,400.8,2023-01-16,2026-04-09
L'Isle-d'Abeau,38193,38,2022-08-11 18:15:00,400,4,386.0,2024-03-28,2026-04-17
L'Étang-Salé,97404,974,2022-11-08 14:10:00,14566,5,461.09000000000003,2023-02-15,2024-08-21
L'Île-d'Yeu,85113,85,2022-07-13 12:25:00,2,1,180.0,2022-09-16,2022-09-16
La Barre-de-Monts,85012,85,2022-08-13 23:19:00,3000,4,749.99,2023-07-04,2026-01-27
La Baule-Escoublac,44055,44,2022-08-12 14:30:00,20000,1,100.0,2025-05-16,2025-05-16
La Bourboule,63047,63,2022-04-19 17:10:00,2000,1,72.0,2025-07-10,2025-07-10
La Brillanne,04034,04,2022-07-29 10:49:00,7,2,165.9,2023-11-06,2025-03-21
La Buisse,38061,38,2022-05-14 10:31:00,20,1,99.0,2024-03-04,2024-03-04
La Bussière,45060,45,2022-08-04 10:59:00,210000,1,250.0,2026-03-11,2026-03-11
La Caillère-Saint-Hilaire,85040,85,2022-07-16 16:09:00,200,2,339.0,2024-10-24,2026-02-19
La Chapelle-Bouëxic,35057,35,2022-04-11 21:34:00,200,2,318.0,2024-10-28,2026-04-21
La Chapelle-Gauthier,27148,27,2022-07-27 12:42:00,3050,2,349.99,2024-10-11,2026-01-27
La Chapelle-de-la-Tour,38076,38,2022-08-11 21:09:00,200,3,599.8,2024-09-05,2025-08-25
La Chaussée-Saint-Victor,41047,41,2022-07-09 16:09:00,50,6,824.0,2024-01-29,2025-07-08
La Ciotat,13028,13,2022-08-15 03:38:00,2,12,2090.0,2023-02-02,2025-07-25
La Ciotat,13028,13,2022-10-06 05:50:00,200,12,2090.0,2023-02-02,2025-07-25
La Ciotat,13028,13,2022-11-20 10:30:00,20,12,2090.0,2023-02-02,2025-07-25
La Coucourde,26106,26,2022-07-26 11:26:00,30000,3,2885.0,2022-09-06,2025-04-28
La Crau,83047,83,2022-04-12 11:48:00,50,3,459.9,2023-03-30,2025-07-08
La Croisille-sur-Briance,87051,87,2022-07-22 12:13:05,800,12,2233.6,2024-06-21,2026-03-18
La Croix-Blanche,47075,47,2022-10-15 14:36:38,1000,1,89.0,2022-12-06,2022-12-06
La Digne-d'Aval,11120,11,2022-05-31 12:42:00,3500,1,65.0,2025-06-26,2025-06-26
La Fare-les-Oliviers,13037,13,2022-07-25 22:27:00,4000,5,694.0,2023-05-10,2025-09-29
La Fare-les-Oliviers,13037,13,2022-07-25 22:30:00,3000,5,694.0,2023-05-10,2025-09-29
La Fare-les-Oliviers,13037,13,2022-07-26 01:33:00,2000,5,694.0,2023-05-10,2025-09-29
La Fare-les-Oliviers,13037,13,2022-09-17 17:06:00,1100,5,694.0,2023-05-10,2025-09-29
La Ferté Macé,61168,61,2022-06-30 13:08:53,3000,8,1755.6,2023-04-27,2026-02-06
La Ferté Macé,61168,61,2022-07-17 16:34:48,1000,8,1755.6,2023-04-27,2026-02-06
La Ferté-en-Ouche,61167,61,2022-06-18 15:30:21,1000,12,2129.9,2023-03-16,2026-05-19
La Ferté-en-Ouche,61167,61,2022-08-08 16:15:23,1000,12,2129.9,2023-03-16,2026-05-19
La Ferté-en-Ouche,61167,61,2022-08-09 15:02:03,8000,12,2129.9,2023-03-16,2026-05-19
La Ferté-en-Ouche,61167,61,2022-08-18 16:43:09,6000,12,2129.9,2023-03-16,2026-05-19
La Ferté-en-Ouche,61167,61,2022-08-27 16:43:04,4000,12,2129.9,2023-03-16,2026-05-19
La Flèche,72154,72,2022-07-13 12:20:00,1000,18,3246.0,2023-04-19,2026-04-22
La Frette,38174,38,2022-08-03 16:11:00,25000,4,527.6,2023-09-08,2025-06-03
La Gacilly,56061,56,2022-07-29 22:23:00,5000,1,1896.0,2026-03-12,2026-03-12
La Gacilly,56061,56,2022-10-23 22:13:00,10,1,1896.0,2026-03-12,2026-03-12
La Genétouze,17173,17,2022-07-05 11:47:00,10000,3,448.0,2025-03-05,2025-11-05
La Genétouze,17173,17,2022-08-05 23:42:00,179000,3,448.0,2025-03-05,2025-11-05
La Gonfrière,61193,61,2022-06-12 18:29:33,300000,1,250.0,2025-10-13,2025-10-13
La Grande-Verrière,71223,71,2022-07-19 12:47:00,20000,1,250.0,2026-05-07,2026-05-07
La Grande-Verrière,71223,71,2022-08-09 21:00:00,2000,1,250.0,2026-05-07,2026-05-07
La Guerche-sur-l'Aubois,18108,18,2022-08-11 16:00:00,310,7,1183.0,2023-11-16,2026-03-11
La Hague,50041,50,2022-07-17 02:44:00,390000,5,609.0,2023-02-21,2026-04-20
La Hague,50041,50,2022-07-17 23:55:00,60000,5,609.0,2023-02-21,2026-04-20
La Hague,50041,50,2022-07-26 17:19:03,4,5,609.0,2023-02-21,2026-04-20
La Hague,50041,50,2022-08-29 16:28:44,200,5,609.0,2023-02-21,2026-04-20
La Madeleine-Bouvet,61241,61,2022-07-27 18:06:25,1000,2,194.0,2026-03-16,2026-05-21
La Madeleine-Bouvet,61241,61,2022-09-13 15:08:38,500,2,194.0,2026-03-16,2026-05-21
La Madeleine-de-Nonancourt,27378,27,2022-05-06 18:52:00,50,2,380.0,2025-05-23,2026-03-24
La Meyze,87096,87,2022-08-10 14:56:51,9000,1,99.0,2024-12-09,2024-12-09
La Milesse,72198,72,2022-05-17 02:35:00,20,6,813.98,2023-10-04,2026-05-20
La Motte-de-Galaure,26216,26,2022-08-13 20:14:00,1000,2,352.0,2025-06-11,2025-12-26
La Motte-en-Champsaur,05090,05,2022-03-26 14:21:00,446427,2,164.0,2023-07-19,2024-12-16
La Possession,97408,974,2022-07-01 12:04:00,2000,5,1258.87,2022-12-22,2024-10-01
La Redorte,11190,11,2022-11-11 12:56:00,29300,4,707.0,2024-11-05,2026-01-22
La Roche-Chalais,24354,24,2022-07-19 16:01:00,5000,1,220.0,2025-09-03,2025-09-03
La Roche-Chalais,24354,24,2022-08-07 17:25:00,597000,1,220.0,2025-09-03,2025-09-03
La Roche-Chalais,24354,24,2022-08-23 02:40:00,10000,1,220.0,2025-09-03,2025-09-03
La Roche-Chalais,24354,24,2022-08-23 02:52:00,3000,1,220.0,2025-09-03,2025-09-03
La Roche-Chalais,24354,24,2022-08-29 15:01:00,30000,1,220.0,2025-09-03,2025-09-03
La Roche-Chalais,24354,24,2022-08-30 16:10:00,217000,1,220.0,2025-09-03,2025-09-03
La Roche-Chalais,24354,24,2022-09-05 17:16:00,192000,1,220.0,2025-09-03,2025-09-03
La Roche-Chalais,24354,24,2022-09-12 16:29:00,40000,1,220.0,2025-09-03,2025-09-03
La Roche-Chalais,24354,24,2022-09-15 16:33:00,5000,1,220.0,2025-09-03,2025-09-03
La Roche-Chalais,24354,24,2022-09-18 18:26:00,5000,1,220.0,2025-09-03,2025-09-03
La Roche-Chalais,24354,24,2022-10-04 16:50:00,10000,1,220.0,2025-09-03,2025-09-03
La Roche-Chalais,24354,24,2022-10-18 18:27:00,2000,1,220.0,2025-09-03,2025-09-03
La Roche-de-Rame,05122,05,2022-03-22 11:19:00,1000,4,779.0,2022-07-04,2022-10-20
La Roche-l'Abeille,87127,87,2022-03-21 16:26:36,30000,7,1169.0,2022-09-08,2026-05-26
La Roche-l'Abeille,87127,87,2022-08-12 16:00:25,30000,7,1169.0,2022-09-08,2026-05-26
La Roche-sur-Yon,85191,85,2022-07-18 16:07:00,300,22,5247.15,2022-11-02,2026-05-22
La Rochette,05124,05,2022-03-25 20:59:00,208,4,726.0,2023-05-25,2025-04-30
La Romieu,32345,32,2022-07-26 12:58:00,300,7,4975.0,2024-03-19,2026-04-14
La Roque-d'Anthéron,13084,13,2022-02-25 10:45:00,10000,4,879.0,2023-06-13,2025-01-20
La Roque-d'Anthéron,13084,13,2022-03-05 14:37:00,100,4,879.0,2023-06-13,2025-01-20
La Roque-d'Anthéron,13084,13,2022-05-19 18:19:00,7300,4,879.0,2023-06-13,2025-01-20
La Roque-d'Anthéron,13084,13,2022-07-25 12:05:00,405,4,879.0,2023-06-13,2025-01-20
La Teste-de-Buch,33529,33,2022-05-18 15:20:00,3000,7,1111.5,2023-10-31,2026-01-21
La Teste-de-Buch,33529,33,2022-06-13 15:17:00,600,7,1111.5,2023-10-31,2026-01-21
La Teste-de-Buch,33529,33,2022-07-12 14:36:00,57090000,7,1111.5,2023-10-31,2026-01-21
La Teste-de-Buch,33529,33,2022-09-04 16:16:00,120,7,1111.5,2023-10-31,2026-01-21
La Tour-d'Aigues,84133,84,2022-03-15 17:01:00,300,6,851.0,2022-08-29,2026-01-19
La Tour-d'Aigues,84133,84,2022-03-24 12:36:00,3500,6,851.0,2022-08-29,2026-01-19
La Tremblade,17452,17,2022-06-13 21:17:00,4000,1,220.0,2023-12-04,2023-12-04
La Tremblade,17452,17,2022-07-29 14:32:00,3000,1,220.0,2023-12-04,2023-12-04
La Trinité,97230,972,2022-01-24 13:07:00,1000,9,561.29,2022-04-20,2025-06-04
La Valette-du-Var,83144,83,2022-09-02 17:49:00,200,1,95.0,2026-05-27,2026-05-27
La Ville-aux-Clercs,41275,41,2022-06-18 12:52:00,300000,2,171.8,2023-01-16,2023-12-18
Labarthe,82077,82,2022-03-27 00:00:00,8000,3,484.0,2022-06-01,2023-06-29
Labarthe,82077,82,2022-08-24 14:46:00,5000,1,100.0,2023-06-29,2023-06-29
Labatie-d'Andaure,07114,07,2022-03-23 12:09:00,3000,1,220.0,2025-08-25,2025-08-25
Lablachère,07117,07,2022-08-12 00:31:00,1000,3,322.2,2025-06-11,2026-05-07
Lablachère,07117,07,2022-08-15 19:54:00,15000,3,322.2,2025-06-11,2026-05-07
Labouheyre,40134,40,2022-06-01 11:49:00,30,3,11725.0,2024-11-05,2025-12-04
Labouheyre,40134,40,2022-08-25 13:44:00,10,3,11725.0,2024-11-05,2025-12-04
Labrousse,15085,15,2022-03-28 22:44:00,5000,5,899.88,2022-05-04,2026-04-21
Labécède-Lauragais,11181,11,2022-06-18 15:45:00,200003,1,90.0,2023-08-07,2023-08-07
Labécède-Lauragais,11181,11,2022-08-04 01:17:00,150653,1,90.0,2023-08-07,2023-08-07
Lacanau,33214,33,2022-03-22 18:10:00,2000,2,395.0,2025-09-04,2025-09-04
Lacanau,33214,33,2022-05-12 23:29:00,2500,2,395.0,2025-09-04,2025-09-04
Lacanau,33214,33,2022-06-19 15:20:00,400,2,395.0,2025-09-04,2025-09-04
Lacanau,33214,33,2022-08-14 17:09:00,1500,2,395.0,2025-09-04,2025-09-04
Lacapelle-Marival,46143,46,2022-08-03 12:51:00,1000,3,474.0,2025-04-08,2026-01-12
Lacapelle-Viescamp,15088,15,2022-03-24 17:20:00,200,2,198.9,2022-05-17,2023-03-20
Lacave,46144,46,2022-08-10 18:23:00,650000,2,382.0,2025-12-04,2026-03-04
Lacave,46144,46,2022-08-12 15:03:00,200000,2,382.0,2025-12-04,2026-03-04
Lacaze,81125,81,2022-08-11 17:04:00,30000,1,230.0,2026-01-19,2026-01-19
Lacaze,81125,81,2022-08-29 16:07:00,1000,1,230.0,2026-01-19,2026-01-19
Lafrançaise,82087,82,2022-05-17 17:46:00,300,3,537.5,2023-03-24,2026-04-01
Lagarde,09150,09,2022-07-24 14:03:00,30000,1,148.0,2025-12-11,2025-12-11
Lagnes,84062,84,2022-07-15 09:50:00,5,4,610.0,2023-12-18,2026-04-21
Lagnes,84062,84,2022-08-14 12:00:00,230,4,610.0,2023-12-18,2026-04-21
Lagorce,07126,07,2022-07-13 18:43:00,5000,1,820.0,2023-03-21,2023-03-21
Lagorce,33218,33,2022-07-16 22:36:00,10500,2,481.0,2025-10-10,2025-11-24
Lagorce,07126,07,2022-08-10 19:25:00,2523800,1,820.0,2023-03-21,2023-03-21
Lagrave,81131,81,2022-07-19 00:32:00,300,3,399.0,2022-09-05,2025-12-17
Laluque,40142,40,2022-06-20 10:59:00,1200,1,12540.0,2025-12-11,2025-12-11
Laluque,40142,40,2022-08-02 14:38:00,326000,1,12540.0,2025-12-11,2025-12-11
Laluque,40142,40,2022-08-10 16:31:00,1000,1,12540.0,2025-12-11,2025-12-11
Laluque,40142,40,2022-09-18 17:54:00,99730,1,12540.0,2025-12-11,2025-12-11
Laluque,40142,40,2022-10-20 14:07:00,258000,1,12540.0,2025-12-11,2025-12-11
Laluque,40142,40,2022-10-26 15:22:00,5000,1,12540.0,2025-12-11,2025-12-11
Lamalou-les-Bains,34126,34,2022-08-23 15:56:00,812,1,150.0,2025-11-25,2025-11-25
Lamarche,88258,88,2022-01-24 21:36:00,4,5,973.94,2022-06-21,2025-12-02
Lamastre,07129,07,2022-06-20 15:38:00,45000,2,450.0,2025-04-23,2026-03-06
Lamastre,07129,07,2022-07-28 00:19:00,7000,2,450.0,2025-04-23,2026-03-06
Lamastre,07129,07,2022-08-13 11:00:00,105000,2,450.0,2025-04-23,2026-03-06
Lamayou,64309,64,2022-09-12 15:08:55,40000,4,699.0,2024-04-05,2025-11-28
Lambesc,13050,13,2022-02-06 17:11:00,100,10,1514.9,2022-04-19,2026-01-08
Lambesc,13050,13,2022-02-18 14:28:00,200,10,1514.9,2022-04-19,2026-01-08
Lambesc,13050,13,2022-03-30 20:38:00,20,10,1514.9,2022-04-19,2026-01-08
Lambesc,13050,13,2022-04-12 19:58:00,40,10,1514.9,2022-04-19,2026-01-08
Lambesc,13050,13,2022-05-24 10:45:00,200,9,1415.9,2022-08-19,2026-01-08
Lambesc,13050,13,2022-08-03 16:51:00,17300,9,1415.9,2022-08-19,2026-01-08
Lamotte-Beuvron,41106,41,2022-05-29 18:25:00,50,2,433.25,2023-03-31,2024-10-02
Lanarce,07130,07,2022-04-10 14:32:00,10000,1,110.0,2025-06-26,2025-06-26
Landerneau,29103,29,2022-05-25 08:33:00,20,5,878.0,2022-12-22,2026-05-20
Landiras,33225,33,2022-07-12 16:31:00,125520000,6,4318.0,2023-07-19,2026-03-25
Landiras,33225,33,2022-08-12 12:36:00,67427000,6,4318.0,2023-07-19,2026-03-25
Lanester,56098,56,2022-07-09 15:15:00,30,7,1113.0,2023-12-07,2026-05-26
Lanester,56098,56,2022-07-16 10:19:00,400,7,1113.0,2023-12-07,2026-05-26
Lanester,56098,56,2022-07-17 08:54:00,100,7,1113.0,2023-12-07,2026-05-26
Langeais,37123,37,2022-09-22 00:06:00,60000,4,8344.6,2024-02-20,2025-07-16
Languidic,56101,56,2022-09-17 16:13:00,15,22,6881.0,2023-06-28,2026-05-05
Lanobre,15092,15,2022-08-10 16:13:00,500,1,99.0,2025-09-05,2025-09-05
Lanobre,15092,15,2022-08-11 19:07:00,200,1,99.0,2025-09-05,2025-09-05
Lanton,33229,33,2022-04-04 18:40:00,300,1,250.0,2025-02-14,2025-02-14
Lanton,33229,33,2022-05-28 20:43:00,1000,1,250.0,2025-02-14,2025-02-14
Lanuéjols,30139,30,2022-07-09 16:33:00,8774,5,923.9,2023-07-03,2025-04-23
Lançon-Provence,13051,13,2022-02-01 18:06:00,22600,8,1315.0,2022-06-17,2026-04-23
Lançon-Provence,13051,13,2022-03-08 15:03:00,2000,8,1315.0,2022-06-17,2026-04-23
Lançon-Provence,13051,13,2022-04-05 05:45:00,10,8,1315.0,2022-06-17,2026-04-23
Lançon-Provence,13051,13,2022-05-24 16:36:00,150,8,1315.0,2022-06-17,2026-04-23
Lançon-Provence,13051,13,2022-05-29 12:17:00,5000,8,1315.0,2022-06-17,2026-04-23
Lançon-Provence,13051,13,2022-06-07 14:03:00,300,8,1315.0,2022-06-17,2026-04-23
Lançon-Provence,13051,13,2022-06-09 12:16:00,5000,8,1315.0,2022-06-17,2026-04-23
Lançon-Provence,13051,13,2022-06-12 15:30:00,27000,8,1315.0,2022-06-17,2026-04-23
Lançon-Provence,13051,13,2022-06-13 18:09:00,10000,8,1315.0,2022-06-17,2026-04-23
Lançon-Provence,13051,13,2022-06-14 23:05:00,5,8,1315.0,2022-06-17,2026-04-23
Lançon-Provence,13051,13,2022-06-17 14:37:00,50,7,1225.0,2024-01-15,2026-04-23
Lançon-Provence,13051,13,2022-06-27 14:01:00,100,7,1225.0,2024-01-15,2026-04-23
Lançon-Provence,13051,13,2022-06-27 15:47:00,100,7,1225.0,2024-01-15,2026-04-23
Lançon-Provence,13051,13,2022-07-05 08:58:00,50,7,1225.0,2024-01-15,2026-04-23
Lançon-Provence,13051,13,2022-07-07 07:30:00,5,7,1225.0,2024-01-15,2026-04-23
Lançon-Provence,13051,13,2022-07-09 14:45:00,30,7,1225.0,2024-01-15,2026-04-23
Lançon-Provence,13051,13,2022-07-28 16:20:00,200,7,1225.0,2024-01-15,2026-04-23
Lançon-Provence,13051,13,2022-08-05 20:48:00,2993,7,1225.0,2024-01-15,2026-04-23
Lançon-Provence,13051,13,2022-08-20 15:17:00,10,7,1225.0,2024-01-15,2026-04-23
Lapouyade,33230,33,2022-05-02 22:57:00,400,1,99.0,2023-01-04,2023-01-04
Laramière,46154,46,2022-03-25 15:14:00,15000,8,4180.8,2022-05-25,2025-10-27
Larmor-Plage,56107,56,2022-10-04 16:07:00,2,1,50.0,2026-03-18,2026-03-18
Laroque-de-Fa,11191,11,2022-10-01 15:43:00,31900,1,250.0,2025-06-26,2025-06-26
Larrazet,82093,82,2022-05-28 14:12:00,10000,4,719.0,2023-08-09,2025-03-19
Laruscade,33233,33,2022-03-23 16:41:00,20000,2,168.0,2024-07-04,2024-12-26
Laruscade,33233,33,2022-08-24 23:00:00,1000,2,168.0,2024-07-04,2024-12-26
Latoue,31278,31,2022-07-20 14:11:00,20000,2,339.9,2023-10-27,2025-10-21
Latour-de-Carol,66095,66,2022-11-10 16:46:00,100,4,690.0,2023-04-18,2026-02-12
Laudun-l'Ardoise,30141,30,2022-07-17 11:58:00,3000,2,212.0,2023-06-22,2024-02-12
Laugnac,47140,47,2022-03-26 20:51:48,20000,1,88.0,2025-08-13,2025-08-13
Laurac,11196,11,2022-08-13 10:58:00,20297,1,250.0,2025-04-07,2025-04-07
Laurac-en-Vivarais,07134,07,2022-05-20 15:43:00,285500,1,133.3,2025-08-27,2025-08-27
Laurac-en-Vivarais,07134,07,2022-07-22 16:34:00,713800,1,133.3,2025-08-27,2025-08-27
Laure-Minervois,11198,11,2022-03-08 12:47:00,400,1,158.0,2025-09-03,2025-09-03
Laure-Minervois,11198,11,2022-05-01 19:23:00,700,1,158.0,2025-09-03,2025-09-03
Laure-Minervois,11198,11,2022-06-10 15:26:00,60,1,158.0,2025-09-03,2025-09-03
Laure-Minervois,11198,11,2022-07-14 09:31:00,1200,1,158.0,2025-09-03,2025-09-03
Laure-Minervois,11198,11,2022-08-18 23:29:00,200,1,158.0,2025-09-03,2025-09-03
Laussonne,43115,43,2022-03-06 13:43:00,10500,1,158.0,2025-07-02,2025-07-02
Lauzach,56109,56,2022-10-30 09:37:00,2,4,776.0,2025-04-22,2026-04-24
Lavars,38208,38,2022-06-16 14:56:00,10,1,100.0,2025-02-06,2025-02-06
Laye,05072,05,2022-03-27 13:28:00,35,3,534.1,2024-12-24,2026-02-12
Layrac-sur-Tarn,31288,31,2022-07-18 18:33:00,150000,1,220.0,2026-04-21,2026-04-21
Lazer,05073,05,2022-02-10 15:51:00,2900,2,16480.0,2022-11-09,2023-07-06
Le Barp,33029,33,2022-06-01 17:47:00,1000,9,1341.0,2022-10-27,2026-01-21
Le Bosc,34036,34,2022-07-16 03:52:00,905,3,600.0,2025-02-28,2025-07-08
Le Bosc,34036,34,2022-07-16 20:46:00,905,3,600.0,2025-02-28,2025-07-08
Le Bosc,34036,34,2022-07-17 04:05:00,297,3,600.0,2025-02-28,2025-07-08
Le Bosc,34036,34,2022-07-26 03:14:00,834,3,600.0,2025-02-28,2025-07-08
Le Boulou,66024,66,2022-07-04 23:24:00,126,6,960.7,2025-08-22,2026-05-27
Le Brusquet,04036,04,2022-02-04 15:00:00,39300,6,1084.0,2023-04-26,2025-10-29
Le Burgaud,31093,31,2022-07-25 11:00:00,5000,9,1526.0,2022-09-12,2025-11-24
Le Cannet-des-Maures,83031,83,2022-06-18 22:24:00,85,4,435.0,2024-03-26,2026-03-02
Le Caylar,34064,34,2022-08-02 11:17:00,12486,2,198.0,2024-03-21,2026-03-26
Le Chalard,87031,87,2022-08-09 13:14:34,8000,2,375.0,2026-01-08,2026-01-29
Le Chambon-sur-Lignon,43051,43,2022-07-21 16:06:00,15900,1,250.0,2026-01-16,2026-01-16
Le Cheylard,07064,07,2022-03-25 12:40:00,15000,2,260.0,2024-11-27,2025-04-25
Le Cheylard,07064,07,2022-06-19 17:20:00,7000,2,260.0,2024-11-27,2025-04-25
Le Cheylard,07064,07,2022-06-20 09:55:00,43600,2,260.0,2024-11-27,2025-04-25
Le Controis-en-Sologne,41059,41,2022-03-25 16:14:00,15,11,1749.7,2023-09-04,2026-01-22
Le Controis-en-Sologne,41059,41,2022-07-18 15:21:00,1200,11,1749.7,2023-09-04,2026-01-22
Le Controis-en-Sologne,41059,41,2022-08-07 17:46:00,10000,11,1749.7,2023-09-04,2026-01-22
Le Creusot,71153,71,2022-07-28 16:25:00,1,1,100.0,2024-08-02,2024-08-02
Le Creusot,71153,71,2022-08-10 03:03:00,20000,1,100.0,2024-08-02,2024-08-02
Le Diamant,97206,972,2022-03-28 15:38:00,10000,2,199.52,2025-07-31,2025-08-01
Le Diamant,97206,972,2022-04-23 18:37:00,3000,2,199.52,2025-07-31,2025-08-01
Le Diamant,97206,972,2022-04-24 18:04:00,20,2,199.52,2025-07-31,2025-08-01
Le Drennec,29047,29,2022-05-14 22:52:00,20,3,333.75,2023-05-09,2026-05-13
Le Fossat,09124,09,2022-02-26 13:06:00,20000,2,575.2,2024-07-04,2026-03-23
Le François,97210,972,2022-03-26 18:43:00,20,14,943.46,2022-09-15,2025-10-24
Le François,97210,972,2022-04-14 11:21:00,3000,14,943.46,2022-09-15,2025-10-24
Le François,97210,972,2022-05-18 18:51:00,100,14,943.46,2022-09-15,2025-10-24
Le Garric,81101,81,2022-07-20 22:49:00,6000,1,110.0,2024-08-30,2024-08-30
Le Grand-Lemps,38182,38,2022-03-09 15:24:00,500,2,448.0,2026-02-03,2026-04-29
Le Grand-Quevilly,76322,76,2022-08-29 14:32:00,5000,2,215.0,2025-03-27,2025-06-11
Le Grau-du-Roi,30133,30,2022-03-02 12:29:00,300,3,509.9,2022-09-23,2024-11-14
Le Grau-du-Roi,30133,30,2022-04-05 11:41:00,179,3,509.9,2022-09-23,2024-11-14
Le Haillan,33200,33,2022-08-09 17:32:00,30000,8,1227.28,2023-09-26,2026-04-09
Le Havre,76351,76,2022-07-17 20:13:00,12000,8,2043.0,2024-12-06,2026-03-10
Le Havre,76351,76,2022-07-18 21:10:00,10000,8,2043.0,2024-12-06,2026-03-10
Le Lamentin,97213,972,2022-03-23 14:06:00,80,38,2933.87,2022-05-04,2025-07-08
Le Lamentin,97213,972,2022-04-07 13:10:00,1000,38,2933.87,2022-05-04,2025-07-08
Le Lamentin,97213,972,2022-04-22 18:09:00,12,38,2933.87,2022-05-04,2025-07-08
Le Lesme,27565,27,2022-07-16 15:40:00,11000,3,580.0,2025-10-27,2025-12-17
Le Luc,83073,83,2022-06-13 00:45:00,2000,6,808.0,2023-05-05,2026-02-18
Le Mans,72181,72,2022-05-06 21:19:00,15,31,10572.99,2022-05-09,2026-05-13
Le Mans,72181,72,2022-05-17 14:41:00,500,30,10522.99,2022-07-22,2026-05-13
Le Mans,72181,72,2022-05-19 09:53:00,4,30,10522.99,2022-07-22,2026-05-13
Le Mans,72181,72,2022-06-20 15:54:00,300,30,10522.99,2022-07-22,2026-05-13
Le Mans,72181,72,2022-08-06 16:48:00,68000,29,10472.99,2022-09-13,2026-05-13
Le Marin,97217,972,2022-01-08 18:47:00,10,7,562.58,2022-10-24,2024-03-14
Le Marin,97217,972,2022-05-05 08:41:00,100,7,562.58,2022-10-24,2024-03-14
Le Marin,97217,972,2022-05-22 16:15:00,20,7,562.58,2022-10-24,2024-03-14
Le Marin,97217,972,2022-06-07 13:21:00,500,7,562.58,2022-10-24,2024-03-14
Le Marin,97217,972,2022-07-09 15:28:00,400,7,562.58,2022-10-24,2024-03-14
Le Merlerault,61275,61,2022-08-12 13:41:38,2000,4,975.0,2025-10-13,2026-03-25
Le Monteil-au-Vicomte,23134,23,2022-05-31 17:39:00,5000,2,348.0,2023-01-19,2024-07-23
Le Morne-Vert,97233,972,2022-04-06 14:34:00,200,2,119.2,2023-06-02,2024-10-16
Le Muy,83086,83,2022-04-17 17:52:00,600,2,336.0,2024-09-20,2025-02-20
Le Palais,56152,56,2022-09-04 20:23:00,800,3,427.0,2022-10-28,2026-04-08
Le Pian-Médoc,33322,33,2022-03-24 12:37:00,700,3,1314.0,2025-02-17,2025-06-06
Le Pian-Médoc,33322,33,2022-03-24 23:47:00,100,3,1314.0,2025-02-17,2025-06-06
Le Pian-Médoc,33322,33,2022-07-17 03:17:00,50000,3,1314.0,2025-02-17,2025-06-06
Le Pin-la-Garenne,61329,61,2022-08-12 11:58:36,200000,3,189.0,2023-08-18,2025-01-21
Le Pizou,24329,24,2022-08-24 17:55:00,5000,1,132.0,2025-09-04,2025-09-04
Le Pompidou,48115,48,2022-06-06 14:08:00,15000,1,98.0,2024-05-21,2024-05-21
Le Pompidou,48115,48,2022-09-20 11:07:00,16800,1,98.0,2024-05-21,2024-05-21
Le Pont-de-Claix,38317,38,2022-08-02 22:36:00,250,6,2832.76,2024-07-02,2026-01-19
Le Port,97407,974,2022-08-03 13:02:00,20130,19,8085.5599999999995,2022-08-25,2025-01-23
Le Poët,05103,05,2022-05-30 11:12:00,1000,9,1680.89,2022-12-06,2026-04-01
Le Puy-Sainte-Réparade,13080,13,2022-02-06 18:26:00,1000,3,562.0,2022-11-18,2025-09-23
Le Puy-Sainte-Réparade,13080,13,2022-03-04 17:03:00,50,3,562.0,2022-11-18,2025-09-23
Le Puy-Sainte-Réparade,13080,13,2022-03-19 14:33:00,2000,3,562.0,2022-11-18,2025-09-23
Le Puy-Sainte-Réparade,13080,13,2022-05-01 19:03:00,1000,3,562.0,2022-11-18,2025-09-23
Le Puy-Sainte-Réparade,13080,13,2022-07-07 15:51:00,23200,3,562.0,2022-11-18,2025-09-23
Le Puy-en-Velay,43157,43,2022-08-12 17:25:00,98500,5,711.0,2023-01-24,2025-11-05
Le Relecq-Kerhuon,29235,29,2022-08-14 00:34:00,50,4,1348.0,2024-07-29,2026-03-31
Le Robert,97222,972,2022-03-27 08:01:00,10000,30,2321.69,2023-11-24,2025-12-26
Le Rouget-Pers,15268,15,2022-03-19 15:01:00,300,3,560.0,2023-07-25,2025-09-10
Le Roulier,88399,88,2022-07-19 13:32:00,120,1,99.0,2025-09-25,2025-09-25
Le Rove,13088,13,2022-05-28 09:21:00,5,3,570.0,2023-08-10,2025-03-04
Le Rove,13088,13,2022-06-10 15:23:00,500,3,570.0,2023-08-10,2025-03-04
Le Rove,13088,13,2022-06-17 02:20:00,300,3,570.0,2023-08-10,2025-03-04
Le Rove,13088,13,2022-06-19 23:47:00,10,3,570.0,2023-08-10,2025-03-04
Le Rove,13088,13,2022-07-11 17:05:00,3500,3,570.0,2023-08-10,2025-03-04
Le Rove,13088,13,2022-07-13 01:30:00,50,3,570.0,2023-08-10,2025-03-04
Le Rove,13088,13,2022-07-17 20:26:00,2,3,570.0,2023-08-10,2025-03-04
Le Rove,13088,13,2022-09-10 12:12:00,10,3,570.0,2023-08-10,2025-03-04
Le Rove,13088,13,2022-09-17 04:32:00,10,3,570.0,2023-08-10,2025-03-04
Le Sen,40297,40,2022-09-02 07:54:00,41940,2,680.0,2023-02-13,2024-02-23
Le Sequestre,81284,81,2022-08-10 13:16:00,500,3,600.0,2023-06-28,2025-10-10
Le Soulié,34305,34,2022-08-18 13:20:00,26,2,470.0,2023-09-12,2026-05-27
Le Subdray,18255,18,2022-06-17 17:49:00,100,4,819.0,2023-03-17,2024-08-19
Le Taillan-Médoc,33519,33,2022-08-28 16:48:00,100,2,303.0,2026-01-12,2026-05-19
Le Tampon,97422,974,2022-11-15 11:24:00,6716,5,484.2,2022-11-24,2024-12-17
Le Teich,33527,33,2022-07-09 21:43:00,200,3,429.4,2022-08-24,2025-04-28
Le Teich,33527,33,2022-07-10 06:24:00,10,3,429.4,2022-08-24,2025-04-28
Le Teich,33527,33,2022-08-08 20:14:00,2000,3,429.4,2022-08-24,2025-04-28
Le Teich,33527,33,2022-08-27 20:31:00,200,2,330.0,2024-10-16,2025-04-28
Le Teich,33527,33,2022-09-11 16:27:00,4000,2,330.0,2024-10-16,2025-04-28
Le Teich,33527,33,2022-09-16 20:23:00,2000,2,330.0,2024-10-16,2025-04-28
Le Teich,33527,33,2022-09-17 22:59:00,900,2,330.0,2024-10-16,2025-04-28
Le Thillot,88468,88,2022-04-17 14:16:00,1000,1,160.0,2025-06-06,2025-06-06
Le Tholonet,13109,13,2022-07-21 15:59:00,160,1,119.0,2025-02-25,2025-02-25
Le Vauclin,97232,972,2022-02-19 15:00:00,50,1,99.68,2022-09-30,2022-09-30
Le Vauclin,97232,972,2022-03-02 17:37:00,100,1,99.68,2022-09-30,2022-09-30
Le Vauclin,97232,972,2022-05-20 11:43:00,2500,1,99.68,2022-09-30,2022-09-30
Le Vauclin,97232,972,2022-05-23 21:30:00,50,1,99.68,2022-09-30,2022-09-30
Le Verger,35351,35,2022-07-15 17:41:00,216700,1,165.0,2025-12-11,2025-12-11
Le Verger,35351,35,2022-07-20 08:56:00,10,1,165.0,2025-12-11,2025-12-11
Le Vernet,09331,09,2022-07-18 14:27:00,600000,2,187.6,2023-03-09,2024-10-09
Le Vigan,46334,46,2022-02-09 14:22:00,15000,6,1006.9,2024-04-25,2026-03-03
Lecci,2A139,2A,2022-11-04 15:01:00,500,2,200.0,2023-03-02,2024-04-17
Lencloître,86128,86,2022-06-01 12:26:10,1200,1,180.0,2025-04-10,2025-04-10
Lencloître,86128,86,2022-06-03 17:03:00,20,1,180.0,2025-04-10,2025-04-10
Lendou-en-Quercy,46262,46,2022-07-28 01:08:00,700,4,826.6,2024-09-11,2026-01-13
Lennon,29123,29,2022-07-16 10:55:00,20,4,534.0,2024-05-06,2026-04-15
Les Albres,12003,12,2022-08-08 13:59:00,64400,1,250.0,2023-12-04,2023-12-04
Les Albres,12003,12,2022-09-05 22:45:00,10400,1,250.0,2023-12-04,2023-12-04
Les Angles,66004,66,2022-09-17 14:16:00,10,1,90.0,2024-06-25,2024-06-25
Les Artigues-de-Lussac,33014,33,2022-06-24 18:40:00,30000,1,240.0,2025-01-22,2025-01-22
Les Artigues-de-Lussac,33014,33,2022-08-12 04:22:00,2000,1,240.0,2025-01-22,2025-01-22
Les Artigues-de-Lussac,33014,33,2022-08-12 16:49:00,500,1,240.0,2025-01-22,2025-01-22
Les Aspres,61422,61,2022-08-22 20:46:10,300,2,375.0,2025-12-02,2025-12-02
Les Avenières Veyrins-Thuellin,38022,38,2022-08-10 15:09:00,12500,9,5952.0,2022-11-04,2026-02-03
Les Bois d'Anjou,49138,49,2022-05-07 12:58:00,3000,8,1135.6,2022-09-30,2026-02-26
Les Bois d'Anjou,49138,49,2022-07-02 21:48:00,800,8,1135.6,2022-09-30,2026-02-26
Les Bondons,48028,48,2022-08-05 18:48:00,290000,4,912.0,2023-08-08,2025-09-02
Les Loges-Marchis,50274,50,2022-08-05 14:48:35,400,2,408.0,2025-02-10,2025-02-10
Les Mathes,17225,17,2022-06-19 00:03:00,90,2,173.0,2022-09-28,2022-10-07
Les Menus,61274,61,2022-09-12 18:17:05,5000,1,65.0,2023-08-08,2023-08-08
Les Monts d'Andaine,61463,61,2022-08-05 12:39:33,5000,1,132.0,2026-04-23,2026-04-23
Les Pennes-Mirabeau,13071,13,2022-01-12 14:35:00,600,7,748.0,2022-11-28,2026-05-22
Les Pennes-Mirabeau,13071,13,2022-03-18 08:37:00,5,7,748.0,2022-11-28,2026-05-22
Les Pennes-Mirabeau,13071,13,2022-03-23 14:25:00,2000,7,748.0,2022-11-28,2026-05-22
Les Pennes-Mirabeau,13071,13,2022-03-28 00:44:00,500,7,748.0,2022-11-28,2026-05-22
Les Pennes-Mirabeau,13071,13,2022-05-23 15:37:00,20000,7,748.0,2022-11-28,2026-05-22
Les Pennes-Mirabeau,13071,13,2022-05-29 13:44:00,500,7,748.0,2022-11-28,2026-05-22
Les Pennes-Mirabeau,13071,13,2022-06-01 15:56:00,10,7,748.0,2022-11-28,2026-05-22
Les Pennes-Mirabeau,13071,13,2022-06-07 11:10:00,3000,7,748.0,2022-11-28,2026-05-22
Les Pennes-Mirabeau,13071,13,2022-06-09 05:08:00,400,7,748.0,2022-11-28,2026-05-22
Les Pennes-Mirabeau,13071,13,2022-06-10 05:08:00,400,7,748.0,2022-11-28,2026-05-22
Les Pennes-Mirabeau,13071,13,2022-07-05 14:59:00,8000,7,748.0,2022-11-28,2026-05-22
Les Pennes-Mirabeau,13071,13,2022-07-14 23:36:00,300,7,748.0,2022-11-28,2026-05-22
Les Pennes-Mirabeau,13071,13,2022-07-22 13:01:00,500,7,748.0,2022-11-28,2026-05-22
Les Pennes-Mirabeau,13071,13,2022-07-31 17:38:00,10000,7,748.0,2022-11-28,2026-05-22
Les Pennes-Mirabeau,13071,13,2022-07-31 18:11:00,35,7,748.0,2022-11-28,2026-05-22
Les Pennes-Mirabeau,13071,13,2022-10-03 05:07:00,500,7,748.0,2022-11-28,2026-05-22
Les Pieux,50402,50,2022-07-20 00:39:31,500,1,143.0,2024-04-29,2024-04-29
Les Pieux,50402,50,2022-09-10 20:32:58,80,1,143.0,2024-04-29,2024-04-29
Les Poulières,88356,88,2022-03-08 14:21:00,20,1,250.0,2026-04-21,2026-04-21
Les Poulières,88356,88,2022-03-23 15:17:00,20,1,250.0,2026-04-21,2026-04-21
Les Riceys,10317,10,2022-03-24 12:57:00,30500,2,175.0,2023-10-16,2025-12-15
Les Riceys,10317,10,2022-03-24 14:34:00,40000,2,175.0,2023-10-16,2025-12-15
Les Rives,34230,34,2022-07-28 13:40:00,291900,3,730.0,2025-05-14,2025-09-08
Les Sables-d'Olonne,85194,85,2022-07-07 14:16:00,5000,20,2752.0,2024-03-25,2026-05-13
Les Sables-d'Olonne,85194,85,2022-08-06 01:01:00,10000,20,2752.0,2024-03-25,2026-05-13
Les Sables-d'Olonne,85194,85,2022-08-07 20:24:00,800,20,2752.0,2024-03-25,2026-05-13
Les Sables-d'Olonne,85194,85,2022-08-12 15:34:00,10,20,2752.0,2024-03-25,2026-05-13
Les Salles-du-Gardon,30307,30,2022-06-20 18:21:00,300,2,470.0,2026-04-15,2026-04-23
Les Sorinières,44198,44,2022-07-18 15:31:00,50,6,1004.0,2023-02-02,2026-04-24
Les Trois-Bassins,97423,974,2022-12-19 08:31:00,55342,1,100.0,2024-07-30,2024-07-30
Les Trois-Bassins,97423,974,2022-12-20 11:23:00,40372,1,100.0,2024-07-30,2024-07-30
Les Trois-Îlets,97231,972,2022-02-09 15:22:00,4000,3,182.12,2022-12-06,2025-08-11
Les Églises-d'Argenteuil,17150,17,2022-08-03 11:18:00,200,2,375.0,2024-02-21,2026-01-23
Lesparre-Médoc,33240,33,2022-09-22 05:49:00,10000,2,505.0,2024-02-19,2025-09-10
Lesperon,40152,40,2022-03-09 17:21:00,30,6,30231.8,2024-02-22,2026-02-25
Lesperon,40152,40,2022-08-17 11:26:00,3000,6,30231.8,2024-02-22,2026-02-25
Lesperon,40152,40,2022-09-14 11:44:00,4500,6,30231.8,2024-02-22,2026-02-25
Lessay,50267,50,2022-05-15 16:20:28,40,3,449.75,2022-09-16,2025-09-02
Letia,2A141,2A,2022-01-18 11:49:00,3,1,248.0,2023-12-01,2023-12-01
Letia,2A141,2A,2022-03-10 19:38:00,3,1,248.0,2023-12-01,2023-12-01
Letia,2A141,2A,2022-08-08 18:08:00,50,1,248.0,2023-12-01,2023-12-01
Letia,2A141,2A,2022-08-21 18:50:00,200,1,248.0,2023-12-01,2023-12-01
Leucate,11202,11,2022-05-17 12:36:00,300,2,972.0,2023-08-25,2025-11-14
Leucate,11202,11,2022-08-07 07:58:00,50,2,972.0,2023-08-25,2025-11-14
Lieutadès,15106,15,2022-05-12 14:35:00,250000,4,653.0,2024-08-06,2025-09-23
Liffré,35152,35,2022-05-16 14:17:00,202200,9,1405.0,2023-05-04,2026-04-14
Liffré,35152,35,2022-07-17 10:10:00,30,9,1405.0,2023-05-04,2026-04-14
Liffré,35152,35,2022-07-24 12:05:00,20,9,1405.0,2023-05-04,2026-04-14
Lignan-de-Bazas,33244,33,2022-08-13 16:49:00,10000,2,187.0,2025-07-29,2026-01-13
Ligny-le-Châtel,89227,89,2022-08-12 14:07:00,130000,1,82.8,2023-10-25,2023-10-25
Limoges,87085,87,2022-05-31 18:17:28,30,36,5631.3,2022-09-22,2026-05-29
Limoges,87085,87,2022-09-21 08:15:05,1,36,5631.3,2022-09-22,2026-05-29
Limoux,11206,11,2022-10-05 14:43:00,113339,8,3191.0,2024-01-17,2026-04-21
Linguizzetta,2B143,2B,2022-06-13 12:06:00,730000,5,1847.14,2022-10-12,2024-05-28
Linguizzetta,2B143,2B,2022-07-09 09:48:00,1000,5,1847.14,2022-10-12,2024-05-28
Linguizzetta,2B143,2B,2022-07-15 15:52:00,2000,5,1847.14,2022-10-12,2024-05-28
Linguizzetta,2B143,2B,2022-07-19 14:51:00,500,5,1847.14,2022-10-12,2024-05-28
Linguizzetta,2B143,2B,2022-07-23 12:06:00,1500,5,1847.14,2022-10-12,2024-05-28
Linguizzetta,2B143,2B,2022-07-30 12:50:00,60,5,1847.14,2022-10-12,2024-05-28
Linguizzetta,2B143,2B,2022-07-30 14:39:00,10,5,1847.14,2022-10-12,2024-05-28
Lioux,84066,84,2022-04-12 16:37:00,3400,1,120.0,2024-09-23,2024-09-23
Lisle-sur-Tarn,81145,81,2022-07-31 19:18:00,2000,6,1222.0,2023-04-25,2025-11-20
Lissac,43122,43,2022-07-18 10:39:00,100,7,1648.63,2024-07-23,2026-03-31
Listrac-Médoc,33248,33,2022-03-02 08:00:00,15000,1,99.8,2024-10-09,2024-10-09
Listrac-Médoc,33248,33,2022-03-06 12:46:00,1500,1,99.8,2024-10-09,2024-10-09
Listrac-Médoc,33248,33,2022-05-19 04:59:00,3000,1,99.8,2024-10-09,2024-10-09
Listrac-Médoc,33248,33,2022-08-24 18:23:00,20000,1,99.8,2024-10-09,2024-10-09
Listrac-Médoc,33248,33,2022-08-27 12:45:00,20000,1,99.8,2024-10-09,2024-10-09
Livarot-Pays-d'Auge,14371,14,2022-08-22 15:32:00,20000,6,769.0,2022-12-06,2026-03-31
Livron-sur-Drôme,26165,26,2022-08-01 17:05:00,5000,9,1638.0,2022-12-15,2026-01-12
Loc-Eguiner,29128,29,2022-07-16 18:29:00,20,2,294.0,2025-03-21,2026-02-25
Locmaria-Plouzané,29130,29,2022-06-05 18:22:00,10,5,1975.0,2023-12-05,2026-02-03
Locmaria-Plouzané,29130,29,2022-06-06 19:58:00,100,5,1975.0,2023-12-05,2026-02-03
Locmaria-Plouzané,29130,29,2022-07-12 22:29:00,3000,5,1975.0,2023-12-05,2026-02-03
Locoal-Mendon,56119,56,2022-08-09 12:30:00,40,4,739.0,2023-11-03,2025-03-20
Loire-Authion,49307,49,2022-08-13 13:48:00,1700000,20,4305.0,2023-07-17,2026-04-23
Loireauxence,44213,44,2022-07-18 16:10:00,60,20,2878.8,2023-03-24,2026-05-28
Lombers,81147,81,2022-08-06 21:18:00,2000,7,1258.0,2022-09-12,2026-04-15
Longny les Villages,61230,61,2022-07-26 19:31:16,1000000,2,313.0,2024-09-27,2024-12-10
Longny les Villages,61230,61,2022-08-25 12:01:31,150000,2,313.0,2024-09-27,2024-12-10
Longué-Jumelles,49180,49,2022-07-12 15:51:00,1000,14,3282.0,2023-07-13,2025-11-12
Lonlay-l'Abbaye,61232,61,2022-07-13 17:23:48,800,1,99.0,2025-11-20,2025-11-20
Lonlay-l'Abbaye,61232,61,2022-08-04 13:16:47,4000,1,99.0,2025-11-20,2025-11-20
Lopérec,29139,29,2022-06-14 17:37:00,400,2,350.0,2023-12-21,2026-05-12
Loqueffret,29141,29,2022-04-27 14:44:00,30,1,200.0,2026-04-15,2026-04-15
Lorgues,83072,83,2022-02-08 11:58:00,1500,2,242.0,2025-05-02,2025-08-05
Lorgues,83072,83,2022-03-11 14:33:00,500,2,242.0,2025-05-02,2025-08-05
Lorgues,83072,83,2022-05-21 16:04:00,400,2,242.0,2025-05-02,2025-08-05
Lorgues,83072,83,2022-05-29 19:02:00,2,2,242.0,2025-05-02,2025-08-05
Losse,40158,40,2022-08-13 21:09:00,200,2,314.0,2023-09-19,2024-08-29
Loupian,34143,34,2022-07-24 08:46:00,10531,1,250.0,2025-07-11,2025-07-11
Loupmont,55303,55,2022-08-03 19:08:00,800,2,467.0,2023-07-03,2025-12-17
Loury,45188,45,2022-08-11 14:16:00,500,2,23100.0,2025-09-23,2025-09-23
Louviers,27375,27,2022-07-07 12:54:00,200,3,582.0,2023-10-26,2026-02-12
Louviers,27375,27,2022-07-30 21:30:00,30,3,582.0,2023-10-26,2026-02-12
Lucciana,2B148,2B,2022-04-30 14:18:00,200,6,717.81,2024-01-03,2026-02-18
Lucey,21359,21,2022-07-25 14:00:00,1000,1,90.0,2025-02-06,2025-02-06
Lucinges,74153,74,2022-04-21 15:33:00,1000,1,66.6,2023-03-28,2023-03-28
Lumigny-Nesles-Ormeaux,77264,77,2022-04-25 22:00:00,150,1,160.0,2024-04-10,2024-04-10
Lunay,41120,41,2022-03-23 12:13:00,70000,7,1262.0,2022-09-13,2026-01-15
Lussac,33261,33,2022-08-30 08:13:00,100,1,90.0,2025-03-04,2025-03-04
Lussas,07145,07,2022-07-18 20:08:00,20000,2,189.8,2023-12-27,2025-05-21
Lussas,07145,07,2022-07-27 09:43:00,11200800,2,189.8,2023-12-27,2025-05-21
Luxey,40167,40,2022-09-06 17:15:00,184110,1,220.0,2026-02-16,2026-02-16
Lys-Haut-Layon,49373,49,2022-07-11 11:05:00,15000,28,4961.8,2022-07-13,2026-04-09
Lège-Cap-Ferret,33236,33,2022-06-18 17:58:00,10000,1,85.0,2025-01-06,2025-01-06
Lège-Cap-Ferret,33236,33,2022-07-18 06:28:00,500,1,85.0,2025-01-06,2025-01-06
Lège-Cap-Ferret,33236,33,2022-08-10 00:50:00,5000,1,85.0,2025-01-06,2025-01-06
Lédenon,30145,30,2022-06-13 14:44:00,376800,2,184.8,2023-10-23,2023-10-23
Léotoing,43121,43,2022-08-03 14:36:00,24050,7,1471.0,2025-02-06,2026-02-18
Lésigny,86129,86,2022-07-15 17:53:02,3000,1,89.0,2023-11-29,2023-11-29
Lézignan-Corbières,11203,11,2022-03-26 22:29:00,10,14,2320.8,2022-09-08,2026-04-24
Lézignan-Corbières,11203,11,2022-04-02 17:18:00,10,14,2320.8,2022-09-08,2026-04-24
Lézignan-Corbières,11203,11,2022-05-29 21:33:00,5,14,2320.8,2022-09-08,2026-04-24
Lézignan-Corbières,11203,11,2022-07-06 23:42:00,1500,14,2320.8,2022-09-08,2026-04-24
Lézignan-Corbières,11203,11,2022-08-14 17:37:00,200,14,2320.8,2022-09-08,2026-04-24
Lézignan-Corbières,11203,11,2022-09-18 18:13:00,10,13,2100.8,2023-02-21,2026-04-24
Lézignan-Corbières,11203,11,2022-10-10 15:04:00,3000,13,2100.8,2023-02-21,2026-04-24
Lézignan-Corbières,11203,11,2022-11-14 08:40:00,600,13,2100.8,2023-02-21,2026-04-24
Macé,61240,61,2022-07-19 14:50:16,100000,2,419.0,2024-05-16,2024-05-16
Macé,61240,61,2022-08-11 16:37:27,600,2,419.0,2024-05-16,2024-05-16
Magescq,40168,40,2022-07-16 16:05:00,2,6,1103.6,2023-04-18,2025-01-10
Magescq,40168,40,2022-07-16 16:05:00,28000,6,1103.6,2023-04-18,2025-01-10
Magescq,40168,40,2022-09-16 17:06:00,1057000,6,1103.6,2023-04-18,2025-01-10
Magescq,40168,40,2022-09-17 14:15:00,4000,6,1103.6,2023-04-18,2025-01-10
Magny-le-Désert,61243,61,2022-07-30 19:18:13,40,2,209.0,2024-04-11,2024-09-12
Maillas,40169,40,2022-04-16 08:19:00,23710,1,88.0,2022-07-18,2022-07-18
Maillas,40169,40,2022-06-03 19:34:00,50,1,88.0,2022-07-18,2022-07-18
Maillas,40169,40,2022-06-05 18:19:00,1200,1,88.0,2022-07-18,2022-07-18
Maisoncelles,72178,72,2022-08-09 20:50:00,100,1,100.0,2024-05-03,2024-05-03
Maisons-lès-Chaource,10218,10,2022-07-17 21:10:00,11000,1,220.0,2023-12-22,2023-12-22
Mallemoisson,04110,04,2022-03-04 16:31:00,2400,1,139.9,2023-11-14,2023-11-14
Mallemort,13053,13,2022-01-13 15:29:00,20,9,4020.0,2022-09-26,2026-04-23
Mallemort,13053,13,2022-01-20 15:41:00,200,9,4020.0,2022-09-26,2026-04-23
Mandelieu-la-Napoule,06079,06,2022-06-14 14:50:00,50,1,110.0,2024-02-12,2024-02-12
Mandelieu-la-Napoule,06079,06,2022-06-25 10:29:00,100,1,110.0,2024-02-12,2024-02-12
Mandelieu-la-Napoule,06079,06,2022-08-02 10:18:00,2500,1,110.0,2024-02-12,2024-02-12
Manosque,04112,04,2022-02-08 17:48:00,800,38,7716.2,2022-02-11,2026-02-16
Manosque,04112,04,2022-03-02 11:18:00,50,37,7356.2,2022-03-09,2026-02-16
Mantilly,61248,61,2022-07-16 19:45:24,50000,2,348.99,2024-01-04,2025-05-19
Mantilly,61248,61,2022-08-08 17:30:06,4000,2,348.99,2024-01-04,2025-05-19
Marboué,28233,28,2022-08-11 13:05:00,50000,3,394.2,2024-04-19,2024-10-07
Marcorignan,11217,11,2022-10-10 15:59:00,25400,1,99.0,2025-08-26,2025-08-26
Marcoussis,91363,91,2022-07-23 16:44:00,300,1,250.0,2024-01-04,2024-01-04
Marigné-Laillé,72187,72,2022-07-16 14:55:00,400,3,383.0,2024-10-16,2026-05-07
Marlenheim,67282,67,2022-03-07 10:45:00,2,6,1075.59,2023-12-07,2026-05-13
Marquixanes,66103,66,2022-08-19 13:42:00,1000,1,120.0,2025-06-27,2025-06-27
Marsac-sur-l'Isle,24256,24,2022-09-23 15:35:00,10000,6,2289.0,2024-01-29,2026-05-19
Martignas-sur-Jalle,33273,33,2022-03-26 16:05:00,30000,1,4000.0,2023-07-04,2023-07-04
Martigues,13056,13,2022-01-17 02:37:00,20,6,2866.0,2022-11-09,2025-06-30
Martigues,13056,13,2022-02-11 15:51:00,2000,6,2866.0,2022-11-09,2025-06-30
Martigues,13056,13,2022-03-24 11:08:00,1000,6,2866.0,2022-11-09,2025-06-30
Martigues,13056,13,2022-04-05 14:20:00,30,6,2866.0,2022-11-09,2025-06-30
Martigues,13056,13,2022-04-13 17:48:00,20,6,2866.0,2022-11-09,2025-06-30
Martigues,13056,13,2022-05-14 22:44:00,30,6,2866.0,2022-11-09,2025-06-30
Martigues,13056,13,2022-05-17 13:26:00,50,6,2866.0,2022-11-09,2025-06-30
Martigues,13056,13,2022-06-09 04:04:00,3500,6,2866.0,2022-11-09,2025-06-30
Martigues,13056,13,2022-06-10 04:04:00,3500,6,2866.0,2022-11-09,2025-06-30
Martigues,13056,13,2022-06-19 02:14:00,200,6,2866.0,2022-11-09,2025-06-30
Martigues,13056,13,2022-06-20 14:03:00,5,6,2866.0,2022-11-09,2025-06-30
Martigues,13056,13,2022-07-05 11:41:00,500,6,2866.0,2022-11-09,2025-06-30
Martigues,13056,13,2022-07-07 16:41:00,2,6,2866.0,2022-11-09,2025-06-30
Martigues,13056,13,2022-07-07 19:50:00,20,6,2866.0,2022-11-09,2025-06-30
Martigues,13056,13,2022-07-08 16:18:00,83100,6,2866.0,2022-11-09,2025-06-30
Martigues,13056,13,2022-07-09 18:22:00,3,6,2866.0,2022-11-09,2025-06-30
Martigues,13056,13,2022-07-09 18:56:00,10,6,2866.0,2022-11-09,2025-06-30
Martigues,13056,13,2022-07-12 14:08:00,4,6,2866.0,2022-11-09,2025-06-30
Martigues,13056,13,2022-07-15 23:36:00,5,6,2866.0,2022-11-09,2025-06-30
Martigues,13056,13,2022-07-19 12:20:00,15,6,2866.0,2022-11-09,2025-06-30
Martigues,13056,13,2022-07-20 16:14:00,500,6,2866.0,2022-11-09,2025-06-30
Martigues,13056,13,2022-07-20 23:25:00,100,6,2866.0,2022-11-09,2025-06-30
Martigues,13056,13,2022-07-30 17:30:00,5536,6,2866.0,2022-11-09,2025-06-30
Martigues,13056,13,2022-07-31 00:21:00,5000,6,2866.0,2022-11-09,2025-06-30
Martigues,13056,13,2022-08-31 11:23:00,20,6,2866.0,2022-11-09,2025-06-30
Martigues,13056,13,2022-09-18 11:23:00,4,6,2866.0,2022-11-09,2025-06-30
Martigues,13056,13,2022-09-19 07:47:00,10,6,2866.0,2022-11-09,2025-06-30
Martigues,13056,13,2022-09-19 16:14:00,1500,6,2866.0,2022-11-09,2025-06-30
Martigues,13056,13,2022-09-19 16:44:00,4,6,2866.0,2022-11-09,2025-06-30
Martigues,13056,13,2022-09-19 20:39:00,400,6,2866.0,2022-11-09,2025-06-30
Martigues,13056,13,2022-09-22 06:57:00,300,6,2866.0,2022-11-09,2025-06-30
Martigues,13056,13,2022-09-23 07:51:00,50,6,2866.0,2022-11-09,2025-06-30
Martigues,13056,13,2022-09-27 05:29:00,60,6,2866.0,2022-11-09,2025-06-30
Martigues,13056,13,2022-09-27 09:13:00,10,6,2866.0,2022-11-09,2025-06-30
Martigues,13056,13,2022-09-30 07:34:00,300,6,2866.0,2022-11-09,2025-06-30
Martigues,13056,13,2022-11-02 15:22:00,10,6,2866.0,2022-11-09,2025-06-30
Martillac,33274,33,2022-06-17 09:53:00,2000,2,100.0,2025-07-11,2026-01-06
Martot,27394,27,2022-06-17 09:42:00,400,3,816.0,2024-12-06,2026-05-06
Martot,27394,27,2022-08-20 20:38:00,500,3,816.0,2024-12-06,2026-05-06
Marvejols,48092,48,2022-03-07 15:00:00,10000,1,88.0,2026-01-21,2026-01-21
Marvejols,48092,48,2022-03-24 15:29:00,3000,1,88.0,2026-01-21,2026-01-21
Marzan,56126,56,2022-07-12 15:31:00,65000,3,633.0,2023-04-20,2025-12-10
Marzan,56126,56,2022-07-14 03:54:00,10,3,633.0,2023-04-20,2025-12-10
Marzan,56126,56,2022-07-15 06:44:00,10,3,633.0,2023-04-20,2025-12-10
Marzan,56126,56,2022-07-16 14:57:00,10,3,633.0,2023-04-20,2025-12-10
Marzan,56126,56,2022-07-18 21:42:00,2,3,633.0,2023-04-20,2025-12-10
Marzan,56126,56,2022-08-08 11:43:00,200000,3,633.0,2023-04-20,2025-12-10
Marzan,56126,56,2022-08-09 19:13:00,40,3,633.0,2023-04-20,2025-12-10
Marzan,56126,56,2022-09-05 18:25:00,800,3,633.0,2023-04-20,2025-12-10
Mas-Saintes-Puelles,11225,11,2022-07-09 17:12:00,3960,1,2340.0,2025-08-12,2025-08-12
Massay,18140,18,2022-08-09 13:19:00,500,4,599.0,2024-01-05,2025-10-07
Massegros Causses Gorges,48094,48,2022-06-18 17:18:00,4400,4,751.0,2024-08-20,2025-09-18
Massegros Causses Gorges,48094,48,2022-08-08 16:21:00,12070000,4,751.0,2024-08-20,2025-09-18
Massiac,15119,15,2022-03-28 15:27:00,25000,7,1125.0,2025-01-15,2026-05-13
Massiac,15119,15,2022-04-17 16:12:00,60,7,1125.0,2025-01-15,2026-05-13
Mauges-sur-Loire,49244,49,2022-07-11 12:33:00,20000,46,7810.7,2022-07-28,2026-04-24
Mauguio,34154,34,2022-07-03 16:15:00,4167,10,1489.3600000000001,2023-04-04,2026-05-26
Maussane-les-Alpilles,13058,13,2022-07-08 11:14:00,2,3,7371.0,2022-11-09,2025-05-22
Maussane-les-Alpilles,13058,13,2022-07-10 16:06:00,2500,3,7371.0,2022-11-09,2025-05-22
Maussane-les-Alpilles,13058,13,2022-08-01 19:33:00,5,3,7371.0,2022-11-09,2025-05-22
Maussane-les-Alpilles,13058,13,2022-09-07 16:10:00,10,3,7371.0,2022-11-09,2025-05-22
Mauzens-et-Miremont,24261,24,2022-04-11 16:41:00,4000,2,338.0,2024-12-18,2025-02-13
Mayrac,46337,46,2022-06-19 22:38:00,100,1,66.0,2023-08-03,2023-08-03
Mazan,84072,84,2022-03-06 15:38:00,30,4,586.0,2022-10-10,2026-01-19
Mazeyrat-d'Allier,43132,43,2022-08-08 15:49:00,100,10,2185.8,2023-01-04,2026-03-24
Meilhan,40180,40,2022-08-25 01:08:00,3200,7,1157.0,2024-04-15,2026-01-16
Meillac,35172,35,2022-09-06 17:51:00,20,2,296.0,2024-07-22,2026-02-24
Melesse,35173,35,2022-08-26 18:07:00,10,9,1112.7,2023-07-25,2026-01-09
Melgven,29146,29,2022-04-14 17:50:00,30,2,145.2,2024-03-19,2025-05-13
Mendionde,64377,64,2022-12-25 11:38:53,10000,1,223.0,2025-08-04,2025-08-04
Menetou-Salon,18145,18,2022-07-09 14:05:00,30003,2,166.0,2024-10-21,2026-01-20
Mer,41136,41,2022-07-15 10:24:00,10,6,13296.8,2022-08-10,2026-02-02
Mercurol-Veaunes,26179,26,2022-05-26 15:56:00,400,10,1507.9,2022-07-20,2026-01-22
Mertzwiller,67291,67,2022-07-30 21:27:00,10,1,226.0,2025-11-25,2025-11-25
Mertzwiller,67291,67,2022-08-03 19:40:00,100,1,226.0,2025-11-25,2025-11-25
Mesnil-en-Ouche,27049,27,2022-07-03 15:15:00,30000,5,808.0,2023-07-26,2026-05-21
Mesnil-en-Ouche,27049,27,2022-08-03 15:07:00,130200,5,808.0,2023-07-26,2026-05-21
Mesnils-sur-Iton,27198,27,2022-07-13 11:07:00,200,6,871.0,2024-05-30,2025-05-27
Meussia,39328,39,2022-05-28 16:48:00,30,1,176.0,2024-11-21,2024-11-21
Meyreuil,13060,13,2022-01-12 14:57:00,400,3,401.1,2023-11-17,2025-04-03
Meyreuil,13060,13,2022-07-24 07:11:00,5,3,401.1,2023-11-17,2025-04-03
Meyreuil,13060,13,2022-07-25 17:09:00,100,3,401.1,2023-11-17,2025-04-03
Meyreuil,13060,13,2022-09-02 17:00:00,10,3,401.1,2023-11-17,2025-04-03
Meyreuil,13060,13,2022-09-03 12:42:00,4,3,401.1,2023-11-17,2025-04-03
Meyssiez,38232,38,2022-03-29 16:26:00,15000,1,249.2,2025-01-17,2025-01-17
Mialet,24269,24,2022-04-17 16:54:00,10000,3,308.0,2023-02-08,2023-11-09
Miers,46193,46,2022-10-30 14:33:00,6000,1,220.0,2025-01-16,2025-01-16
Milhaud,30169,30,2022-05-29 13:16:00,7477,3,250.0,2023-01-30,2025-08-28
Milhaud,30169,30,2022-07-08 00:20:00,138303,3,250.0,2023-01-30,2025-08-28
Millay,58168,58,2022-08-11 10:47:00,12542,5,514.58,2022-12-22,2025-05-20
Mimet,13062,13,2022-03-04 17:07:00,200,1,102.0,2025-12-09,2025-12-09
Mimet,13062,13,2022-04-02 22:29:00,20,1,102.0,2025-12-09,2025-12-09
Mimizan,40184,40,2022-08-13 10:53:00,3000,4,984.0,2024-04-25,2025-06-11
Minzac,24272,24,2022-08-12 20:33:00,500,1,210.0,2024-04-10,2024-04-10
Minzac,24272,24,2022-08-29 21:05:00,10000,1,210.0,2024-04-10,2024-04-10
Mios,33284,33,2022-06-10 16:36:00,600,6,1292.0,2023-02-10,2026-05-28
Mios,33284,33,2022-08-28 18:53:00,15000,6,1292.0,2023-02-10,2026-05-28
Mios,33284,33,2022-09-16 01:48:00,3000,6,1292.0,2023-02-10,2026-05-28
Miramas,13063,13,2022-04-12 15:26:00,300,4,1090.0,2023-01-04,2024-05-10
Miramas,13063,13,2022-08-02 15:39:00,150,4,1090.0,2023-01-04,2024-05-10
Miramas,13063,13,2022-10-12 18:15:00,100,4,1090.0,2023-01-04,2024-05-10
Mirambeau,17236,17,2022-08-11 08:43:00,1000,6,871.0,2022-09-21,2026-01-27
Mirambeau,17236,17,2022-08-12 14:46:00,3000,6,871.0,2022-09-21,2026-01-27
Mirambeau,17236,17,2022-09-17 17:23:00,20000,6,871.0,2022-09-21,2026-01-27
Mirambeau,17236,17,2022-09-18 06:40:00,10000,6,871.0,2022-09-21,2026-01-27
Mirepeisset,11233,11,2022-06-19 19:56:00,1000,4,353.0,2022-08-22,2025-06-30
Mirepoix,09194,09,2022-07-20 12:58:00,80000,4,462.0,2024-04-02,2026-02-12
Mohon,56134,56,2022-08-06 23:51:00,1000,3,499.0,2025-02-19,2025-10-30
Mohon,56134,56,2022-08-09 00:45:00,300,3,499.0,2025-02-19,2025-10-30
Moissac,82112,82,2022-03-21 15:41:00,5000,7,2175.07,2023-10-17,2025-03-27
Molesme,21419,21,2022-03-10 10:50:00,200,2,178.0,2024-03-26,2024-08-20
Moncontour,86161,86,2022-08-04 18:36:22,250,6,1198.59,2023-06-12,2026-05-06
Moncoutant-sur-Sèvre,79179,79,2022-03-26 12:29:00,50,29,5799.6,2022-04-13,2026-05-18
Monflanquin,47175,47,2022-08-25 07:15:45,1,16,2238.0,2022-10-10,2025-12-03
Mont-de-Marsan,40192,40,2022-03-16 14:45:00,500,9,2311.6,2022-05-16,2026-04-14
Mont-de-Marsan,40192,40,2022-06-18 18:20:00,5,8,2071.6,2024-04-16,2026-04-14
Montagne,38245,38,2022-03-28 16:01:00,10000,2,370.0,2025-04-03,2025-12-23
Montagny-près-Louhans,71303,71,2022-07-29 22:34:00,2000,2,326.0,2025-11-06,2025-11-06
Montaigu-Vendée,85146,85,2022-07-18 17:34:00,450000,11,8024.0,2024-05-22,2026-05-07
Montaigu-de-Quercy,82117,82,2022-08-28 17:27:00,60000,3,579.0,2022-09-09,2026-03-04
Montanges,01257,01,2022-08-01 12:01:00,10000,2,410.0,2025-12-10,2025-12-10
Montauroux,83081,83,2022-06-14 13:15:00,8000,2,189.0,2024-12-17,2025-10-08
Montbel,48100,48,2022-03-01 13:08:00,20000,3,530.0,2022-10-18,2025-06-25
Montbeton,82124,82,2022-08-06 14:48:00,60000,4,673.5,2023-10-30,2026-01-15
Montboyer,16222,16,2022-08-08 16:54:00,20200,1,99.0,2025-09-15,2025-09-15
Montbronn,57477,57,2022-04-23 13:10:00,200,3,477.0,2024-03-07,2024-07-24
Montclar,04126,04,2022-03-28 16:49:00,100,4,3920.0,2022-06-22,2024-01-10
Montegrosso,2B167,2B,2022-01-20 16:06:00,300,1,100.0,2024-12-05,2024-12-05
Montegrosso,2B167,2B,2022-02-06 11:51:00,5000,1,100.0,2024-12-05,2024-12-05
Montegrosso,2B167,2B,2022-03-03 19:04:00,100,1,100.0,2024-12-05,2024-12-05
Monteneuf,56136,56,2022-06-15 15:32:00,250,2,360.0,2023-03-03,2024-06-04
Monteneuf,56136,56,2022-08-08 06:09:00,100,2,360.0,2023-03-03,2024-06-04
Montesquieu-des-Albères,66115,66,2022-07-07 14:20:00,200,1,225.0,2025-12-09,2025-12-09
Montfrin,30179,30,2022-04-05 16:45:00,4350,3,570.0,2024-09-10,2026-05-28
Montfrin,30179,30,2022-05-27 13:00:00,2,3,570.0,2024-09-10,2026-05-28
Montfrin,30179,30,2022-07-07 14:19:00,38033,3,570.0,2024-09-10,2026-05-28
Montignac-Toupinerie,47189,47,2022-03-26 14:53:13,10000,1,249.8,2024-12-23,2024-12-23
Montirat,81180,81,2022-07-06 19:19:00,1000,1,205.0,2025-04-16,2025-04-16
Montlieu-la-Garde,17243,17,2022-07-18 15:42:00,10000,1,98.0,2022-08-17,2022-08-17
Montlouis-sur-Loire,37156,37,2022-04-27 18:11:00,300,10,1670.0,2022-11-17,2026-05-22
Montolieu,11253,11,2022-05-15 22:20:00,11542,2,7955.0,2024-07-23,2024-07-24
Montolieu,11253,11,2022-06-17 15:00:00,10400,2,7955.0,2024-07-23,2024-07-24
Montpellier,34172,34,2022-07-05 15:35:00,618,32,7656.6,2023-02-02,2026-05-27
Montpellier,34172,34,2022-07-09 14:33:00,46935,32,7656.6,2023-02-02,2026-05-27
Montpon-Ménestérol,24294,24,2022-08-03 20:16:00,5000,11,10484.9,2023-07-10,2026-04-23
Montpon-Ménestérol,24294,24,2022-08-04 06:19:00,15000,11,10484.9,2023-07-10,2026-04-23
Montpon-Ménestérol,24294,24,2022-08-04 15:20:00,300,11,10484.9,2023-07-10,2026-04-23
Montpon-Ménestérol,24294,24,2022-08-24 21:51:00,100,11,10484.9,2023-07-10,2026-04-23
Montpon-Ménestérol,24294,24,2022-08-25 01:13:00,1000,11,10484.9,2023-07-10,2026-04-23
Montpon-Ménestérol,24294,24,2022-09-01 19:07:00,400,11,10484.9,2023-07-10,2026-04-23
Montpon-Ménestérol,24294,24,2022-09-01 21:41:00,5000,11,10484.9,2023-07-10,2026-04-23
Montpon-Ménestérol,24294,24,2022-09-04 17:35:00,300,11,10484.9,2023-07-10,2026-04-23
Montpon-Ménestérol,24294,24,2022-09-09 17:20:00,114000,11,10484.9,2023-07-10,2026-04-23
Montpon-Ménestérol,24294,24,2022-09-10 14:52:00,300,11,10484.9,2023-07-10,2026-04-23
Montpon-Ménestérol,24294,24,2022-09-11 15:30:00,200,11,10484.9,2023-07-10,2026-04-23
Montpon-Ménestérol,24294,24,2022-09-17 20:41:00,300,11,10484.9,2023-07-10,2026-04-23
Montredon-des-Corbières,11255,11,2022-07-22 20:24:00,500,8,5495.3,2024-02-05,2026-05-21
Montredon-des-Corbières,11255,11,2022-08-28 22:28:00,100,8,5495.3,2024-02-05,2026-05-21
Montredon-des-Corbières,11255,11,2022-09-25 18:43:00,100,8,5495.3,2024-02-05,2026-05-21
Montrelais,44104,44,2022-07-17 14:21:00,800000,1,249.0,2026-05-18,2026-05-18
Montrevel,39363,39,2022-08-13 14:29:00,2000000,1,200.0,2025-12-12,2025-12-12
Montrichard Val de Cher,41151,41,2022-07-19 00:00:00,40000,1,48.6,2025-01-23,2025-01-23
Montrodat,48103,48,2022-06-12 14:20:00,2000,4,700.0,2022-08-12,2026-01-14
Montréal,11254,11,2022-06-20 17:45:00,24300,7,9240.0,2023-08-29,2026-01-06
Montréal,11254,11,2022-08-27 13:24:00,3000,7,9240.0,2023-08-29,2026-01-06
Monts-de-Randon,48127,48,2022-02-27 16:17:00,22000,12,1825.63,2022-12-01,2026-05-05
Morcenx-la-Nouvelle,40197,40,2022-08-29 15:51:00,300,8,24332.0,2023-03-07,2025-12-16
Morcenx-la-Nouvelle,40197,40,2022-09-07 08:32:00,20000,8,24332.0,2023-03-07,2025-12-16
Morlaix,29151,29,2022-06-12 16:09:00,10,1,448.0,2025-04-11,2025-04-11
Morlaix,29151,29,2022-06-17 17:00:00,10,1,448.0,2025-04-11,2025-04-11
Morlaix,29151,29,2022-07-29 19:34:00,200,1,448.0,2025-04-11,2025-04-11
Morlaix,29151,29,2022-08-11 15:39:00,500,1,448.0,2025-04-11,2025-04-11
Morlet,71322,71,2022-07-18 18:12:00,20,1,249.9,2025-02-11,2025-02-11
Mortagne-au-Perche,61293,61,2022-07-11 17:10:04,50,2,330.0,2024-08-08,2024-08-30
Mortrée,61294,61,2022-07-17 14:52:36,500,3,633.0,2025-01-07,2026-04-24
Mosnac,17250,17,2022-04-17 20:39:00,10000,2,303.0,2025-03-06,2025-12-02
Mouans-Sartoux,06084,06,2022-05-28 14:35:00,30,3,578.3,2023-04-13,2024-12-02
Mouans-Sartoux,06084,06,2022-06-11 19:30:00,1200,3,578.3,2023-04-13,2024-12-02
Mouans-Sartoux,06084,06,2022-06-18 18:58:00,300,3,578.3,2023-04-13,2024-12-02
Mouliherne,49221,49,2022-05-30 15:26:00,5000,3,310.0,2022-07-04,2025-04-02
Mouriès,13065,13,2022-01-28 17:23:00,2000,3,558.0,2024-04-17,2026-01-07
Mouriès,13065,13,2022-03-01 19:33:00,20,3,558.0,2024-04-17,2026-01-07
Moustiers-Sainte-Marie,04135,04,2022-05-02 19:12:00,1500,1,160.0,2025-02-06,2025-02-06
Mouthiers-sur-Boëme,16236,16,2022-07-15 23:35:00,500,3,4380.0,2022-12-08,2023-12-20
Moutiers-au-Perche,61300,61,2022-09-06 14:40:00,300,6,1460.0,2025-10-29,2026-04-27
Moyon Villages,50363,50,2022-08-10 17:49:53,800,6,860.0,2023-05-30,2026-02-12
Moëlan-sur-Mer,29150,29,2022-03-19 15:51:00,2500,1,100.0,2024-08-20,2024-08-20
Moëlan-sur-Mer,29150,29,2022-06-17 18:25:00,300,1,100.0,2024-08-20,2024-08-20
Mulsanne,72213,72,2022-07-18 15:41:00,5000,2,400.0,2024-12-10,2026-01-07
Mur-de-Sologne,41157,41,2022-07-16 19:24:00,500,1,115.0,2025-12-02,2025-12-02
Murasson,12163,12,2022-06-19 17:26:00,307000,2,275.0,2024-05-28,2026-05-06
Murviel-lès-Béziers,34178,34,2022-02-19 15:55:00,5423,7,1051.0,2023-01-05,2025-12-30
Muzillac,56143,56,2022-07-29 13:55:00,100,7,1287.0,2022-09-05,2026-03-11
Muzillac,56143,56,2022-08-05 18:34:00,5000,7,1287.0,2022-09-05,2026-03-11
Médréac,35171,35,2022-09-17 16:00:00,350,1,101.0,2023-10-10,2023-10-10
Ménesplet,24264,24,2022-08-25 12:34:00,538000,7,1030.8,2022-09-16,2025-12-02
Ménetreuil,71293,71,2022-08-06 19:44:00,300,1,198.0,2025-02-13,2025-02-13
Ménil-Hubert-sur-Orne,61269,61,2022-07-29 13:52:38,30000,2,325.0,2025-08-04,2025-08-04
Mérignac,33281,33,2022-05-08 15:57:00,6000,24,4447.0,2022-10-12,2026-03-18
Mérignac,33281,33,2022-08-11 00:42:00,100,24,4447.0,2022-10-12,2026-03-18
Méru,60395,60,2022-05-29 21:34:00,50,1,928.0,2024-08-12,2024-08-12
Mézières-lez-Cléry,45204,45,2022-08-11 08:08:00,50000,1,4050.0,2024-07-30,2024-07-30
Mézières-sur-Couesnon,35178,35,2022-07-22 13:27:00,80,1,99.0,2025-08-08,2025-08-08
Mézos,40182,40,2022-05-05 16:35:00,550,2,160.0,2023-10-11,2024-07-26
Nabirat,24300,24,2022-08-23 14:26:00,1500,4,694.0,2022-09-28,2026-03-12
Naintré,86174,86,2022-07-31 04:07:11,44000,3,699.3199999999999,2025-07-22,2026-01-29
Naintré,86174,86,2022-08-02 15:32:39,5,3,699.3199999999999,2025-07-22,2026-01-29
Nampcel,60445,60,2022-07-19 17:31:00,260000,1,99.0,2025-03-06,2025-03-06
Nantes,44109,44,2022-07-18 02:03:00,50,25,3089.0,2023-01-10,2026-05-04
Narbonne,11262,11,2022-01-30 06:36:00,16300,24,23632.4,2022-10-18,2026-03-06
Narbonne,11262,11,2022-02-01 23:17:00,200,24,23632.4,2022-10-18,2026-03-06
Narbonne,11262,11,2022-02-28 13:23:00,24500,24,23632.4,2022-10-18,2026-03-06
Narbonne,11262,11,2022-03-26 13:55:00,1,24,23632.4,2022-10-18,2026-03-06
Narbonne,11262,11,2022-03-26 19:14:00,1,24,23632.4,2022-10-18,2026-03-06
Narbonne,11262,11,2022-04-07 19:00:00,10000,24,23632.4,2022-10-18,2026-03-06
Narbonne,11262,11,2022-04-16 16:54:00,700,24,23632.4,2022-10-18,2026-03-06
Narbonne,11262,11,2022-06-04 02:59:00,2000,24,23632.4,2022-10-18,2026-03-06
Narbonne,11262,11,2022-07-14 08:54:00,12428,24,23632.4,2022-10-18,2026-03-06
Narbonne,11262,11,2022-07-14 15:46:00,1,24,23632.4,2022-10-18,2026-03-06
Narbonne,11262,11,2022-08-12 06:01:00,20,24,23632.4,2022-10-18,2026-03-06
Narbonne,11262,11,2022-09-30 08:45:00,400,24,23632.4,2022-10-18,2026-03-06
Narbonne,11262,11,2022-10-22 13:37:00,20,23,14817.4,2023-01-31,2026-03-06
Narbonne,11262,11,2022-11-10 16:26:00,5000,23,14817.4,2023-01-31,2026-03-06
Naussac,12170,12,2022-08-07 11:42:00,90000,2,265.0,2024-01-30,2024-09-26
Neubois,67317,67,2022-07-17 09:25:00,100,1,50.96,2023-08-23,2023-08-23
Neuillay-les-Bois,36139,36,2022-08-06 15:31:00,200,8,1397.0,2022-09-28,2026-01-22
Neuillay-les-Bois,36139,36,2022-08-13 02:59:00,3000,8,1397.0,2022-09-28,2026-01-22
Neuilly-le-Brignon,37168,37,2022-05-14 15:57:00,500,5,889.0,2022-08-11,2025-02-04
Neussargues en Pinatelle,15141,15,2022-06-19 16:26:00,20000,7,5301.0,2023-04-27,2025-08-13
Neussargues en Pinatelle,15141,15,2022-07-25 14:28:00,200,7,5301.0,2023-04-27,2025-08-13
Neussargues en Pinatelle,15141,15,2022-08-03 09:37:00,20,7,5301.0,2023-04-27,2025-08-13
Neuvic,24309,24,2022-07-31 21:58:00,400,2,242.6,2024-03-14,2025-06-16
Neuvicq,17260,17,2022-09-11 18:07:00,3000,1,88.0,2024-04-24,2024-04-24
Neuvy-sur-Loire,58193,58,2022-05-31 14:14:00,10000,4,6389.0,2024-09-17,2025-04-10
Neuvéglise-sur-Truyère,15142,15,2022-10-23 10:56:00,15000,16,3038.38,2023-02-23,2026-04-24
Nice,06088,06,2022-02-09 11:50:00,350,14,3280.0,2022-09-20,2026-01-26
Nice,06088,06,2022-05-27 08:27:00,300,14,3280.0,2022-09-20,2026-01-26
Nice,06088,06,2022-06-17 10:08:00,500,14,3280.0,2022-09-20,2026-01-26
Nice,06088,06,2022-09-08 04:00:00,400,14,3280.0,2022-09-20,2026-01-26
Nivolas-Vermelle,38276,38,2022-08-30 14:34:00,10,6,1086.75,2022-11-30,2026-03-19
Nonac,16246,16,2022-08-04 19:59:00,10000,1,176.0,2025-10-02,2025-10-02
Nonac,16246,16,2022-08-13 03:29:00,300,1,176.0,2025-10-02,2025-10-02
Nonac,16246,16,2022-09-15 14:50:00,162000,1,176.0,2025-10-02,2025-10-02
Notre-Dame-de-Cenilly,50378,50,2022-07-19 14:39:34,600,4,503.0,2024-01-23,2026-05-19
Nouan-le-Fuzelier,41161,41,2022-07-14 17:16:00,50,1,250.0,2026-04-02,2026-04-02
Noves,13066,13,2022-02-07 09:48:00,100,11,1733.0,2022-08-25,2026-01-16
Noves,13066,13,2022-06-29 14:14:00,2000,11,1733.0,2022-08-25,2026-01-16
Noyal-Muzillac,56149,56,2022-07-27 11:44:00,500,6,1565.0,2024-01-24,2025-11-17
Noyen-sur-Sarthe,72223,72,2022-05-10 17:40:00,150,5,959.0,2022-11-14,2026-02-04
Noyers,89279,89,2022-07-16 15:37:00,10000,2,449.0,2024-05-30,2025-11-19
Noyers-sur-Jabron,04139,04,2022-01-28 15:13:00,500,4,410.0,2024-05-14,2025-09-02
Noyon,60471,60,2022-04-26 14:59:00,40,2,510.0,2023-09-09,2024-09-10
Nueil-les-Aubiers,79195,79,2022-06-27 15:35:00,129000,19,3522.6,2022-12-16,2026-05-19
Nyons,26220,26,2022-06-16 16:17:00,10000,4,390.3,2025-08-18,2025-11-26
Nérac,47195,47,2022-11-07 14:36:21,30,19,3351.0,2024-03-05,2026-05-27
Névian,11264,11,2022-08-14 16:16:00,614340,1,230.0,2023-05-15,2023-05-15
Nîmes,30189,30,2022-06-12 14:55:00,2000,49,8827.85,2022-06-15,2026-05-19
Nîmes,30189,30,2022-07-14 04:21:00,30,47,8407.85,2022-07-29,2026-05-19
Nîmes,30189,30,2022-08-08 14:36:00,583,46,8316.85,2022-09-05,2026-05-19
Nîmes,30189,30,2022-08-10 19:25:00,564,46,8316.85,2022-09-05,2026-05-19
Nîmes,30189,30,2022-08-11 01:18:00,220,46,8316.85,2022-09-05,2026-05-19
Nîmes,30189,30,2022-08-11 15:24:00,50,46,8316.85,2022-09-05,2026-05-19
Occhiatana,2B182,2B,2022-03-25 11:24:00,15000,3,299.76,2023-03-08,2025-03-25
Occhiatana,2B182,2B,2022-03-28 15:36:00,2500,3,299.76,2023-03-08,2025-03-25
Occhiatana,2B182,2B,2022-03-28 16:36:00,2000,3,299.76,2023-03-08,2025-03-25
Occhiatana,2B182,2B,2022-04-09 19:08:00,2000,3,299.76,2023-03-08,2025-03-25
Occhiatana,2B182,2B,2022-10-14 14:49:00,10000,3,299.76,2023-03-08,2025-03-25
Occhiatana,2B182,2B,2022-10-18 16:08:00,800,3,299.76,2023-03-08,2025-03-25
Oizon,18170,18,2022-07-11 13:48:00,16,4,821.8,2024-03-27,2026-03-02
Oizé,72226,72,2022-07-29 18:37:00,1000,2,337.0,2025-10-02,2025-10-15
Olemps,12174,12,2022-07-19 17:23:00,20000,5,1316.48,2022-09-21,2026-02-26
Oletta,2B185,2B,2022-06-23 16:04:00,30000,3,298.0,2023-11-20,2025-04-15
Oletta,2B185,2B,2022-08-13 13:39:00,40000,3,298.0,2023-11-20,2025-04-15
Oletta,2B185,2B,2022-10-05 14:55:00,80000,3,298.0,2023-11-20,2025-04-15
Oletta,2B185,2B,2022-10-07 12:54:00,12000,3,298.0,2023-11-20,2025-04-15
Olmeta-di-Tuda,2B188,2B,2022-08-03 09:26:00,5000,3,299.52,2023-07-26,2024-07-18
Olmi-Cappella,2B190,2B,2022-03-12 17:07:00,300,2,199.0,2022-05-19,2024-02-27
Olmi-Cappella,2B190,2B,2022-03-27 15:21:00,3000,2,199.0,2022-05-19,2024-02-27
Onesse-Laharie,40210,40,2022-05-14 20:50:00,2,11,2269.0,2023-04-13,2026-01-20
Onesse-Laharie,40210,40,2022-08-16 22:51:00,2000,11,2269.0,2023-04-13,2026-01-20
Ongles,04141,04,2022-03-12 14:43:00,700,2,209.0,2022-05-05,2025-02-14
Ongles,04141,04,2022-06-06 13:43:00,4600,1,99.0,2025-02-14,2025-02-14
Opoul-Périllos,66127,66,2022-05-18 13:28:00,80000,1,99.0,2024-09-16,2024-09-16
Opoul-Périllos,66127,66,2022-06-28 11:26:00,9419300,1,99.0,2024-09-16,2024-09-16
Opoul-Périllos,66127,66,2022-09-19 14:40:00,1000,1,99.0,2024-09-16,2024-09-16
Opoul-Périllos,66127,66,2022-11-10 18:00:00,300,1,99.0,2024-09-16,2024-09-16
Optevoz,38282,38,2022-09-18 14:12:00,200,3,650.0,2024-12-31,2025-09-17
Oradour-sur-Glane,87110,87,2022-07-11 16:29:21,90000,4,798.9,2024-12-24,2026-03-31
Orange,84087,84,2022-07-06 12:19:00,5,15,2688.44,2022-10-18,2026-05-12
Orange,84087,84,2022-07-25 06:46:00,5,15,2688.44,2022-10-18,2026-05-12
Orgon,13067,13,2022-02-17 19:15:00,40,6,985.0,2022-04-01,2026-04-27
Orgon,13067,13,2022-05-25 21:46:00,2000,5,895.0,2022-06-20,2026-04-27
Orgon,13067,13,2022-06-15 13:53:00,99900,5,895.0,2022-06-20,2026-04-27
Orgon,13067,13,2022-06-18 15:37:00,20000,5,895.0,2022-06-20,2026-04-27
Orgon,13067,13,2022-07-03 00:45:00,200,4,645.0,2024-01-15,2026-04-27
Orgon,13067,13,2022-07-04 16:20:00,300,4,645.0,2024-01-15,2026-04-27
Orgon,13067,13,2022-08-06 21:45:00,150,4,645.0,2024-01-15,2026-04-27
Oriolles,16251,16,2022-05-15 20:15:00,10000,7,1485.0,2022-06-28,2026-01-20
Oriolles,16251,16,2022-07-25 21:59:00,13000,6,1235.0,2023-02-23,2026-01-20
Oriolles,16251,16,2022-08-08 21:40:00,8500,6,1235.0,2023-02-23,2026-01-20
Oriolles,16251,16,2022-08-16 22:25:00,2000,6,1235.0,2023-02-23,2026-01-20
Ormoy-Villers,60479,60,2022-08-11 01:29:00,3500,1,66.6,2023-08-30,2023-08-30
Ornaisons,11267,11,2022-04-05 15:11:00,4000,3,525.0,2025-01-17,2026-03-30
Ornaisons,11267,11,2022-06-10 15:21:00,1142217,3,525.0,2025-01-17,2026-03-30
Ornaisons,11267,11,2022-11-02 17:32:00,2000,3,525.0,2025-01-17,2026-03-30
Orthoux-Sérignac-Quilhan,30192,30,2022-08-24 11:09:00,105,1,50.0,2024-10-29,2024-10-29
Orvault,44114,44,2022-08-12 09:54:00,30,4,660.0,2025-09-25,2026-02-10
Ouveillan,11269,11,2022-05-17 22:56:00,150,1,3240.0,2024-08-21,2024-08-21
Ouveillan,11269,11,2022-06-26 17:29:00,4000,1,3240.0,2024-08-21,2024-08-21
Ouveillan,11269,11,2022-07-01 16:15:00,9048,1,3240.0,2024-08-21,2024-08-21
Oyeu,38287,38,2022-03-24 16:42:00,200,1,100.0,2025-10-13,2025-10-13
Oysonville,28294,28,2022-08-08 16:38:00,10000,2,405.0,2024-08-23,2024-08-23
Paimpont,35211,35,2022-03-20 17:59:00,500,2,275.9,2022-05-10,2025-03-24
Paimpont,35211,35,2022-07-08 18:42:00,30000,1,176.0,2025-03-24,2025-03-24
Paimpont,35211,35,2022-07-10 09:12:00,10000,1,176.0,2025-03-24,2025-03-24
Paimpont,35211,35,2022-07-10 17:12:00,100,1,176.0,2025-03-24,2025-03-24
Paimpont,35211,35,2022-07-17 17:36:00,200,1,176.0,2025-03-24,2025-03-24
Paimpont,35211,35,2022-07-18 10:45:00,100000,1,176.0,2025-03-24,2025-03-24
Paimpont,35211,35,2022-07-18 14:49:00,10000,1,176.0,2025-03-24,2025-03-24
Paimpont,35211,35,2022-07-18 18:17:00,50000,1,176.0,2025-03-24,2025-03-24
Paimpont,35211,35,2022-08-02 19:49:00,10000,1,176.0,2025-03-24,2025-03-24
Palaja,11272,11,2022-09-08 22:34:00,50,2,6200.0,2023-03-15,2023-03-15
Palasca,2B199,2B,2022-03-30 10:06:00,10000,1,99.0,2024-10-23,2024-10-23
Palasca,2B199,2B,2022-04-07 19:55:00,200,1,99.0,2024-10-23,2024-10-23
Palau-del-Vidre,66133,66,2022-02-05 12:52:00,10000,3,584.0,2024-04-17,2026-05-13
Palinges,71340,71,2022-05-30 14:15:00,1000,4,848.1,2024-10-22,2025-11-20
Parcoul-Chenaud,24316,24,2022-08-08 17:31:00,346000,2,313.0,2025-07-02,2026-04-22
Parcoul-Chenaud,24316,24,2022-08-13 16:04:00,20,2,313.0,2025-07-02,2026-04-22
Parempuyre,33312,33,2022-05-28 17:46:00,15,2,152.8,2023-06-22,2026-02-11
Parentis-en-Born,40217,40,2022-03-30 14:27:00,2000,1,166.0,2024-04-25,2024-04-25
Parentis-en-Born,40217,40,2022-07-05 16:12:00,118000,1,166.0,2024-04-25,2024-04-25
Parlan,15147,15,2022-08-10 14:19:00,20000,6,954.0,2023-01-25,2025-04-10
Passa,66134,66,2022-04-28 13:58:00,500,2,187.0,2025-12-16,2026-01-12
Passais Villages,61324,61,2022-08-29 17:04:28,5000,2,350.0,2023-12-21,2025-11-27
Pauillac,33314,33,2022-07-13 13:26:00,3000,2,380.0,2024-01-09,2024-11-20
Paulhac,43147,43,2022-07-18 16:34:00,100,1,159.0,2025-08-27,2025-08-27
Paulhenc,15149,15,2022-03-10 06:02:00,10000,1,99.77,2022-12-14,2022-12-14
Paulhenc,15149,15,2022-04-14 16:43:00,15000,1,99.77,2022-12-14,2022-12-14
Paulhenc,15149,15,2022-05-12 14:04:00,30,1,99.77,2022-12-14,2022-12-14
Paulhiac,47202,47,2022-03-21 12:43:36,60000,5,1030.0,2023-10-23,2025-06-18
Paulmy,37181,37,2022-05-08 20:26:00,10000,7,1100.0,2022-11-14,2025-12-02
Paussac-et-Saint-Vivien,24319,24,2022-05-30 15:00:00,3000,2,341.0,2025-09-09,2025-11-04
Penne-d'Agenais,47203,47,2022-12-07 17:40:56,2,6,1229.0,2024-03-04,2025-10-15
Penta-di-Casinca,2B207,2B,2022-02-01 15:44:00,222400,2,200.0,2023-10-03,2024-02-13
Penta-di-Casinca,2B207,2B,2022-10-04 19:16:00,15000,2,200.0,2023-10-03,2024-02-13
Perche en Nocé,61309,61,2022-07-15 14:51:10,60000,4,745.0,2024-05-13,2026-04-22
Perche en Nocé,61309,61,2022-07-25 18:22:15,2000,4,745.0,2024-05-13,2026-04-22
Pernes-les-Fontaines,84088,84,2022-02-09 12:34:00,2,11,9551.9,2023-04-03,2026-04-29
Perpignan,66136,66,2022-07-01 14:39:00,10000,83,27818.1,2022-07-11,2026-05-21
Perpignan,66136,66,2022-07-06 23:51:00,40000,83,27818.1,2022-07-11,2026-05-21
Perpignan,66136,66,2022-07-22 15:58:00,40000,82,27698.1,2022-07-27,2026-05-21
Perpignan,66136,66,2022-07-26 12:50:00,10000,82,27698.1,2022-07-27,2026-05-21
Petit-Palais-et-Cornemps,33320,33,2022-07-10 18:17:00,2,2,302.0,2026-01-29,2026-04-15
Petit-Palais-et-Cornemps,33320,33,2022-08-30 00:12:00,5000,2,302.0,2026-01-29,2026-04-15
Peypin,13073,13,2022-02-11 14:25:00,100,2,359.0,2026-02-25,2026-02-25
Peypin,13073,13,2022-06-13 18:46:00,80,2,359.0,2026-02-25,2026-02-25
Peypin,13073,13,2022-07-01 13:42:00,100,2,359.0,2026-02-25,2026-02-25
Peypin,13073,13,2022-07-04 13:23:00,50,2,359.0,2026-02-25,2026-02-25
Peypin,13073,13,2022-08-04 15:49:00,15,2,359.0,2026-02-25,2026-02-25
Peyrat-le-Château,87117,87,2022-08-13 13:31:57,30000,8,1510.0,2023-03-16,2025-07-15
Peyriac-de-Mer,11285,11,2022-01-17 17:46:00,6000,1,220.0,2025-07-10,2025-07-10
Peyriac-de-Mer,11285,11,2022-08-01 16:59:00,110622,1,220.0,2025-07-10,2025-07-10
Peyriac-de-Mer,11285,11,2022-11-20 11:57:00,1100,1,220.0,2025-07-10,2025-07-10
Peyrins,26231,26,2022-04-19 00:31:00,9400,5,758.0,2022-07-07,2026-04-13
Peyrolles-en-Provence,13074,13,2022-04-06 16:37:00,10,1,220.0,2023-09-29,2023-09-29
Peyrolles-en-Provence,13074,13,2022-05-27 14:41:00,20,1,220.0,2023-09-29,2023-09-29
Peyruis,04149,04,2022-06-09 17:04:00,280,10,1336.3,2023-05-31,2025-09-18
Peyruis,04149,04,2022-08-03 13:43:00,13700,10,1336.3,2023-05-31,2025-09-18
Pia,66141,66,2022-01-19 16:45:00,10000,4,1252.0,2023-09-29,2025-12-10
Pia,66141,66,2022-07-25 14:22:00,15000,4,1252.0,2023-09-29,2025-12-10
Pia,66141,66,2022-08-07 14:13:00,58000,4,1252.0,2023-09-29,2025-12-10
Pia,66141,66,2022-08-27 14:17:00,40000,4,1252.0,2023-09-29,2025-12-10
Pianottoli-Caldarello,2A215,2A,2022-01-13 14:27:00,30,3,299.79999999999995,2022-11-08,2024-12-04
Pianottoli-Caldarello,2A215,2A,2022-10-22 15:50:00,50,3,299.79999999999995,2022-11-08,2024-12-04
Pianottoli-Caldarello,2A215,2A,2022-11-04 13:09:00,4,3,299.79999999999995,2022-11-08,2024-12-04
Pied-de-Borne,48015,48,2022-08-12 17:40:00,100000,2,369.0,2024-08-14,2025-05-23
Pierreclos,71350,71,2022-04-16 17:06:00,100,1,90.0,2024-05-28,2024-05-28
Pierrefort,15152,15,2022-08-12 10:28:00,200,11,2139.6,2023-09-26,2026-04-27
Pierrevert,04152,04,2022-08-08 20:57:00,1000,2,199.0,2025-01-07,2025-11-24
Pierrevert,04152,04,2022-08-11 05:42:00,50,2,199.0,2025-01-07,2025-11-24
Pierrevert,04152,04,2022-09-02 15:31:00,1,2,199.0,2025-01-07,2025-11-24
Pietralba,2B223,2B,2022-03-24 09:14:00,56000,3,299.96999999999997,2024-06-14,2025-09-17
Pietroso,2B229,2B,2022-08-08 18:03:00,5,1,99.99,2023-04-27,2023-04-27
Pignan,34202,34,2022-05-15 16:27:00,2500,2,450.0,2022-06-16,2026-02-03
Pignan,34202,34,2022-05-28 21:43:00,200,2,450.0,2022-06-16,2026-02-03
Piolenc,84091,84,2022-05-04 10:53:00,220,12,6220.0,2022-07-12,2026-01-28
Piolenc,84091,84,2022-05-05 16:43:00,130,12,6220.0,2022-07-12,2026-01-28
Piolenc,84091,84,2022-06-24 20:43:00,5,12,6220.0,2022-07-12,2026-01-28
Piolenc,84091,84,2022-07-01 14:04:00,264600,12,6220.0,2022-07-12,2026-01-28
Piolenc,84091,84,2022-08-04 17:51:00,620,11,1820.0,2023-11-28,2026-01-28
Piolenc,84091,84,2022-09-06 19:06:00,5,11,1820.0,2023-11-28,2026-01-28
Piolenc,84091,84,2022-10-01 15:21:00,5,11,1820.0,2023-11-28,2026-01-28
Pisieu,38307,38,2022-08-10 16:02:00,15000,3,315.0,2023-01-23,2024-11-07
Pissos,40227,40,2022-06-18 12:25:00,5000,1,220.0,2023-04-05,2023-04-05
Pissos,40227,40,2022-08-16 21:41:00,17540,1,220.0,2023-04-05,2023-04-05
Pleucadeuc,56159,56,2022-06-20 16:41:00,500,3,656.6,2024-11-27,2025-10-20
Pleucadeuc,56159,56,2022-07-25 15:44:00,1,3,656.6,2024-11-27,2025-10-20
Pleyben,29162,29,2022-08-13 15:25:00,100,7,783.7,2023-05-10,2026-05-12
Ploemeur,56162,56,2022-06-15 18:37:00,150,2,149.0,2023-10-04,2025-10-20
Ploemeur,56162,56,2022-07-16 15:18:00,10,2,149.0,2023-10-04,2025-10-20
Ploemeur,56162,56,2022-07-28 15:10:00,20000,2,149.0,2023-10-04,2025-10-20
Ploemeur,56162,56,2022-08-07 11:41:00,50,2,149.0,2023-10-04,2025-10-20
Ploemeur,56162,56,2022-08-10 05:30:00,2000,2,149.0,2023-10-04,2025-10-20
Ploeren,56164,56,2022-11-03 14:34:00,5,1,249.0,2025-11-18,2025-11-18
Plomelin,29170,29,2022-05-30 15:07:00,10,4,6982.0,2023-12-05,2025-07-31
Plonéour-Lanvern,29174,29,2022-04-01 13:00:00,800,6,725.44,2022-05-25,2026-05-11
Plonéour-Lanvern,29174,29,2022-07-12 19:06:00,1000,5,642.64,2022-09-08,2026-05-11
Plonéour-Lanvern,29174,29,2022-07-16 16:05:00,100,5,642.64,2022-09-08,2026-05-11
Plouarzel,29177,29,2022-08-10 14:10:00,5000,3,270.0,2024-01-29,2024-08-22
Plouay,56166,56,2022-07-03 14:51:00,2,5,1703.99,2023-03-14,2025-09-09
Ploudaniel,29179,29,2022-05-31 20:33:00,20,9,1260.0,2022-06-02,2026-03-27
Ploudaniel,29179,29,2022-07-12 16:19:00,200,8,1161.0,2022-10-25,2026-03-27
Ploudaniel,29179,29,2022-07-18 15:03:00,100,8,1161.0,2022-10-25,2026-03-27
Plouezoc'h,29186,29,2022-06-13 14:29:00,500,2,198.0,2024-09-03,2024-09-03
Plougar,29187,29,2022-07-17 17:59:00,80,5,727.0,2024-05-13,2026-02-24
Plougasnou,29188,29,2022-08-13 18:22:00,200,3,500.0,2025-10-15,2026-05-11
Plougastel-Daoulas,29189,29,2022-03-22 14:32:00,1000,5,825.0,2023-12-13,2026-05-26
Plougastel-Daoulas,29189,29,2022-03-26 14:23:00,50,5,825.0,2023-12-13,2026-05-26
Plougastel-Daoulas,29189,29,2022-03-31 21:14:00,3000,5,825.0,2023-12-13,2026-05-26
Plougastel-Daoulas,29189,29,2022-07-01 16:06:00,1500,5,825.0,2023-12-13,2026-05-26
Plougastel-Daoulas,29189,29,2022-07-12 15:06:00,50,5,825.0,2023-12-13,2026-05-26
Plougastel-Daoulas,29189,29,2022-08-08 17:40:00,2500,5,825.0,2023-12-13,2026-05-26
Plougonvelin,29190,29,2022-05-28 15:14:00,15,3,360.28,2022-11-18,2025-02-12
Plougonvelin,29190,29,2022-06-15 16:34:00,500,3,360.28,2022-11-18,2025-02-12
Plougonven,29191,29,2022-08-06 13:36:00,20000,1,110.0,2026-04-08,2026-04-08
Plouguerneau,29195,29,2022-03-28 14:34:00,100,5,594.0,2022-10-21,2025-03-03
Plouguerneau,29195,29,2022-06-09 13:38:00,150,5,594.0,2022-10-21,2025-03-03
Plouguerneau,29195,29,2022-07-11 15:03:00,20,5,594.0,2022-10-21,2025-03-03
Plouhinec,29197,29,2022-07-19 08:18:00,200,1,250.0,2024-03-26,2024-03-26
Ploumoguer,29201,29,2022-07-18 01:50:00,150,3,595.0,2023-07-06,2025-08-25
Plounéour-Ménez,29202,29,2022-07-19 01:06:00,50,1,160.0,2024-05-23,2024-05-23
Plourin-lès-Morlaix,29207,29,2022-06-02 02:13:00,900,5,763.0,2024-03-22,2026-05-11
Plourin-lès-Morlaix,29207,29,2022-06-09 15:55:00,300,5,763.0,2024-03-22,2026-05-11
Plouzané,29212,29,2022-05-13 12:32:00,500,4,383.0,2023-08-07,2026-04-27
Plouégat-Guérand,29182,29,2022-07-18 14:25:00,400,2,225.0,2024-01-19,2025-06-05
Ploërmel,56165,56,2022-03-18 16:09:00,1,21,2986.3,2022-07-27,2026-04-22
Pluguffan,29216,29,2022-08-05 22:54:00,200,5,800.0,2023-12-12,2026-05-19
Plumelin,56174,56,2022-11-09 14:29:00,10,8,962.0,2023-10-19,2025-09-23
Pluméliau-Bieuzy,56173,56,2022-03-26 13:43:00,70000,11,1733.72,2022-11-07,2026-04-07
Pluvigner,56177,56,2022-07-16 19:42:00,100,7,1400.0,2023-11-30,2024-12-18
Pluvigner,56177,56,2022-08-01 03:16:00,10000,7,1400.0,2023-11-30,2024-12-18
Pléchâtel,35221,35,2022-08-08 08:57:00,1000,13,1952.0,2022-11-22,2025-12-09
Plélan-le-Grand,35223,35,2022-06-01 17:41:00,1000,9,1648.0,2023-05-03,2026-03-26
Plélan-le-Grand,35223,35,2022-07-08 21:39:00,20000,9,1648.0,2023-05-03,2026-03-26
Pointel,61332,61,2022-07-19 09:21:36,5000,4,350.0,2022-09-22,2025-06-23
Poliénas,38310,38,2022-08-07 10:42:00,25000,5,618.8,2023-11-03,2026-01-20
Pont de Montvert - Sud Mont Lozère,48116,48,2022-01-27 14:09:00,200000,3,614.0,2023-08-08,2024-07-26
Pont de Montvert - Sud Mont Lozère,48116,48,2022-02-05 14:49:00,10000,3,614.0,2023-08-08,2024-07-26
Pont-Audemer,27467,27,2022-05-11 14:26:00,400,1,180.0,2026-05-20,2026-05-20
Pont-Aven,29217,29,2022-06-18 13:17:00,100,4,519.0,2022-08-31,2025-11-27
Pont-Sainte-Maxence,60509,60,2022-05-06 19:44:00,200,1,44.0,2025-11-25,2025-11-25
Pont-du-Château,63284,63,2022-05-11 13:19:00,800,7,1177.0,2024-06-06,2026-02-02
Pont-l'Abbé,29220,29,2022-07-14 14:00:00,50,6,611.2,2023-11-24,2025-06-03
Pont-l'Abbé,29220,29,2022-07-14 23:01:00,10,6,611.2,2023-11-24,2025-06-03
Ponteilla,66145,66,2022-11-02 13:24:00,10000,1,2970.0,2025-10-28,2025-10-28
Pontenx-les-Forges,40229,40,2022-05-15 10:38:00,6,4,592.0,2025-03-10,2026-05-11
Pontevès,83095,83,2022-04-10 16:38:00,600,2,220.0,2025-03-26,2025-07-15
Pontlevoy,41180,41,2022-06-15 16:53:00,1000,7,1079.0,2023-04-18,2025-11-12
Port-Sainte-Foy-et-Ponchapt,24335,24,2022-07-13 15:50:00,4000,5,1000.0,2023-07-13,2026-03-25
Port-de-Bouc,13077,13,2022-04-17 13:15:00,10,3,624.0,2023-12-07,2025-03-27
Port-de-Bouc,13077,13,2022-07-05 17:54:00,10,3,624.0,2023-12-07,2025-03-27
Port-de-Bouc,13077,13,2022-11-06 13:41:00,300,3,624.0,2023-12-07,2025-03-27
Porte-des-Bonnevaux,38479,38,2022-08-16 13:08:00,5000,5,1117.0,2024-08-06,2026-04-28
Portel-des-Corbières,11295,11,2022-06-14 11:55:00,62773,1,99.0,2023-01-16,2023-01-16
Portel-des-Corbières,11295,11,2022-06-23 17:25:00,10,1,99.0,2023-01-16,2023-01-16
Portel-des-Corbières,11295,11,2022-11-07 17:47:00,300,1,99.0,2023-01-16,2023-01-16
Portets,33334,33,2022-08-10 01:06:00,5000,3,5607.8,2023-01-13,2025-02-04
Portiragnes,34209,34,2022-07-18 18:56:00,22317,3,248.0,2024-11-14,2025-05-14
Portiragnes,34209,34,2022-07-20 11:04:00,115995,3,248.0,2024-11-14,2025-05-14
Porto-Vecchio,2A247,2A,2022-01-15 14:41:00,40,15,6582.36,2022-04-26,2026-01-06
Porto-Vecchio,2A247,2A,2022-01-18 00:40:00,10,15,6582.36,2022-04-26,2026-01-06
Porto-Vecchio,2A247,2A,2022-06-11 15:31:00,1418,14,6482.91,2022-07-20,2026-01-06
Porto-Vecchio,2A247,2A,2022-06-25 21:43:00,150,14,6482.91,2022-07-20,2026-01-06
Porto-Vecchio,2A247,2A,2022-07-03 12:31:00,10000,14,6482.91,2022-07-20,2026-01-06
Porto-Vecchio,2A247,2A,2022-08-09 18:53:00,41,13,6382.919999999999,2023-03-28,2026-01-06
Porto-Vecchio,2A247,2A,2022-08-10 19:09:00,10,13,6382.919999999999,2023-03-28,2026-01-06
Porto-Vecchio,2A247,2A,2022-09-21 08:00:00,1,13,6382.919999999999,2023-03-28,2026-01-06
Pouant,86197,86,2022-06-18 14:34:53,10000,5,620.64,2023-03-22,2026-01-08
Pourrières,83097,83,2022-03-22 10:52:00,400,2,500.0,2024-05-13,2025-06-12
Poursac,16268,16,2022-08-11 17:03:00,1000,1,180.0,2024-06-21,2024-06-21
Pouxeux,88358,88,2022-06-15 13:36:00,100,2,389.0,2023-01-13,2025-07-30
Pouzols-Minervois,11296,11,2022-06-15 16:28:00,4000,1,89.0,2023-06-27,2023-06-27
Prayssas,47213,47,2022-10-17 17:28:28,22000,8,1670.0,2022-11-16,2026-01-14
Presly,18185,18,2022-03-25 14:31:00,2000,2,335.0,2022-06-15,2024-06-07
Propriano,2A249,2A,2022-03-19 12:15:00,10,1,100.0,2024-11-13,2024-11-13
Propriano,2A249,2A,2022-03-24 15:20:00,500,1,100.0,2024-11-13,2024-11-13
Prunay-Cassereau,41184,41,2022-07-10 15:31:00,110000,1,250.0,2023-10-25,2023-10-25
Prunay-Cassereau,41184,41,2022-07-10 15:33:00,120000,1,250.0,2023-10-25,2023-10-25
Prunelli-di-Fiumorbo,2B251,2B,2022-02-01 15:16:00,3000,6,568.24,2022-08-10,2025-06-04
Prunet,15156,15,2022-07-20 02:21:00,3000,2,258.8,2022-07-26,2025-12-29
Préserville,31439,31,2022-07-18 19:59:00,20000,1,250.0,2026-01-23,2026-01-23
Prévenchères,48119,48,2022-01-26 15:55:00,80000,3,673.0,2024-10-23,2025-03-27
Prévenchères,48119,48,2022-01-28 11:27:00,1000,3,673.0,2024-10-23,2025-03-27
Puch-d'Agenais,47214,47,2022-03-28 20:16:59,5000,6,868.1,2023-08-16,2026-03-03
Puligny-Montrachet,21512,21,2022-08-02 10:43:00,500,1,138.0,2025-12-03,2025-12-03
Putanges-le-Lac,61339,61,2022-08-06 19:52:50,15000,3,565.0,2024-02-29,2026-03-26
Putanges-le-Lac,61339,61,2022-08-26 12:45:46,1000,3,565.0,2024-02-29,2026-03-26
Putanges-le-Lac,61339,61,2022-09-05 15:42:36,20000,3,565.0,2024-02-29,2026-03-26
Puygaillard-de-Lomagne,82146,82,2022-04-11 18:04:00,4000,1,250.0,2024-02-22,2024-02-22
Puyméras,84094,84,2022-02-01 02:57:00,10,1,230.0,2026-03-02,2026-03-02
Puyvert,84095,84,2022-05-28 00:01:00,8000,3,255.6,2023-09-29,2026-01-26
Puyvert,84095,84,2022-05-28 21:29:00,440,3,255.6,2023-09-29,2026-01-26
Puyvert,84095,84,2022-07-10 01:25:00,3000,3,255.6,2023-09-29,2026-01-26
Pélissanne,13069,13,2022-08-04 15:20:00,10,4,396.0,2024-02-08,2025-03-21
Pénestin,56155,56,2022-07-07 18:39:00,10000,1,55.0,2025-10-21,2025-10-21
Pénestin,56155,56,2022-07-08 20:45:00,1200,1,55.0,2025-10-21,2025-10-21
Pénestin,56155,56,2022-08-13 23:16:00,2,1,55.0,2025-10-21,2025-10-21
Pérignac,16258,16,2022-08-30 21:31:00,300,2,365.0,2024-01-25,2025-03-21
Pézilla-la-Rivière,66140,66,2022-06-12 14:20:00,15000,4,1944.0,2023-10-26,2025-11-27
Pézilla-la-Rivière,66140,66,2022-10-06 10:03:00,10000,4,1944.0,2023-10-26,2025-11-27
Queaux,86203,86,2022-10-05 17:27:15,10000,1,201.6,2024-10-28,2024-10-28
Querrien,29230,29,2022-07-18 09:39:00,800,3,590.0,2025-11-17,2025-12-05
Querrien,29230,29,2022-08-06 13:49:00,15000,3,590.0,2025-11-17,2025-12-05
Questembert,56184,56,2022-08-06 12:16:00,45000,14,2208.0,2023-06-14,2026-05-22
Questembert,56184,56,2022-08-08 18:24:00,1,14,2208.0,2023-06-14,2026-05-22
Questembert,56184,56,2022-10-07 12:11:00,10,14,2208.0,2023-06-14,2026-05-22
Queyrac,33348,33,2022-08-06 19:00:00,194000,8,900.0,2022-08-23,2026-02-27
Quimper,29232,29,2022-06-03 16:44:00,5,13,2255.0,2023-05-02,2025-10-16
Quimper,29232,29,2022-07-01 19:50:00,50,13,2255.0,2023-05-02,2025-10-16
Quimper,29232,29,2022-07-02 19:54:00,10,13,2255.0,2023-05-02,2025-10-16
Quimper,29232,29,2022-07-13 16:58:00,5000,13,2255.0,2023-05-02,2025-10-16
Quimper,29232,29,2022-07-22 20:54:00,2000,13,2255.0,2023-05-02,2025-10-16
Quimper,29232,29,2022-08-07 09:19:00,1000,13,2255.0,2023-05-02,2025-10-16
Quimper,29232,29,2022-08-13 21:13:00,200,13,2255.0,2023-05-02,2025-10-16
Quissac,46233,46,2022-07-14 15:10:00,15000,2,346.8,2023-10-11,2025-08-06
Quistinic,56188,56,2022-08-06 17:41:00,50,3,456.0,2023-03-30,2025-12-10
Quistinic,56188,56,2022-08-08 09:45:00,5,3,456.0,2023-03-30,2025-12-10
Raismes,59491,59,2022-05-17 15:37:00,300,2,209.65,2023-08-09,2025-09-25
Raismes,59491,59,2022-06-12 16:39:00,3000,2,209.65,2023-08-09,2025-09-25
Raismes,59491,59,2022-06-15 16:42:00,2000,2,209.65,2023-08-09,2025-09-25
Raon-l'Étape,88372,88,2022-03-27 11:51:00,1,2,307.0,2024-08-29,2025-01-27
Raon-l'Étape,88372,88,2022-07-15 14:21:00,30,2,307.0,2024-08-29,2025-01-27
Rasteau,84096,84,2022-07-11 04:56:00,170,1,40.0,2025-08-08,2025-08-08
Rasteau,84096,84,2022-07-23 23:40:00,130,1,40.0,2025-08-08,2025-08-08
Raucoules,43159,43,2022-05-17 15:07:00,1510,2,318.0,2024-08-20,2026-05-27
Rayssac,81221,81,2022-08-12 15:30:00,200000,6,1100.0,2025-10-27,2026-05-07
Reclesne,71368,71,2022-05-11 13:45:00,200,1,84.0,2025-09-04,2025-09-04
Redon,35236,35,2022-03-28 19:23:00,2000,4,830.8,2022-11-16,2026-02-06
Reignac,33351,33,2022-09-14 20:45:00,2000,8,1107.76,2024-03-13,2026-05-28
Reilhac,46235,46,2022-04-10 15:48:00,10000,2,332.7,2022-08-31,2025-04-02
Rennes,35238,35,2022-07-05 02:46:00,50,25,3447.99,2022-11-17,2026-05-19
Retournac,43162,43,2022-03-25 12:27:00,14300,3,750.0,2023-06-20,2025-04-16
Retournac,43162,43,2022-03-25 14:44:00,12000,3,750.0,2023-06-20,2025-04-16
Retournac,43162,43,2022-06-13 14:22:00,1500,3,750.0,2023-06-20,2025-04-16
Revel,31451,31,2022-08-04 11:58:00,4000,10,1607.0,2022-10-03,2026-01-20
Reventin-Vaugris,38336,38,2022-08-16 15:58:00,2500,9,1481.0,2024-10-01,2026-05-27
Revest-des-Brousses,04162,04,2022-03-12 12:28:00,11800,1,238.0,2024-01-08,2024-01-08
Rieux-Minervois,11315,11,2022-12-22 18:35:00,10080,4,459.0,2024-01-18,2026-02-16
Rilly-sur-Vienne,37199,37,2022-03-20 16:21:00,500,2,440.0,2024-07-03,2024-07-03
Riocaud,33354,33,2022-07-30 18:54:00,1000,2,348.0,2023-03-16,2025-04-14
Riocaud,33354,33,2022-08-12 12:33:00,4000,2,348.0,2023-03-16,2025-04-14
Riom-ès-Montagnes,15162,15,2022-01-29 15:22:00,1000,3,822.0,2026-01-06,2026-04-16
Rion-des-Landes,40243,40,2022-05-14 19:50:00,20,12,47525.0,2022-06-09,2026-02-06
Rion-des-Landes,40243,40,2022-08-29 15:37:00,150,9,14775.0,2023-06-01,2026-02-06
Rives,38337,38,2022-07-28 14:31:00,700,5,2111.0,2023-07-07,2025-07-01
Rivesaltes,66164,66,2022-06-28 11:37:00,55000,27,8062.54,2023-03-29,2026-05-12
Rivière-Saas-et-Gourby,40244,40,2022-07-18 12:12:00,1740,4,712.0,2023-07-06,2026-01-07
Rivière-Saas-et-Gourby,40244,40,2022-08-12 12:21:00,406,4,712.0,2023-07-06,2026-01-07
Rixheim,68278,68,2022-08-10 17:13:00,20000,5,685.0,2024-03-19,2025-11-06
Roche,38339,38,2022-08-03 17:57:00,50,4,810.0,2022-11-23,2025-01-22
Rochemaure,07191,07,2022-06-20 12:59:00,200,2,324.0,2023-02-08,2025-08-12
Rochessauve,07194,07,2022-03-25 16:48:00,5000,4,779.0,2022-10-14,2026-05-27
Rognac,13081,13,2022-05-26 04:43:00,600,3,581.0,2025-08-27,2026-01-05
Rognac,13081,13,2022-05-28 16:58:00,1000,3,581.0,2025-08-27,2026-01-05
Rognac,13081,13,2022-06-09 23:34:00,3000,3,581.0,2025-08-27,2026-01-05
Rognac,13081,13,2022-06-11 05:51:00,10,3,581.0,2025-08-27,2026-01-05
Rognac,13081,13,2022-06-16 23:59:00,20,3,581.0,2025-08-27,2026-01-05
Rognac,13081,13,2022-07-30 05:39:00,5,3,581.0,2025-08-27,2026-01-05
Rognac,13081,13,2022-08-19 14:53:00,2,3,581.0,2025-08-27,2026-01-05
Rognac,13081,13,2022-10-21 01:22:00,30,3,581.0,2025-08-27,2026-01-05
Rognes,13082,13,2022-02-28 16:37:00,100,1,165.0,2023-03-23,2023-03-23
Rognes,13082,13,2022-03-09 09:13:00,10,1,165.0,2023-03-23,2023-03-23
Rognes,13082,13,2022-03-14 10:17:00,100,1,165.0,2023-03-23,2023-03-23
Rognes,13082,13,2022-03-21 16:35:00,100,1,165.0,2023-03-23,2023-03-23
Rognes,13082,13,2022-03-23 12:03:00,4500,1,165.0,2023-03-23,2023-03-23
Rognes,13082,13,2022-04-03 13:41:00,10,1,165.0,2023-03-23,2023-03-23
Rognes,13082,13,2022-10-22 15:28:00,50,1,165.0,2023-03-23,2023-03-23
Rognes,13082,13,2022-10-31 17:53:00,50,1,165.0,2023-03-23,2023-03-23
Roiffieux,07197,07,2022-05-20 11:06:00,70000,2,206.0,2023-11-14,2026-01-27
Romilly,41193,41,2022-07-11 14:53:00,80000,2,337.0,2025-10-01,2026-04-30
Romorantin-Lanthenay,41194,41,2022-07-18 18:48:00,1200,9,2120.0,2024-03-05,2026-04-17
Ronsenac,16283,16,2022-08-27 17:43:00,4800,2,469.0,2025-05-15,2026-01-19
Roost-Warendin,59509,59,2022-08-11 17:02:00,400,4,520.0,2025-01-24,2026-04-22
Roquebrune-sur-Argens,83107,83,2022-02-25 15:56:00,20,8,1639.8,2023-02-27,2025-12-08
Roquecourbe,81227,81,2022-03-22 12:26:00,6000,1,110.0,2025-04-28,2025-04-28
Roquecourbe,81227,81,2022-05-18 18:52:00,500,1,110.0,2025-04-28,2025-04-28
Roquefort-la-Bédoule,13085,13,2022-05-20 12:25:00,20,1,50.0,2026-01-15,2026-01-15
Roquefort-la-Bédoule,13085,13,2022-06-09 12:32:00,7,1,50.0,2026-01-15,2026-01-15
Roquevaire,13086,13,2022-04-14 13:53:00,200,1,230.0,2025-06-05,2025-06-05
Roquevaire,13086,13,2022-05-02 07:19:00,20,1,230.0,2025-06-05,2025-06-05
Roquevaire,13086,13,2022-05-21 12:42:00,50,1,230.0,2025-06-05,2025-06-05
Roquevaire,13086,13,2022-06-28 22:45:00,150,1,230.0,2025-06-05,2025-06-05
Roquevaire,13086,13,2022-07-06 08:08:00,30,1,230.0,2025-06-05,2025-06-05
Roquevaire,13086,13,2022-07-25 11:24:00,400,1,230.0,2025-06-05,2025-06-05
Roscoff,29239,29,2022-07-11 05:26:00,20,2,238.0,2025-09-05,2026-04-30
Rosnoën,29240,29,2022-08-09 14:16:00,10000,2,214.0,2023-01-10,2026-01-19
Rosnoën,29240,29,2022-08-10 16:56:00,400,2,214.0,2023-01-10,2026-01-19
Rosporden,29241,29,2022-04-27 19:10:00,1000,6,1068.0,2022-07-05,2026-01-23
Rosporden,29241,29,2022-06-13 19:55:00,500,6,1068.0,2022-07-05,2026-01-23
Roumoules,04172,04,2022-02-07 15:11:00,200,1,154.0,2025-06-05,2025-06-05
Roumoules,04172,04,2022-08-06 13:02:00,500,1,154.0,2025-06-05,2025-06-05
Rousset,13087,13,2022-05-17 12:39:00,5000,4,1433.0,2022-12-07,2025-02-12
Rousset,13087,13,2022-06-13 05:45:00,150,4,1433.0,2022-12-07,2025-02-12
Rousset,13087,13,2022-09-08 18:35:00,1500,4,1433.0,2022-12-07,2025-02-12
Rousset,13087,13,2022-10-18 16:29:00,5000,4,1433.0,2022-12-07,2025-02-12
Roussillon,84102,84,2022-02-21 13:54:00,15000,2,2040.0,2022-10-27,2023-10-20
Roussillon,84102,84,2022-02-25 16:28:00,57700,2,2040.0,2022-10-27,2023-10-20
Roussillon,84102,84,2022-03-22 18:51:00,2500,2,2040.0,2022-10-27,2023-10-20
Roussillon,84102,84,2022-03-24 15:02:00,1800,2,2040.0,2022-10-27,2023-10-20
Roussillon,84102,84,2022-05-15 20:15:00,200,2,2040.0,2022-10-27,2023-10-20
Roybon,38347,38,2022-09-06 14:08:00,10000,4,598.0,2023-10-31,2024-02-16
Ruaudin,72260,72,2022-03-22 18:18:00,50,7,1305.0,2023-02-22,2026-03-23
Ruaudin,72260,72,2022-06-14 11:29:00,300,7,1305.0,2023-02-22,2026-03-23
Ruaudin,72260,72,2022-07-10 17:37:00,500,7,1305.0,2023-02-22,2026-03-23
Ruaudin,72260,72,2022-07-10 20:36:00,150,7,1305.0,2023-02-22,2026-03-23
Ruaudin,72260,72,2022-07-12 20:33:00,200,7,1305.0,2023-02-22,2026-03-23
Ruaudin,72260,72,2022-07-15 19:41:00,200,7,1305.0,2023-02-22,2026-03-23
Ruaudin,72260,72,2022-07-19 23:03:00,8000,7,1305.0,2023-02-22,2026-03-23
Ruaudin,72260,72,2022-07-26 22:07:00,500,7,1305.0,2023-02-22,2026-03-23
Ruaudin,72260,72,2022-07-30 23:03:00,100,7,1305.0,2023-02-22,2026-03-23
Ruaudin,72260,72,2022-08-05 21:30:00,200,7,1305.0,2023-02-22,2026-03-23
Ruaudin,72260,72,2022-08-09 17:59:00,5000,7,1305.0,2023-02-22,2026-03-23
Ruaudin,72260,72,2022-08-12 18:55:00,50,7,1305.0,2023-02-22,2026-03-23
Ruaudin,72260,72,2022-08-13 17:29:00,15,7,1305.0,2023-02-22,2026-03-23
Ruaudin,72260,72,2022-08-16 22:12:00,10,7,1305.0,2023-02-22,2026-03-23
Rustiques,11330,11,2022-02-08 18:42:00,50,1,98.0,2023-05-30,2023-05-30
Ruy-Montceau,38348,38,2022-05-21 18:24:00,100,3,512.0,2024-10-23,2025-12-02
Ruy-Montceau,38348,38,2022-08-02 21:08:00,50,3,512.0,2024-10-23,2025-12-02
Ruy-Montceau,38348,38,2022-08-04 05:53:00,10,3,512.0,2024-10-23,2025-12-02
Rânes,61344,61,2022-07-25 16:15:22,1500,1,230.0,2026-04-21,2026-04-21
Réalmont,81222,81,2022-09-05 14:21:00,900,9,4617.9,2022-09-28,2026-04-08
Réaumont,38331,38,2022-08-17 21:48:00,10,1,150.0,2024-10-31,2024-10-31
Rédené,29234,29,2022-06-17 16:43:00,500,4,636.0,2022-11-16,2025-12-05
Rémalard en Perche,61345,61,2022-06-12 17:02:48,9000,1,99.8,2025-05-20,2025-05-20
Réminiac,56191,56,2022-06-15 15:15:00,2000,2,416.0,2024-12-19,2024-12-19
Réminiac,56191,56,2022-06-16 09:06:00,200,2,416.0,2024-12-19,2024-12-19
Réminiac,56191,56,2022-07-10 18:58:00,2000,2,416.0,2024-12-19,2024-12-19
Sabres,40246,40,2022-07-19 01:16:00,4000,5,729.0,2022-07-26,2026-02-23
Sabres,40246,40,2022-09-02 12:16:00,4000,2,450.0,2025-10-10,2026-02-23
Sagy,71379,71,2022-06-12 18:04:00,300,1,125.0,2025-10-23,2025-10-23
Sai,61358,61,2022-07-21 13:58:28,300,1,205.0,2024-02-29,2024-02-29
Sai,61358,61,2022-08-04 16:37:42,2000,1,205.0,2024-02-29,2024-02-29
Saignes,15169,15,2022-04-13 15:20:00,6,1,100.0,2025-01-30,2025-01-30
Saignon,84105,84,2022-02-06 19:52:00,10,2,195.8,2023-09-25,2025-11-27
Saignon,84105,84,2022-08-29 13:58:00,500,2,195.8,2023-09-25,2025-11-27
Sail-sous-Couzan,42195,42,2022-07-27 18:35:00,20000,1,184.0,2025-11-06,2025-11-06
Saillans,26289,26,2022-08-13 22:54:00,15000,2,244.0,2023-11-02,2024-07-15
Saint Antoine l'Abbaye,38359,38,2022-05-20 14:49:00,300,1,180.0,2024-10-18,2024-10-18
Saint-Affrique,12208,12,2022-08-27 14:34:00,65500,17,2334.0,2022-11-09,2026-05-05
Saint-Aigulin,17309,17,2022-04-10 13:53:00,1500,3,530.0,2025-03-27,2025-06-24
Saint-Albain,71383,71,2022-06-16 14:52:00,3000,1,249.2,2024-11-15,2024-11-15
Saint-André,66168,66,2022-07-13 13:25:00,7664,1,4576.0,2025-06-02,2025-06-02
Saint-André-de-Cubzac,33366,33,2022-08-07 14:31:00,13000,7,2613.0,2022-09-15,2025-07-31
Saint-André-de-Majencoules,30229,30,2022-05-26 15:40:00,34420,1,164.0,2025-07-10,2025-07-10
Saint-André-de-Majencoules,30229,30,2022-07-23 06:05:00,149,1,164.0,2025-07-10,2025-07-10
Saint-André-de-Roquelongue,11332,11,2022-07-14 06:19:00,21771,3,600.0,2025-01-22,2025-11-28
Saint-André-des-Eaux,44151,44,2022-08-08 17:22:00,500,1,99.0,2025-09-24,2025-09-24
Saint-André-les-Alpes,04173,04,2022-07-15 15:32:00,250,1,77.0,2023-09-07,2023-09-07
Saint-Antonin-du-Var,83154,83,2022-03-26 19:22:00,700,1,99.0,2024-08-02,2024-08-02
Saint-Auban,06116,06,2022-04-30 10:41:00,1000,4,10274.0,2022-06-01,2025-11-18
Saint-Aubin,39476,39,2022-07-14 15:51:00,1000,2,460.0,2024-05-23,2024-11-22
Saint-Aubin-de-Médoc,33376,33,2022-05-14 04:52:00,10000,3,416.0,2023-11-22,2025-09-01
Saint-Aubin-de-Médoc,33376,33,2022-07-27 17:06:00,300,3,416.0,2023-11-22,2025-09-01
Saint-Aubin-de-Médoc,33376,33,2022-09-21 04:43:00,3000,3,416.0,2023-11-22,2025-09-01
Saint-Aubin-des-Préaux,50447,50,2022-08-12 15:35:00,6000,1,99.8,2025-04-01,2025-04-01
Saint-Avit,40250,40,2022-04-11 12:49:00,10,8,1731.0,2024-04-03,2026-02-10
Saint-Avit,40250,40,2022-04-14 13:18:00,2500,8,1731.0,2024-04-03,2026-02-10
Saint-Avit-Saint-Nazaire,33378,33,2022-07-18 12:24:00,20000,1,77.0,2025-08-04,2025-08-04
Saint-Avé,56206,56,2022-07-15 08:14:00,500,11,1404.0,2022-09-22,2025-11-17
Saint-Barthélemy-de-Vals,26295,26,2022-06-19 13:56:00,110000,1,100.0,2022-07-05,2022-07-05
Saint-Baudille-de-la-Tour,38365,38,2022-08-02 12:48:00,50,1,220.0,2024-05-27,2024-05-27
Saint-Beauzeil,82157,82,2022-03-26 16:53:00,8000,1,220.0,2025-11-04,2025-11-04
Saint-Benin-d'Azy,58232,58,2022-07-25 15:39:00,10000,2,199.0,2023-06-01,2025-09-29
Saint-Berthevin,53201,53,2022-06-18 20:37:00,1000,9,1604.0,2023-06-21,2026-03-30
Saint-Blaise-du-Buis,38368,38,2022-07-21 15:25:00,200,3,278.0,2023-02-27,2026-05-11
Saint-Bonnet-en-Champsaur,05132,05,2022-03-05 13:40:00,400,6,601.8,2022-05-31,2024-02-29
Saint-Bris-le-Vineux,89337,89,2022-04-16 16:34:00,10000,2,426.5,2023-11-17,2024-06-26
Saint-Cassien,38373,38,2022-07-27 23:30:00,100,1,233.0,2026-03-25,2026-03-25
Saint-Cernin,15175,15,2022-02-28 13:25:00,30000,9,1347.5,2022-12-14,2026-03-24
Saint-Cernin,15175,15,2022-03-06 19:32:00,20000,9,1347.5,2022-12-14,2026-03-24
Saint-Cernin,15175,15,2022-03-23 16:46:00,10000,9,1347.5,2022-12-14,2026-03-24
Saint-Cernin,15175,15,2022-08-01 15:37:00,60,9,1347.5,2022-12-14,2026-03-24
Saint-Cernin,15175,15,2022-08-07 13:15:00,10000,9,1347.5,2022-12-14,2026-03-24
Saint-Cernin,15175,15,2022-09-13 18:21:00,200,9,1347.5,2022-12-14,2026-03-24
Saint-Chamas,13092,13,2022-01-26 17:36:00,400,2,229.0,2025-03-14,2025-11-20
Saint-Chamas,13092,13,2022-02-10 17:42:00,30,2,229.0,2025-03-14,2025-11-20
Saint-Chamas,13092,13,2022-05-30 07:43:00,50,2,229.0,2025-03-14,2025-11-20
Saint-Chamas,13092,13,2022-05-30 07:43:00,150,2,229.0,2025-03-14,2025-11-20
Saint-Chamas,13092,13,2022-07-07 07:08:00,100,2,229.0,2025-03-14,2025-11-20
Saint-Chamond,42207,42,2022-06-20 18:26:00,25000,15,2456.0,2022-09-29,2026-05-29
Saint-Chartier,36184,36,2022-08-10 13:27:00,200000,5,1023.99,2024-08-08,2025-06-10
Saint-Chef,38374,38,2022-08-05 03:08:00,10800,3,320.0,2025-08-06,2026-02-17
Saint-Chef,38374,38,2022-09-07 01:05:00,50,3,320.0,2025-08-06,2026-02-17
Saint-Christol-lez-Alès,30243,30,2022-07-08 12:20:00,94,1,220.0,2025-01-09,2025-01-09
Saint-Christol-lez-Alès,30243,30,2022-07-09 13:33:00,3839,1,220.0,2025-01-09,2025-01-09
Saint-Christol-lez-Alès,30243,30,2022-07-12 16:52:00,7952,1,220.0,2025-01-09,2025-01-09
Saint-Christol-lez-Alès,30243,30,2022-07-19 19:57:00,4677,1,220.0,2025-01-09,2025-01-09
Saint-Christol-lez-Alès,30243,30,2022-08-10 06:53:00,2851,1,220.0,2025-01-09,2025-01-09
Saint-Christol-lez-Alès,30243,30,2022-08-10 18:50:00,10,1,220.0,2025-01-09,2025-01-09
Saint-Christoly-de-Blaye,33382,33,2022-06-15 20:25:00,500,2,318.0,2025-01-15,2025-03-27
Saint-Christoly-de-Blaye,33382,33,2022-07-28 17:39:00,30000,2,318.0,2025-01-15,2025-03-27
Saint-Christoly-de-Blaye,33382,33,2022-08-06 13:44:00,5000,2,318.0,2025-01-15,2025-03-27
Saint-Christoly-de-Blaye,33382,33,2022-08-09 18:53:00,7000,2,318.0,2025-01-15,2025-03-27
Saint-Christoly-de-Blaye,33382,33,2022-08-10 12:32:00,10000,2,318.0,2025-01-15,2025-03-27
Saint-Christoly-de-Blaye,33382,33,2022-09-06 22:20:00,2000,2,318.0,2025-01-15,2025-03-27
Saint-Christophe-des-Bois,35260,35,2022-08-06 17:15:00,1000,1,158.0,2025-04-14,2025-04-14
Saint-Chély-d'Apcher,48140,48,2022-10-11 14:12:00,20000,6,1144.6,2022-10-14,2026-05-19
Saint-Cirgues-de-Malbert,15179,15,2022-03-25 16:12:00,15000,1,200.0,2026-02-16,2026-02-16
Saint-Cirq-Madelon,46257,46,2022-08-10 17:10:00,30000,1,115.0,2024-07-17,2024-07-17
Saint-Clair-de-la-Tour,38377,38,2022-10-16 19:47:00,300,3,309.8,2025-04-24,2026-05-27
Saint-Clair-du-Rhône,38378,38,2022-08-04 12:20:00,10000,4,7175.61,2023-05-04,2025-01-14
Saint-Clair-sur-Galaure,38379,38,2022-03-08 11:01:00,300,3,283.0,2023-05-30,2024-11-26
Saint-Couat-d'Aude,11337,11,2022-03-03 15:06:00,28400,1,240.0,2024-07-30,2024-07-30
Saint-Couat-d'Aude,11337,11,2022-10-19 20:16:00,500,1,240.0,2024-07-30,2024-07-30
Saint-Cyr,87141,87,2022-08-09 19:29:57,1000,3,636.0,2024-09-19,2026-05-20
Saint-Cyr-en-Val,45272,45,2022-09-04 17:42:00,300,9,30134.0,2023-12-19,2025-10-17
Saint-Denis,97411,974,2022-09-28 03:29:00,2376,10,1156.39,2022-12-13,2025-11-10
Saint-Denis,97411,974,2022-10-09 14:53:00,6861,10,1156.39,2022-12-13,2025-11-10
Saint-Denis-de-Pile,33393,33,2022-07-23 16:05:00,500,7,1376.9,2024-01-24,2026-02-05
Saint-Denis-de-Pile,33393,33,2022-08-12 18:37:00,1500,7,1376.9,2024-01-24,2026-02-05
Saint-Denis-de-Pile,33393,33,2022-08-12 18:44:00,1500,7,1376.9,2024-01-24,2026-02-05
Saint-Denis-de-Pile,33393,33,2022-08-24 17:25:00,2290,7,1376.9,2024-01-24,2026-02-05
Saint-Denis-en-Margeride,48145,48,2022-03-01 11:35:00,60000,2,470.0,2023-10-16,2025-07-15
Saint-Didier-en-Velay,43177,43,2022-03-24 15:57:00,22500,3,544.0,2025-04-17,2025-07-30
Saint-Dié-des-Vosges,88413,88,2022-03-25 14:08:00,10,4,1220.0,2022-10-24,2026-04-10
Saint-Dié-des-Vosges,88413,88,2022-05-10 11:19:00,1,4,1220.0,2022-10-24,2026-04-10
Saint-Dié-des-Vosges,88413,88,2022-08-04 05:44:00,800,4,1220.0,2022-10-24,2026-04-10
Saint-Dié-des-Vosges,88413,88,2022-09-09 15:04:00,1,4,1220.0,2022-10-24,2026-04-10
Saint-Esprit,97223,972,2022-05-11 20:50:00,700,11,813.9200000000001,2022-12-02,2025-10-30
Saint-Eugène,71411,71,2022-08-14 10:43:00,14,7,1125.6,2023-02-08,2026-03-24
Saint-Evroult-de-Montfort,61385,61,2022-07-19 09:09:18,30,2,500.0,2026-03-17,2026-03-17
Saint-Flour,15187,15,2022-02-28 15:08:00,3000,12,2093.68,2023-07-07,2026-03-26
Saint-Flour,15187,15,2022-03-27 15:43:00,6000,12,2093.68,2023-07-07,2026-03-26
Saint-Fraimbault,61387,61,2022-08-10 16:42:26,6000,2,305.0,2025-09-22,2026-04-30
Saint-Front-sur-Lémance,47242,47,2022-09-18 16:21:08,15000,1,250.0,2025-06-03,2025-06-03
Saint-Frézal-d'Albuges,48151,48,2022-01-29 15:22:00,30000,1,90.0,2022-10-18,2022-10-18
Saint-Frézal-d'Albuges,48151,48,2022-01-29 17:00:00,20000,1,90.0,2022-10-18,2022-10-18
Saint-Féliu-d'Avall,66174,66,2022-06-28 15:10:00,18800,3,3160.0,2024-08-06,2025-03-21
Saint-Félix-de-Villadeix,24405,24,2022-07-09 14:22:00,200200,1,220.0,2023-11-22,2023-11-22
Saint-Gein,40259,40,2022-04-11 10:35:00,1390,1,8250.0,2023-03-27,2023-03-27
Saint-Geniez,04179,04,2022-06-29 18:18:00,4600,1,99.0,2025-10-28,2025-10-28
Saint-Geniez,04179,04,2022-07-19 16:47:00,210000,1,99.0,2025-10-28,2025-10-28
Saint-Georges-d'Espéranche,38389,38,2022-10-28 19:16:00,30,5,1035.0,2023-02-16,2026-01-20
Saint-Georges-de-Commiers,38388,38,2022-08-21 16:38:00,50,1,50.0,2025-10-30,2025-10-30
Saint-Georges-de-Luzençon,12225,12,2022-03-28 13:21:00,62000,8,920.0,2022-04-05,2026-01-08
Saint-Georges-la-Pouge,23197,23,2022-05-11 16:36:00,1500,1,200.0,2026-02-16,2026-02-16
Saint-Georges-sur-Cher,41211,41,2022-03-26 15:47:00,35,4,555.8,2023-05-25,2026-01-05
Saint-Germain-du-Corbéis,61397,61,2022-07-14 11:34:46,100,1,220.0,2026-04-16,2026-04-16
Saint-Germain-du-Corbéis,61397,61,2022-07-17 11:44:09,500,1,220.0,2026-04-16,2026-04-16
Saint-Germain-du-Corbéis,61397,61,2022-08-23 14:17:06,150000,1,220.0,2026-04-16,2026-04-16
Saint-Germain-du-Plain,71420,71,2022-07-19 11:19:00,2,1,246.6,2023-08-03,2023-08-03
Saint-Germain-sur-Vienne,37220,37,2022-12-09 18:24:00,80,1,110.0,2025-10-29,2025-10-29
Saint-Gervais-la-Forêt,41212,41,2022-06-18 18:05:00,5000,3,419.0,2023-06-06,2025-07-22
Saint-Gervais-les-Trois-Clochers,86224,86,2022-07-04 17:40:10,2200,2,527.54,2023-11-03,2024-12-04
Saint-Gildas-des-Bois,44161,44,2022-06-14 10:01:00,80,6,1420.0,2023-08-03,2026-04-21
Saint-Gildas-des-Bois,44161,44,2022-07-05 22:33:00,1000,6,1420.0,2023-08-03,2026-04-21
Saint-Goazec,29249,29,2022-05-29 15:05:00,10,3,315.0,2025-01-09,2025-11-17
Saint-Gor,40262,40,2022-06-03 16:01:00,700,4,675.0,2024-07-09,2026-03-11
Saint-Hilaire-en-Lignières,18216,18,2022-07-14 19:16:00,5001,5,1126.8,2023-05-11,2026-02-13
Saint-Hilaire-les-Places,87150,87,2022-08-13 12:38:03,50,1,155.0,2024-04-04,2024-04-04
Saint-Hippolyte,66176,66,2022-03-06 12:02:00,10000,2,198.9,2024-08-13,2024-10-29
Saint-Hippolyte,66176,66,2022-08-02 15:39:00,10000,2,198.9,2024-08-13,2024-10-29
Saint-Hippolyte,12226,12,2022-08-16 15:54:00,301000,3,426.0,2022-12-08,2025-05-20
Saint-Hippolyte,66176,66,2022-08-19 14:24:00,20000,2,198.9,2024-08-13,2024-10-29
Saint-Jacques-de-la-Lande,35281,35,2022-07-18 12:45:00,400,1,249.0,2024-03-12,2024-03-12
Saint-Jean-Saverne,67425,67,2022-07-07 10:16:00,2,1,328.64,2024-04-11,2024-04-11
Saint-Jean-d'Illac,33422,33,2022-05-15 21:15:00,100,4,597.0,2023-05-02,2026-04-10
Saint-Jean-d'Illac,33422,33,2022-05-22 06:33:00,8000,4,597.0,2023-05-02,2026-04-10
Saint-Jean-d'Illac,33422,33,2022-08-25 12:22:00,2000,4,597.0,2023-05-02,2026-04-10
Saint-Jean-de-Bournay,38399,38,2022-07-16 19:46:00,500,7,1162.6,2024-03-06,2026-05-27
Saint-Jean-de-Védas,34270,34,2022-07-05 17:08:00,210,11,1101.3,2023-08-31,2026-05-20
Saint-Jean-de-la-Motte,72291,72,2022-05-02 09:00:00,20000,1,190.0,2026-03-16,2026-03-16
Saint-Jean-de-la-Motte,72291,72,2022-05-05 10:03:00,50,1,190.0,2026-03-16,2026-03-16
Saint-Jean-du-Pin,30270,30,2022-02-08 16:41:00,100,1,1500.0,2025-10-07,2025-10-07
Saint-Jeures,43199,43,2022-06-20 20:15:00,100,1,186.0,2025-07-23,2025-07-23
Saint-Joseph,97224,972,2022-06-24 11:32:00,10,11,621.39,2022-08-31,2025-06-27
Saint-Julien,83113,83,2022-02-23 18:22:00,700,4,337.0,2022-07-11,2026-01-07
Saint-Julien,83113,83,2022-06-14 21:06:00,60,4,337.0,2022-07-11,2026-01-07
Saint-Julien-de-Civry,71433,71,2022-08-16 18:53:00,1,3,581.8,2024-03-19,2024-08-28
Saint-Julien-en-Born,40266,40,2022-08-29 18:41:00,400,2,193.0,2024-01-31,2024-08-27
Saint-Julien-en-Champsaur,05147,05,2022-03-24 11:48:00,35700,1,94.0,2025-03-17,2025-03-17
Saint-Justin,40267,40,2022-06-03 19:14:00,100,2,470.0,2024-03-19,2025-07-29
Saint-Justin,40267,40,2022-06-19 16:07:00,2226000,2,470.0,2024-03-19,2025-07-29
Saint-Justin,40267,40,2022-07-15 17:28:00,1000,2,470.0,2024-03-19,2025-07-29
Saint-Justin,40267,40,2022-07-19 16:55:00,1000,2,470.0,2024-03-19,2025-07-29
Saint-Justin,40267,40,2022-07-27 02:02:00,3000,2,470.0,2024-03-19,2025-07-29
Saint-Justin,40267,40,2022-08-14 08:09:00,3,2,470.0,2024-03-19,2025-07-29
Saint-Justin,40267,40,2022-11-01 12:42:00,100,2,470.0,2024-03-19,2025-07-29
Saint-Laurent-Médoc,33424,33,2022-06-17 23:34:00,1000,16,2529.4,2023-04-04,2025-12-30
Saint-Laurent-Nouan,41220,41,2022-07-19 15:10:00,10500,3,420.8,2024-09-26,2025-01-06
Saint-Laurent-de-Lin,37223,37,2022-10-23 17:28:00,100,2,305.0,2024-03-28,2025-02-26
Saint-Laurent-de-la-Cabrerisse,11351,11,2022-02-23 15:11:00,1800,2,180.0,2022-09-13,2023-02-27
Saint-Laurent-des-Arbres,30278,30,2022-04-17 12:25:00,350,2,190.0,2022-10-11,2025-06-12
Saint-Laurent-des-Hommes,24436,24,2022-08-27 18:44:00,1000,1,200.0,2025-02-21,2025-02-21
Saint-Laurent-des-Hommes,24436,24,2022-08-30 21:56:00,20000,1,200.0,2025-02-21,2025-02-21
Saint-Laurent-du-Pont,38412,38,2022-04-17 17:31:00,400,1,100.0,2026-03-06,2026-03-06
Saint-Laurent-du-Pont,38412,38,2022-07-31 14:23:00,500,1,100.0,2026-03-06,2026-03-06
Saint-Laurent-la-Vernède,30279,30,2022-01-18 13:09:00,4000,2,179.0,2022-02-24,2026-05-05
Saint-Laurent-la-Vernède,30279,30,2022-03-09 11:11:00,5000,1,99.0,2026-05-05,2026-05-05
Saint-Lions,04187,04,2022-04-12 15:50:00,150,6,1039.8,2023-01-03,2024-03-19
Saint-Louis,97414,974,2022-10-26 16:50:00,21889,2,399.63,2024-05-06,2025-08-14
Saint-Léger-lès-Paray,71439,71,2022-07-18 16:33:00,300,4,735.0,2024-03-06,2025-05-21
Saint-Lô,50502,50,2022-07-29 17:11:43,100,6,1005.0,2024-07-24,2025-09-23
Saint-Lô,50502,50,2022-08-11 11:45:29,300,6,1005.0,2024-07-24,2025-09-23
Saint-Magne,33436,33,2022-04-03 17:58:00,400,2,25200.0,2022-12-01,2022-12-01
Saint-Maixent-sur-Vie,85239,85,2022-01-31 16:01:00,10,1,250.0,2024-10-08,2024-10-08
Saint-Malo-des-Trois-Fontaines,56227,56,2022-06-21 14:39:00,5,1,159.0,2025-10-21,2025-10-21
Saint-Mamet-la-Salvetat,15196,15,2022-04-12 15:43:00,120,5,879.6800000000001,2022-09-05,2026-04-03
Saint-Mandé-sur-Brédoire,17358,17,2022-03-27 20:39:00,20000,1,176.0,2024-09-24,2024-09-24
Saint-Marc-du-Cor,41224,41,2022-08-09 17:05:00,1300,2,319.0,2023-12-07,2024-11-21
Saint-Marcel-d'Ardèche,07264,07,2022-07-09 01:41:00,20000,2,197.8,2025-01-24,2025-03-18
Saint-Marcel-de-Careiret,30282,30,2022-02-25 14:03:00,25000,1,4300.0,2025-05-15,2025-05-15
Saint-Mard-de-Réno,61418,61,2022-07-24 13:28:05,5000,5,965.0,2024-09-25,2026-04-29
Saint-Mard-de-Réno,61418,61,2022-07-26 17:55:14,100000,5,965.0,2024-09-25,2026-04-29
Saint-Mars-d'Égrenne,61421,61,2022-07-15 14:15:17,100000,4,674.0,2023-12-06,2025-07-18
Saint-Mars-d'Égrenne,61421,61,2022-08-05 16:59:41,30000,4,674.0,2023-12-06,2025-07-18
Saint-Mars-du-Désert,44179,44,2022-08-13 15:51:00,800,14,2766.99,2022-10-10,2026-03-20
Saint-Mars-la-Brière,72300,72,2022-06-15 15:55:00,500,2,4378.0,2023-03-08,2026-03-18
Saint-Martial-d'Artenset,24449,24,2022-08-11 18:52:00,10000,5,1039.0,2023-04-14,2026-04-22
Saint-Martial-de-Nabirat,24450,24,2022-05-30 15:25:00,10,2,339.0,2023-07-06,2025-07-10
Saint-Martial-sur-Isop,87163,87,2022-11-01 15:25:05,10,3,749.2,2025-03-20,2026-02-27
Saint-Martin-Boulogne,62758,62,2022-07-19 14:09:00,3000,1,50.0,2025-08-12,2025-08-12
Saint-Martin-Valmeroux,15202,15,2022-01-25 13:57:00,800,18,2559.0,2022-04-20,2026-04-02
Saint-Martin-Valmeroux,15202,15,2022-10-29 08:43:00,1500,14,2091.0,2023-02-08,2026-04-02
Saint-Martin-d'Écublei,61423,61,2022-07-16 14:10:00,600000,2,165.6,2023-03-09,2025-01-13
Saint-Martin-de-Crau,13097,13,2022-02-10 22:52:00,50,34,15501.0,2022-02-11,2026-05-26
Saint-Martin-de-Crau,13097,13,2022-07-06 20:13:00,3000,32,15296.0,2022-09-16,2026-05-26
Saint-Martin-de-Crau,13097,13,2022-07-06 20:15:00,200,32,15296.0,2022-09-16,2026-05-26
Saint-Martin-de-Crau,13097,13,2022-08-22 15:53:00,948280,32,15296.0,2022-09-16,2026-05-26
Saint-Martin-de-Valgalgues,30284,30,2022-06-29 16:34:00,36,6,15943.0,2023-12-14,2025-10-06
Saint-Martin-de-Valgalgues,30284,30,2022-06-29 16:37:00,662,6,15943.0,2023-12-14,2025-10-06
Saint-Martin-de-Valgalgues,30284,30,2022-08-09 16:53:00,4147,6,15943.0,2023-12-14,2025-10-06
Saint-Martin-des-Champs,29254,29,2022-08-04 11:08:00,1000,4,791.0,2023-06-13,2026-04-22
Saint-Maur,18225,18,2022-07-16 12:11:00,55000,8,1189.6,2022-09-01,2026-04-09
Saint-Maurice-de-Gourdans,01378,01,2022-08-11 16:14:00,5000,5,1181.0,2023-07-07,2026-02-02
Saint-Maurice-de-Lignon,43211,43,2022-05-18 15:15:00,390,6,853.8,2023-09-26,2026-01-20
Saint-Maurice-en-Trièves,38424,38,2022-07-25 16:18:00,400,1,249.9,2025-07-30,2025-07-30
Saint-Maurice-sur-Eygues,26317,26,2022-05-28 20:57:00,5000,1,230.0,2024-07-19,2024-07-19
Saint-Maximin-la-Sainte-Baume,83116,83,2022-07-08 14:11:00,44930,5,4413.0,2023-04-04,2025-08-01
Saint-Merd-de-Lapleau,19225,19,2022-08-21 14:53:15,100000,2,315.0,2023-04-25,2025-12-12
Saint-Micaud,71465,71,2022-06-18 15:36:00,100,4,548.5,2024-01-10,2024-04-03
Saint-Michel-Loubéjou,46284,46,2022-05-28 10:52:00,100,1,80.0,2025-01-07,2025-01-07
Saint-Mitre-les-Remparts,13098,13,2022-02-22 12:38:00,50,2,187.0,2024-06-04,2024-08-29
Saint-Mitre-les-Remparts,13098,13,2022-05-11 15:14:00,10,2,187.0,2024-06-04,2024-08-29
Saint-Mitre-les-Remparts,13098,13,2022-06-08 14:29:00,20,2,187.0,2024-06-04,2024-08-29
Saint-Mitre-les-Remparts,13098,13,2022-06-08 14:47:00,20,2,187.0,2024-06-04,2024-08-29
Saint-Mitre-les-Remparts,13098,13,2022-07-05 15:32:00,700,2,187.0,2024-06-04,2024-08-29
Saint-Mitre-les-Remparts,13098,13,2022-07-07 14:44:00,10,2,187.0,2024-06-04,2024-08-29
Saint-Mitre-les-Remparts,13098,13,2022-07-08 02:26:00,248600,2,187.0,2024-06-04,2024-08-29
Saint-Mitre-les-Remparts,13098,13,2022-07-23 01:39:00,10,2,187.0,2024-06-04,2024-08-29
Saint-Mitre-les-Remparts,13098,13,2022-07-27 00:13:00,100,2,187.0,2024-06-04,2024-08-29
Saint-Mitre-les-Remparts,13098,13,2022-09-03 16:34:00,70,2,187.0,2024-06-04,2024-08-29
Saint-Mitre-les-Remparts,13098,13,2022-10-25 16:49:00,300,2,187.0,2024-06-04,2024-08-29
Saint-Médard-de-Presque,46281,46,2022-09-12 16:34:00,150,1,230.0,2026-01-19,2026-01-19
Saint-Médard-en-Jalles,33449,33,2022-03-27 17:03:00,10000,4,2570.0,2024-02-20,2025-05-21
Saint-Médard-en-Jalles,33449,33,2022-06-16 10:26:00,10,4,2570.0,2024-02-20,2025-05-21
Saint-Méloir-des-Ondes,35299,35,2022-05-27 19:16:00,300,2,355.0,2025-05-27,2026-02-17
Saint-Nabord,88429,88,2022-05-30 18:38:00,10,4,446.6,2024-01-30,2026-03-30
Saint-Nazaire,44184,44,2022-07-26 21:23:00,8,17,3042.0,2022-09-01,2026-03-25
Saint-Nazaire,44184,44,2022-08-13 17:04:00,10000,17,3042.0,2022-09-01,2026-03-25
Saint-Nicolas-du-Tertre,56230,56,2022-03-26 15:51:00,100000,3,910.0,2023-04-26,2025-10-29
Saint-Nicolas-lès-Cîteaux,21564,21,2022-08-16 16:46:00,300,3,655.6,2022-11-10,2025-07-28
Saint-Ouen-sur-Iton,61440,61,2022-07-21 19:09:34,100000,2,236.6,2023-03-28,2023-06-21
Saint-Ouen-sur-Iton,61440,61,2022-07-25 18:03:27,100000,2,236.6,2023-03-28,2023-06-21
Saint-Ouen-sur-Iton,61440,61,2022-07-28 15:09:33,20000,2,236.6,2023-03-28,2023-06-21
Saint-Pabu,29257,29,2022-06-16 14:54:00,100,1,200.0,2024-06-10,2024-06-10
Saint-Parize-le-Châtel,58260,58,2022-08-04 17:21:00,20000,4,915.0,2025-06-11,2025-12-09
Saint-Paul,33458,33,2022-08-06 22:57:00,50,2,375.0,2026-03-26,2026-03-26
Saint-Paul,97415,974,2022-10-01 19:12:00,20300,6,5751.13,2022-10-18,2025-01-01
Saint-Paul,33458,33,2022-10-23 19:33:00,30,2,375.0,2026-03-26,2026-03-26
Saint-Paul,97415,974,2022-11-11 11:53:00,6000,5,5692.72,2023-02-01,2025-01-01
Saint-Paul-Flaugnac,46103,46,2022-08-09 15:52:00,15000,6,912.0,2022-09-29,2026-03-23
Saint-Paul-Mont-Penit,85260,85,2022-07-10 15:25:00,20000,4,519.0,2022-07-27,2026-02-05
Saint-Paul-de-Salers,15205,15,2022-07-13 18:23:00,150,8,1346.9,2023-03-15,2026-03-12
Saint-Paul-de-Varax,01383,01,2022-06-20 12:00:00,15000,1,110.0,2026-04-23,2026-04-23
Saint-Paul-la-Roche,24481,24,2022-08-03 16:29:00,500,6,1000.0,2022-08-12,2025-11-20
Saint-Paulien,43216,43,2022-07-26 16:02:00,100,12,2414.82,2022-11-24,2026-03-31
Saint-Philbert-du-Peuple,49311,49,2022-06-16 13:57:00,10000,3,595.0,2023-12-19,2025-09-05
Saint-Pierre,97225,972,2022-05-26 14:05:00,100,4,4581.03,2024-03-15,2025-06-01
Saint-Pierre-d'Eyraud,24487,24,2022-04-11 16:48:00,30000,8,1478.0,2022-05-23,2025-10-15
Saint-Pierre-de-Nogaret,48175,48,2022-03-27 17:05:00,15000,2,329.4,2022-12-05,2025-01-16
Saint-Pierre-du-Mont,40281,40,2022-03-26 16:08:00,18000,4,1422.3,2022-11-29,2024-11-15
Saint-Pierre-du-Mont,40281,40,2022-05-30 17:29:00,1560,4,1422.3,2022-11-29,2024-11-15
Saint-Pons,04195,04,2022-03-04 19:53:00,100,2,221.0,2024-12-13,2025-04-30
Saint-Prim,38448,38,2022-07-15 11:27:00,500,1,250.0,2025-10-21,2025-10-21
Saint-Pryvé-Saint-Mesmin,45298,45,2022-08-12 15:42:00,20000,3,398.0,2023-10-30,2026-05-27
Saint-Quentin-la-Poterie,30295,30,2022-07-24 16:37:00,512700,2,400.0,2024-06-18,2024-12-19
Saint-Quentin-sur-Indrois,37234,37,2022-08-13 13:42:00,500,2,380.0,2024-05-16,2024-05-16
Saint-Raphaël,83118,83,2022-02-21 15:58:00,10000,2,165.0,2025-09-23,2026-04-02
Saint-Restitut,26326,26,2022-07-16 23:01:00,4000,3,2053.0,2023-08-08,2026-03-20
Saint-Romain-de-Lerps,07293,07,2022-07-23 20:37:00,1000,1,99.0,2026-04-13,2026-04-13
Saint-Romain-et-Saint-Clément,24496,24,2022-08-29 21:44:00,15000,1,250.0,2025-12-04,2025-12-04
Saint-Rome-de-Tarn,12244,12,2022-08-04 14:35:00,127000,7,1275.0,2024-07-24,2026-05-05
Saint-Rémy-de-Provence,13100,13,2022-01-23 17:50:00,100,22,7182.0,2022-01-24,2026-04-21
Saint-Rémy-de-Provence,13100,13,2022-03-28 16:32:00,200,20,7002.0,2022-07-28,2026-04-21
Saint-Rémy-de-Provence,13100,13,2022-08-13 23:31:00,3,19,2952.0,2023-03-24,2026-04-21
Saint-Rémy-de-Provence,13100,13,2022-09-02 15:37:00,100,19,2952.0,2023-03-24,2026-04-21
Saint-Saturnin,18234,18,2022-03-01 19:40:00,2,8,1103.8,2022-09-28,2026-05-21
Saint-Saturnin-lès-Apt,84118,84,2022-04-07 22:36:00,10,4,1837.0,2023-02-09,2025-10-23
Saint-Sauveur,24499,24,2022-08-12 23:01:00,8000,1,110.0,2024-10-03,2024-10-03
Saint-Sauveur-de-Puynormand,33472,33,2022-08-30 00:50:00,5000,1,99.0,2023-09-18,2023-09-18
Saint-Savin,33473,33,2022-04-03 07:52:00,30,6,1277.0,2023-02-27,2025-12-12
Saint-Savin,33473,33,2022-07-15 14:16:00,6000,6,1277.0,2023-02-27,2025-12-12
Saint-Servais,29264,29,2022-09-13 15:54:00,30,3,395.0,2024-08-06,2026-05-13
Saint-Simon,15215,15,2022-03-27 20:43:00,2000,3,279.68,2022-12-13,2023-08-01
Saint-Sulpice-les-Feuilles,87182,87,2022-07-17 21:39:29,50,8,1330.0,2024-07-02,2026-03-17
Saint-Symphorien-des-Bruyères,61457,61,2022-07-08 17:32:39,150000,1,220.0,2024-05-21,2024-05-21
Saint-Symphorien-des-Bruyères,61457,61,2022-07-15 10:46:43,30000,1,220.0,2024-05-21,2024-05-21
Saint-Thégonnec Loc-Eguiner,29266,29,2022-08-03 16:06:00,100,7,1390.0,2024-07-02,2026-04-30
Saint-Uze,26332,26,2022-08-01 15:41:00,3900,3,253.6,2025-03-03,2026-04-01
Saint-Vallier,26333,26,2022-06-19 19:28:00,2200,3,261.0,2024-10-01,2026-04-01
Saint-Vallier-de-Thiey,06130,06,2022-03-26 21:02:00,723700,1,77.0,2023-11-29,2023-11-29
Saint-Varent,79299,79,2022-08-07 16:44:00,5000,7,4525.05,2023-03-03,2025-10-02
Saint-Victor,07301,07,2022-07-02 09:53:00,10000,1,192.0,2023-07-13,2023-07-13
Saint-Victoret,13102,13,2022-05-20 17:36:00,200,2,420.0,2024-03-08,2025-05-05
Saint-Vincent-Jalmoutiers,24511,24,2022-09-17 02:09:00,1500,2,330.0,2024-05-03,2025-07-03
Saint-Vincent-du-Pendit,46295,46,2022-04-14 16:39:00,10000,1,230.0,2026-03-06,2026-03-06
Saint-Yaguen,40285,40,2022-10-04 10:08:00,100,3,455.8,2022-11-23,2025-08-13
Saint-Éloy-de-Gy,18206,18,2022-08-12 17:43:00,2000,1,110.0,2024-08-30,2024-08-30
Saint-Étienne,42218,42,2022-07-10 17:36:00,10000,33,5400.8,2023-06-01,2026-03-27
Saint-Étienne-d'Albagnan,34250,34,2022-07-10 18:24:00,150,1,90.0,2022-11-08,2022-11-08
Saint-Étienne-de-Baïgorry,64477,64,2022-07-03 11:53:12,10,2,262.0,2023-11-09,2024-08-01
Saint-Étienne-de-Crossey,38383,38,2022-08-14 14:07:00,10,1,240.0,2022-11-22,2022-11-22
Saint-Étienne-de-Saint-Geoirs,38384,38,2022-07-27 14:55:00,150,11,2837.0,2023-10-31,2026-04-10
Saint-Étienne-de-Serre,07233,07,2022-02-26 16:13:00,30000,1,90.0,2023-01-12,2023-01-12
Saint-Étienne-de-Serre,07233,07,2022-08-07 16:15:00,110000,1,90.0,2023-01-12,2023-01-12
Saint-Étienne-du-Grès,13094,13,2022-08-17 16:13:00,4,5,1905.0,2022-11-03,2026-04-20
Saint-Étienne-le-Laus,05140,05,2022-07-09 09:56:00,700,2,440.0,2023-06-26,2026-02-13
Saint-Étienne-lès-Remiremont,88415,88,2022-06-02 15:36:00,100,4,556.0,2024-12-16,2026-03-09
Saint-Évarzec,29247,29,2022-05-30 15:01:00,500,4,770.0,2023-09-05,2025-08-14
Sainte-Anastasie,30228,30,2022-07-08 13:15:00,15928,2,330.0,2024-10-02,2024-10-02
Sainte-Anastasie-sur-Issole,83111,83,2022-08-11 15:16:00,320,1,90.0,2025-06-19,2025-06-19
Sainte-Anne,97226,972,2022-03-18 07:53:00,10000,1,41.72,2024-03-07,2024-03-07
Sainte-Anne,97226,972,2022-03-18 13:23:00,10000,1,41.72,2024-03-07,2024-03-07
Sainte-Anne,97226,972,2022-04-03 11:36:00,10000,1,41.72,2024-03-07,2024-03-07
Sainte-Anne,97226,972,2022-04-24 09:46:00,400,1,41.72,2024-03-07,2024-03-07
Sainte-Barbe,88410,88,2022-08-14 12:37:00,100,1,210.0,2024-09-11,2024-09-11
Sainte-Cécile-les-Vignes,84106,84,2022-07-09 19:40:00,130,2,928.0,2023-01-27,2026-04-27
Sainte-Gauburge-Sainte-Colombe,61389,61,2022-08-02 16:23:38,20000,2,318.8,2023-01-05,2024-10-28
Sainte-Gemme,81249,81,2022-06-21 13:41:00,10,5,1097.98,2023-07-26,2025-03-11
Sainte-Gemme-Martaillac,47244,47,2022-05-10 18:25:31,400,1,200.0,2025-01-27,2025-01-27
Sainte-Geneviève-des-Bois,45278,45,2022-08-11 16:08:00,60000,2,360.0,2024-11-26,2025-06-27
Sainte-Hélène,33417,33,2022-08-25 17:01:00,200,3,508.0,2023-11-28,2024-10-28
Sainte-Hélène,33417,33,2022-09-01 14:58:00,200,3,508.0,2023-11-28,2024-10-28
Sainte-Luce,97227,972,2022-05-05 08:52:00,20,7,497.22,2022-12-19,2024-02-29
Sainte-Marie,97228,972,2022-01-21 14:48:00,250,18,1291.29,2022-05-19,2025-12-30
Sainte-Marie,97228,972,2022-03-29 11:07:00,300,18,1291.29,2022-05-19,2025-12-30
Sainte-Marie,97228,972,2022-04-14 15:07:00,100,18,1291.29,2022-05-19,2025-12-30
Sainte-Marie,15198,15,2022-05-12 03:18:00,2000,2,426.0,2023-09-26,2024-10-28
Sainte-Marie-aux-Mines,68298,68,2022-07-12 15:21:00,2100,1,240.0,2024-01-03,2024-01-03
Sainte-Montaine,18227,18,2022-06-16 14:33:00,20000,2,430.0,2024-11-18,2024-11-18
Sainte-Pazanne,44186,44,2022-07-27 14:29:00,10000,6,940.0,2023-09-26,2024-09-25
Sainte-Scolasse-sur-Sarthe,61454,61,2022-06-12 13:25:58,20000,1,96.0,2024-02-12,2024-02-12
Sainte-Sigolène,43224,43,2022-05-16 13:42:00,200,3,1103.0,2025-02-20,2026-03-27
Sainte-Valière,11366,11,2022-02-25 10:56:00,14200,1,88.0,2026-05-04,2026-05-04
Sainte-Valière,11366,11,2022-10-03 14:07:00,8488,1,88.0,2026-05-04,2026-05-04
Salaise-sur-Sanne,38468,38,2022-05-20 13:00:00,300,8,5984.0,2022-06-08,2026-05-28
Salaise-sur-Sanne,38468,38,2022-08-12 21:23:00,650,7,5895.0,2023-10-18,2026-05-28
Salaise-sur-Sanne,38468,38,2022-09-11 17:07:00,30,7,5895.0,2023-10-18,2026-05-28
Salbris,41232,41,2022-07-01 20:32:00,3,3,437.92,2022-11-14,2025-07-01
Salernes,83121,83,2022-02-25 20:06:00,500,3,13849.0,2023-10-25,2025-03-06
Salernes,83121,83,2022-03-07 16:49:00,700,3,13849.0,2023-10-25,2025-03-06
Salernes,83121,83,2022-03-23 14:31:00,3000,3,13849.0,2023-10-25,2025-03-06
Salies-de-Béarn,64499,64,2022-07-06 15:37:50,6,5,691.0,2023-05-31,2025-09-24
Salies-de-Béarn,64499,64,2022-07-07 17:18:49,2,5,691.0,2023-05-31,2025-09-24
Salles,33498,33,2022-05-31 06:35:00,25000,4,581.0,2022-06-07,2025-11-06
Salles,33498,33,2022-07-13 23:00:00,5000,3,350.0,2024-07-30,2025-11-06
Salles,33498,33,2022-08-14 14:59:00,25000,3,350.0,2024-07-30,2025-11-06
Salles-d'Aude,11370,11,2022-01-22 13:19:00,1300,1,220.0,2025-03-03,2025-03-03
Salles-d'Aude,11370,11,2022-07-27 17:36:00,5000,1,220.0,2025-03-03,2025-03-03
Salles-d'Aude,11370,11,2022-08-14 12:07:00,2,1,220.0,2025-03-03,2025-03-03
Salles-d'Aude,11370,11,2022-09-09 21:11:00,50,1,220.0,2025-03-03,2025-03-03
Sallèles-d'Aude,11369,11,2022-05-07 14:44:00,400,5,4579.0,2022-09-27,2025-11-13
Sallèles-d'Aude,11369,11,2022-05-19 17:20:00,15,5,4579.0,2022-09-27,2025-11-13
Sallèles-d'Aude,11369,11,2022-07-09 19:19:00,44622,5,4579.0,2022-09-27,2025-11-13
Sallèles-d'Aude,11369,11,2022-08-03 07:08:00,5,5,4579.0,2022-09-27,2025-11-13
Sallèles-d'Aude,11369,11,2022-08-07 18:58:00,50,5,4579.0,2022-09-27,2025-11-13
Salon-de-Provence,13103,13,2022-05-15 08:16:00,5,22,5858.0,2022-09-08,2026-04-28
Salon-de-Provence,13103,13,2022-06-22 17:27:00,1500,22,5858.0,2022-09-08,2026-04-28
Salon-de-Provence,13103,13,2022-08-06 00:15:00,100,22,5858.0,2022-09-08,2026-04-28
Salon-de-Provence,13103,13,2022-08-10 03:47:00,40,22,5858.0,2022-09-08,2026-04-28
Salon-de-Provence,13103,13,2022-08-12 04:47:00,200,22,5858.0,2022-09-08,2026-04-28
Salon-de-Provence,13103,13,2022-08-12 16:58:00,50,22,5858.0,2022-09-08,2026-04-28
Salon-de-Provence,13103,13,2022-12-11 17:07:00,2,21,5792.0,2023-02-16,2026-04-28
Salviac,46297,46,2022-08-11 13:00:00,230000,4,578.0,2022-11-23,2026-05-20
Sancé,71497,71,2022-06-20 21:06:00,50,1,90.0,2023-04-20,2023-04-20
Sanguinet,40287,40,2022-03-21 16:51:00,36000,1,99.0,2022-04-12,2022-04-12
Santo-Pietro-di-Tenda,2B314,2B,2022-06-07 14:58:00,350000,4,383.71000000000004,2023-05-25,2023-10-26
Santo-Pietro-di-Tenda,2B314,2B,2022-07-24 16:52:00,500,4,383.71000000000004,2023-05-25,2023-10-26
Santo-Pietro-di-Tenda,2B314,2B,2022-08-01 08:41:00,300000,4,383.71000000000004,2023-05-25,2023-10-26
Santo-Pietro-di-Tenda,2B314,2B,2022-08-01 08:41:00,4460900,4,383.71000000000004,2023-05-25,2023-10-26
Sap-en-Auge,61460,61,2022-08-05 18:57:35,200000,2,305.0,2024-08-19,2025-03-24
Sap-en-Auge,61460,61,2022-08-12 19:58:24,3000,2,305.0,2024-08-19,2025-03-24
Sarceaux,61462,61,2022-07-29 17:14:06,2000,1,175.0,2026-01-27,2026-01-27
Sarlat-la-Canéda,24520,24,2022-03-26 16:07:00,5000,5,782.0,2023-03-20,2026-04-16
Sarlat-la-Canéda,24520,24,2022-08-08 19:31:00,10000,5,782.0,2023-03-20,2026-04-16
Sarlat-la-Canéda,24520,24,2022-08-12 05:55:00,200,5,782.0,2023-03-20,2026-04-16
Sarrola-Carcopino,2A271,2A,2022-02-10 20:47:00,26,15,1473.49,2022-03-22,2026-02-18
Sarrola-Carcopino,2A271,2A,2022-03-27 23:35:00,200,13,1274.5,2022-06-30,2026-02-18
Sarrola-Carcopino,2A271,2A,2022-06-15 15:31:00,100,13,1274.5,2022-06-30,2026-02-18
Sartène,2A272,2A,2022-03-02 00:58:00,1,4,398.89,2022-03-16,2025-02-26
Sartène,2A272,2A,2022-04-20 20:23:00,1000,3,298.99,2024-10-16,2025-02-26
Sarzeau,56240,56,2022-05-06 23:41:00,5,3,531.0,2024-09-26,2025-07-21
Sarzeau,56240,56,2022-07-09 17:15:00,5,3,531.0,2024-09-26,2025-07-21
Sarzeau,56240,56,2022-08-05 19:39:00,1,3,531.0,2024-09-26,2025-07-21
Satillieu,07309,07,2022-07-10 14:54:00,500,1,180.0,2026-05-12,2026-05-12
Saugnacq-et-Muret,40295,40,2022-08-13 21:50:00,10000,7,627.0,2023-06-28,2026-03-11
Saugon,33502,33,2022-07-14 16:25:00,15000,1,198.0,2023-09-28,2023-09-28
Saugon,33502,33,2022-07-14 16:48:00,20000,1,198.0,2023-09-28,2023-09-28
Saugon,33502,33,2022-07-16 21:48:00,6000,1,198.0,2023-09-28,2023-09-28
Saugon,33502,33,2022-09-14 15:09:00,58000,1,198.0,2023-09-28,2023-09-28
Saulcy-sur-Meurthe,88445,88,2022-03-26 21:36:00,4,2,215.0,2025-02-07,2026-04-17
Saulnot,70477,70,2022-07-07 16:03:00,200,1,90.0,2025-03-13,2025-03-13
Saulxures-sur-Moselotte,88447,88,2022-09-08 17:38:00,1,2,465.0,2023-10-06,2025-11-21
Saussan,34295,34,2022-07-01 16:45:00,121971,2,189.0,2022-12-02,2024-08-13
Sauvignac,16365,16,2022-07-22 18:56:00,3000,1,88.0,2024-12-24,2024-12-24
Sauvignac,16365,16,2022-07-29 02:26:00,101000,1,88.0,2024-12-24,2024-12-24
Sauzelles,36213,36,2022-04-19 07:53:00,50,1,100.0,2023-09-27,2023-09-27
Saverdun,09282,09,2022-07-20 12:17:00,100000,7,1148.825,2024-04-04,2025-08-28
Saverne,67437,67,2022-02-16 16:48:00,10,1,49.3,2024-04-30,2024-04-30
Savigny-le-Vieux,50570,50,2022-08-05 14:39:00,35000,1,90.0,2024-04-22,2024-04-22
Savigné-sur-Lathan,37241,37,2022-11-26 17:54:00,100,3,570.0,2024-06-28,2026-05-28
Savilly,21593,21,2022-08-12 15:56:00,50000,3,475.0,2025-05-22,2025-07-01
Savères,31538,31,2022-08-10 07:39:00,40000,2,176.0,2024-01-03,2026-03-13
Scaër,29274,29,2022-05-29 16:15:00,1500,4,755.0,2024-06-04,2026-05-27
Schweighouse-sur-Moder,67458,67,2022-08-10 19:49:00,200,6,677.69,2022-10-06,2025-10-03
Schœlcher,97229,972,2022-05-21 10:10:00,1800,12,765.39,2022-07-21,2025-10-30
Scorbé-Clairvaux,86258,86,2022-07-17 17:54:15,3000,1,210.0,2025-09-11,2025-09-11
Scrignac,29275,29,2022-07-16 20:47:00,10000,1,120.0,2025-02-13,2025-02-13
Seillons-Source-d'Argens,83125,83,2022-07-20 21:54:00,150,1,50.0,2023-04-14,2023-04-14
Selongey,21599,21,2022-06-19 11:20:00,500000,1,200.0,2025-03-31,2025-03-31
Semallé,61467,61,2022-07-17 10:58:48,2000,1,89.0,2022-08-09,2022-08-09
Semide,08410,08,2022-07-19 15:42:00,13000,3,411.6,2023-08-24,2026-01-29
Senez,04204,04,2022-08-16 17:15:00,1700,1,99.99,2025-06-10,2025-06-10
Senlis,60612,60,2022-05-15 10:25:00,10,1,110.0,2024-07-01,2024-07-01
Senven-Léhart,22335,22,2022-08-05 13:00:00,5000,3,264.0,2023-12-05,2026-05-04
Septèmes-les-Vallons,13106,13,2022-04-15 23:20:00,800,2,5850.0,2022-08-24,2026-05-21
Septèmes-les-Vallons,13106,13,2022-06-05 10:46:00,20,2,5850.0,2022-08-24,2026-05-21
Septèmes-les-Vallons,13106,13,2022-06-06 23:06:00,100,2,5850.0,2022-08-24,2026-05-21
Septèmes-les-Vallons,13106,13,2022-06-08 12:22:00,20,2,5850.0,2022-08-24,2026-05-21
Septèmes-les-Vallons,13106,13,2022-07-08 17:29:00,500,2,5850.0,2022-08-24,2026-05-21
Septèmes-les-Vallons,13106,13,2022-07-13 05:30:00,100,2,5850.0,2022-08-24,2026-05-21
Septèmes-les-Vallons,13106,13,2022-07-22 12:38:00,3500,2,5850.0,2022-08-24,2026-05-21
Septèmes-les-Vallons,13106,13,2022-07-26 18:22:00,100,2,5850.0,2022-08-24,2026-05-21
Septèmes-les-Vallons,13106,13,2022-07-31 16:15:00,349990,2,5850.0,2022-08-24,2026-05-21
Septèmes-les-Vallons,13106,13,2022-08-06 21:54:00,30,2,5850.0,2022-08-24,2026-05-21
Septèmes-les-Vallons,13106,13,2022-08-23 16:52:00,50,2,5850.0,2022-08-24,2026-05-21
Sernhac,30317,30,2022-07-08 16:38:00,37063,3,306.0,2025-01-10,2025-11-12
Sernhac,30317,30,2022-07-15 16:34:00,4282,3,306.0,2025-01-10,2025-11-12
Sernhac,30317,30,2022-07-15 16:34:00,10292,3,306.0,2025-01-10,2025-11-12
Serres,05166,05,2022-02-10 16:25:00,1500,2,360.0,2023-05-11,2025-12-18
Serrigny,89393,89,2022-07-14 15:11:00,80000,1,95.0,2022-11-25,2022-11-25
Servanches,24533,24,2022-07-18 18:01:00,20000,1,250.0,2025-10-22,2025-10-22
Seysses,31547,31,2022-07-14 14:51:00,10000,7,1258.9,2023-02-01,2025-12-08
Seysses,31547,31,2022-10-07 15:41:24,1500,7,1258.9,2023-02-01,2025-12-08
Seyssinet-Pariset,38485,38,2022-07-22 19:57:00,3200,2,154.0,2026-02-05,2026-05-06
Sibiril,29276,29,2022-07-27 15:58:00,300,1,100.0,2024-07-23,2024-07-23
Sigean,11379,11,2022-03-08 14:48:00,150,4,974.0,2025-09-12,2026-04-14
Sigean,11379,11,2022-04-15 11:26:00,30,4,974.0,2025-09-12,2026-04-14
Sigean,11379,11,2022-07-08 21:12:00,36878,4,974.0,2025-09-12,2026-04-14
Sigean,11379,11,2022-10-09 15:18:00,100,4,974.0,2025-09-12,2026-04-14
Sigean,11379,11,2022-11-07 12:29:00,400,4,974.0,2025-09-12,2026-04-14
Signes,83127,83,2022-07-06 00:10:00,315,17,9183.9,2023-07-19,2026-05-27
Simiane-Collongue,13107,13,2022-03-06 14:53:00,10,1,77.0,2025-01-03,2025-01-03
Simiane-Collongue,13107,13,2022-07-30 14:33:00,4500,1,77.0,2025-01-03,2025-01-03
Simiane-la-Rotonde,04208,04,2022-03-07 12:59:00,7900,1,250.0,2024-03-01,2024-03-01
Simiane-la-Rotonde,04208,04,2022-07-30 15:52:00,42700,1,250.0,2024-03-01,2024-03-01
Sisteron,04209,04,2022-02-09 14:08:00,62300,25,4209.7,2023-01-06,2026-04-17
Sisteron,04209,04,2022-05-24 12:20:00,500,25,4209.7,2023-01-06,2026-04-17
Sisteron,04209,04,2022-07-19 16:04:00,1200,25,4209.7,2023-01-06,2026-04-17
Solaro,2B283,2B,2022-10-25 14:54:00,3000,1,80.0,2024-02-06,2024-02-06
Solférino,40303,40,2022-06-01 04:16:00,2000,5,949.0,2023-01-19,2026-03-09
Soorts-Hossegor,40304,40,2022-07-27 02:32:00,100,2,222.6,2022-08-30,2025-04-22
Sore,40307,40,2022-08-12 19:38:00,168180,5,1250.0,2024-02-19,2025-05-07
Sorges et Ligueux en Périgord,24540,24,2022-07-18 21:16:00,50000,3,490.0,2022-08-05,2025-02-17
Sorgues,84129,84,2022-02-05 15:57:00,5,14,2023.0,2022-07-13,2026-04-22
Sorgues,84129,84,2022-05-31 09:34:00,5,14,2023.0,2022-07-13,2026-04-22
Sorgues,84129,84,2022-07-30 16:07:00,206900,12,1671.0,2022-08-08,2026-04-22
Sorgues,84129,84,2022-08-07 15:25:00,6800,12,1671.0,2022-08-08,2026-04-22
Soubran,17430,17,2022-08-07 08:20:00,500,1,72.0,2025-02-13,2025-02-13
Soubran,17430,17,2022-08-18 16:37:00,5000,1,72.0,2025-02-13,2025-02-13
Soudorgues,30322,30,2022-07-23 03:59:00,30166,2,198.4,2022-10-07,2025-09-22
Souesmes,41249,41,2022-08-13 11:40:00,130000,1,88.0,2024-06-05,2024-06-05
Soulac-sur-Mer,33514,33,2022-07-29 19:00:00,300,1,250.0,2025-09-02,2025-09-02
Soulac-sur-Mer,33514,33,2022-07-30 23:52:00,200,1,250.0,2025-09-02,2025-09-02
Soulac-sur-Mer,33514,33,2022-07-31 03:26:00,50,1,250.0,2025-09-02,2025-09-02
Soulac-sur-Mer,33514,33,2022-07-31 06:15:00,150,1,250.0,2025-09-02,2025-09-02
Soulac-sur-Mer,33514,33,2022-08-01 00:41:00,10000,1,250.0,2025-09-02,2025-09-02
Soulac-sur-Mer,33514,33,2022-08-02 16:49:00,200,1,250.0,2025-09-02,2025-09-02
Soulac-sur-Mer,33514,33,2022-08-02 17:56:00,1500,1,250.0,2025-09-02,2025-09-02
Soulac-sur-Mer,33514,33,2022-08-04 03:01:00,10,1,250.0,2025-09-02,2025-09-02
Soulac-sur-Mer,33514,33,2022-08-04 03:29:00,10200,1,250.0,2025-09-02,2025-09-02
Soulac-sur-Mer,33514,33,2022-08-05 06:33:00,3000,1,250.0,2025-09-02,2025-09-02
Soulac-sur-Mer,33514,33,2022-08-05 10:28:00,8000,1,250.0,2025-09-02,2025-09-02
Soulac-sur-Mer,33514,33,2022-08-06 09:23:00,188000,1,250.0,2025-09-02,2025-09-02
Soulac-sur-Mer,33514,33,2022-08-09 23:06:00,200,1,250.0,2025-09-02,2025-09-02
Soulac-sur-Mer,33514,33,2022-08-09 23:24:00,10000,1,250.0,2025-09-02,2025-09-02
Soulac-sur-Mer,33514,33,2022-08-10 15:41:00,100,1,250.0,2025-09-02,2025-09-02
Soulac-sur-Mer,33514,33,2022-08-11 06:21:00,3000,1,250.0,2025-09-02,2025-09-02
Soulac-sur-Mer,33514,33,2022-08-11 23:13:00,3,1,250.0,2025-09-02,2025-09-02
Soulosse-sous-Saint-Élophe,88460,88,2022-04-29 10:57:00,200,1,197.0,2023-07-11,2023-07-11
Soultz-Haut-Rhin,68315,68,2022-05-19 12:17:00,10000,5,438.0,2024-12-17,2025-08-28
Soustons,40310,40,2022-03-28 16:06:00,1500,6,1586.0,2023-03-06,2026-01-19
Soustons,40310,40,2022-03-29 15:42:00,9000,6,1586.0,2023-03-06,2026-01-19
Soustons,40310,40,2022-10-08 16:17:00,3000,6,1586.0,2023-03-06,2026-01-19
Spézet,29278,29,2022-06-25 23:49:00,30,1,230.0,2025-01-07,2025-01-07
Strasbourg,67482,67,2022-04-14 15:39:00,5,24,4308.92,2022-06-04,2026-05-20
Strasbourg,67482,67,2022-07-13 20:33:00,2,23,4248.86,2023-05-06,2026-05-20
Strasbourg,67482,67,2022-07-14 18:42:00,2,23,4248.86,2023-05-06,2026-05-20
Strasbourg,67482,67,2022-07-14 22:10:00,2,23,4248.86,2023-05-06,2026-05-20
Sulniac,56247,56,2022-02-05 19:02:00,1,3,467.0,2022-10-03,2025-10-02
Sulniac,56247,56,2022-06-18 23:43:00,1000,3,467.0,2022-10-03,2025-10-02
Sulniac,56247,56,2022-07-05 18:00:00,200,3,467.0,2022-10-03,2025-10-02
Sulniac,56247,56,2022-09-23 18:18:00,60000,3,467.0,2022-10-03,2025-10-02
Sumène,30325,30,2022-04-14 14:40:00,9171,1,110.0,2025-04-15,2025-04-15
Sumène,30325,30,2022-04-14 14:40:00,190184,1,110.0,2025-04-15,2025-04-15
Surzur,56248,56,2022-06-27 17:10:00,40000,10,1761.0,2022-09-12,2025-10-02
Surzur,56248,56,2022-07-12 21:26:00,200,10,1761.0,2022-09-12,2025-10-02
Surzur,56248,56,2022-07-13 07:13:00,2,10,1761.0,2022-09-12,2025-10-02
Surzur,56248,56,2022-07-13 13:53:00,100000,10,1761.0,2022-09-12,2025-10-02
Surzur,56248,56,2022-07-14 15:43:00,85000,10,1761.0,2022-09-12,2025-10-02
Surzur,56248,56,2022-07-15 09:23:00,20,10,1761.0,2022-09-12,2025-10-02
Surzur,56248,56,2022-07-17 12:49:00,1,10,1761.0,2022-09-12,2025-10-02
Surzur,56248,56,2022-07-23 21:30:00,2,10,1761.0,2022-09-12,2025-10-02
Surzur,56248,56,2022-07-24 14:06:00,100,10,1761.0,2022-09-12,2025-10-02
Surzur,56248,56,2022-07-25 14:45:00,10,10,1761.0,2022-09-12,2025-10-02
Surzur,56248,56,2022-08-03 17:33:00,100,10,1761.0,2022-09-12,2025-10-02
Surzur,56248,56,2022-08-08 13:42:00,12000,10,1761.0,2022-09-12,2025-10-02
Suze-la-Rousse,26345,26,2022-10-07 03:24:00,400,3,399.75,2023-10-18,2026-02-03
Sèvremoine,49301,49,2022-07-08 15:39:00,300,46,19586.8,2022-08-29,2026-05-29
Sées,61464,61,2022-07-19 18:24:48,500,4,812.0,2023-10-06,2026-04-07
Sélestat,67462,67,2022-07-16 13:59:00,200,11,2453.0,2023-12-21,2026-01-19
Séranon,06134,06,2022-02-07 11:33:00,700,1,9240.0,2026-04-08,2026-04-08
Sérent,56244,56,2022-08-03 18:11:00,30000,4,745.0,2022-09-08,2026-02-25
Sérignan,34299,34,2022-08-15 14:31:00,30275,3,216.0,2025-01-29,2025-11-14
Talensac,35331,35,2022-07-15 22:50:00,150,4,593.0,2023-03-27,2026-02-03
Talensac,35331,35,2022-08-07 21:16:00,1000,4,593.0,2023-03-27,2026-02-03
Talmont-Saint-Hilaire,85288,85,2022-07-10 15:12:00,200000,19,3657.0,2022-12-20,2026-03-12
Tarascon,13108,13,2022-08-17 00:18:00,120,19,9141.0,2022-11-17,2026-04-28
Tartas,40313,40,2022-09-18 16:19:00,5000,7,830.0,2022-10-20,2025-12-16
Tautavel,66205,66,2022-05-15 20:36:00,300,1,3872.0,2025-02-20,2025-02-20
Tautavel,66205,66,2022-05-24 09:42:00,320,1,3872.0,2025-02-20,2025-02-20
Tautavel,66205,66,2022-05-26 10:27:00,1266,1,3872.0,2025-02-20,2025-02-20
Tautavel,66205,66,2022-08-02 23:27:00,591,1,3872.0,2025-02-20,2025-02-20
Tautavel,66205,66,2022-08-02 23:32:00,115,1,3872.0,2025-02-20,2025-02-20
Tautavel,66205,66,2022-08-02 23:45:00,470,1,3872.0,2025-02-20,2025-02-20
Tautavel,66205,66,2022-08-02 23:50:00,547,1,3872.0,2025-02-20,2025-02-20
Tautavel,66205,66,2022-08-02 23:50:00,1037,1,3872.0,2025-02-20,2025-02-20
Tautavel,66205,66,2022-10-21 10:08:00,100,1,3872.0,2025-02-20,2025-02-20
Tautavel,66205,66,2022-11-14 17:06:00,10000,1,3872.0,2025-02-20,2025-02-20
Tavaux-et-Pontséricourt,02737,02,2022-07-19 00:00:00,60000,2,235.0,2024-04-08,2025-12-02
Tavernes,83135,83,2022-03-24 12:02:00,300,2,297.8,2024-08-29,2026-03-27
Taïx,81291,81,2022-08-05 17:23:00,300,1,310.0,2025-10-07,2025-10-07
Teissières-lès-Bouliès,15234,15,2022-03-27 12:44:00,2000,4,813.0,2025-02-11,2025-10-08
Telgruc-sur-Mer,29280,29,2022-06-03 12:55:00,10,1,98.4,2022-08-17,2022-08-17
Teloché,72350,72,2022-07-18 15:33:00,3280000,2,223.0,2023-10-30,2026-05-13
Teloché,72350,72,2022-08-13 09:26:00,100,2,223.0,2023-10-30,2026-05-13
Terre-de-Bancalié,81233,81,2022-09-19 15:35:00,100000,15,3009.9,2022-09-21,2026-05-19
Terres-de-Caux,76258,76,2022-07-18 21:59:00,50,4,819.0,2023-01-12,2026-04-17
Terres-de-Haute-Charente,16192,16,2022-08-03 17:10:00,500,9,1687.0,2023-01-12,2025-12-10
Terres-de-Haute-Charente,16192,16,2022-08-31 19:57:00,10500,9,1687.0,2023-01-12,2025-12-10
Thoiry,01419,01,2022-08-04 00:00:00,5000,1,72.0,2025-02-18,2025-02-18
Thuir,66210,66,2022-06-15 01:49:00,277,10,3368.8,2022-06-30,2026-03-09
Thuré,86272,86,2022-06-17 15:09:17,60000,1,167.0,2023-09-04,2023-09-04
Thuré,86272,86,2022-06-18 09:56:35,10000,1,167.0,2023-09-04,2023-09-04
Thuré,86272,86,2022-08-03 13:03:54,300,1,167.0,2023-09-04,2023-09-04
Thézan-des-Corbières,11390,11,2022-05-29 18:49:00,1500,2,311.3,2023-08-23,2026-04-10
Thézan-des-Corbières,11390,11,2022-10-29 03:34:00,150,2,311.3,2023-08-23,2026-04-10
Thézan-lès-Béziers,34310,34,2022-03-07 07:46:00,706,5,5312.8,2024-01-31,2025-09-24
Tinchebray-Bocage,61486,61,2022-07-18 19:49:20,350000,3,261.9,2023-05-04,2026-03-06
Tinchebray-Bocage,61486,61,2022-07-24 15:01:45,800,3,261.9,2023-05-04,2026-03-06
Tinchebray-Bocage,61486,61,2022-08-11 20:47:21,10000,3,261.9,2023-05-04,2026-03-06
Tinchebray-Bocage,61486,61,2022-08-12 14:47:54,5000,3,261.9,2023-05-04,2026-03-06
Tirepied-sur-Sée,50597,50,2022-05-01 21:19:39,4000,4,820.0,2023-02-13,2026-01-15
Tocane-Saint-Apre,24553,24,2022-07-28 17:03:00,3000,7,1466.18,2023-03-22,2026-03-03
Tonneins,47310,47,2022-11-20 18:00:20,500,5,6231.0,2023-06-09,2026-04-29
Tonnerre,89418,89,2022-07-15 10:29:00,500,5,5032.0,2022-12-01,2026-03-03
Toulon,83137,83,2022-06-23 18:56:00,500,3,1154.0,2024-01-15,2025-03-14
Toulon,83137,83,2022-07-31 05:05:00,200,3,1154.0,2024-01-15,2025-03-14
Toulon-sur-Allier,03286,03,2022-06-01 22:50:00,20,6,10133.0,2025-01-15,2026-01-26
Toulouges,66213,66,2022-08-03 16:08:00,20000,3,556.0,2022-11-29,2026-03-24
Toulouges,66213,66,2022-11-04 10:26:00,12000,3,556.0,2022-11-29,2026-03-24
Tourbes,34311,34,2022-07-04 12:47:00,19131,3,725.0,2022-07-19,2025-07-11
Tournus,71543,71,2022-05-07 17:31:00,5,4,284.7,2024-01-15,2025-11-04
Tournus,71543,71,2022-08-10 21:17:00,1,4,284.7,2024-01-15,2025-11-04
Tourouzelle,11393,11,2022-04-17 12:29:00,100,2,187.8,2023-08-22,2025-01-09
Tourouzelle,11393,11,2022-11-06 14:29:00,2000,2,187.8,2023-08-22,2025-01-09
Tourrette-Levens,06147,06,2022-05-28 01:05:00,400,3,193.0,2024-07-10,2025-04-07
Tours,37261,37,2022-07-27 18:58:00,100,13,2792.0,2023-09-28,2026-05-29
Tourves,83140,83,2022-04-11 14:43:00,1000,6,1020.0,2022-12-20,2025-06-04
Tourves,83140,83,2022-07-15 13:25:00,500,6,1020.0,2022-12-20,2025-06-04
Tralonca,2B329,2B,2022-01-14 17:26:00,300,4,333.62,2023-11-23,2025-06-04
Tralonca,2B329,2B,2022-10-22 12:11:00,1000,4,333.62,2023-11-23,2025-06-04
Tralonca,2B329,2B,2022-10-26 13:28:00,5000,4,333.62,2023-11-23,2025-06-04
Trans-en-Provence,83141,83,2022-03-25 14:52:00,1000,1,88.0,2024-07-22,2024-07-22
Trept,38515,38,2022-08-05 01:32:00,1500,2,350.0,2024-02-02,2026-05-29
Trept,38515,38,2022-08-05 02:38:00,2500,2,350.0,2024-02-02,2026-05-29
Trept,38515,38,2022-08-11 21:35:00,150,2,350.0,2024-02-02,2026-05-29
Trept,38515,38,2022-08-12 00:55:00,10000,2,350.0,2024-02-02,2026-05-29
Trept,38515,38,2022-08-12 04:46:00,4000,2,350.0,2024-02-02,2026-05-29
Trept,38515,38,2022-09-04 11:45:00,500,2,350.0,2024-02-02,2026-05-29
Tresserre,66214,66,2022-07-30 21:06:00,50000,1,2795.0,2023-06-20,2023-06-20
Trets,13110,13,2022-02-13 17:21:00,2000,10,1856.9,2024-07-30,2026-01-20
Trets,13110,13,2022-02-26 18:53:00,100,10,1856.9,2024-07-30,2026-01-20
Trets,13110,13,2022-03-07 15:25:00,1200,10,1856.9,2024-07-30,2026-01-20
Trets,13110,13,2022-03-20 11:30:00,1500,10,1856.9,2024-07-30,2026-01-20
Trets,13110,13,2022-04-01 19:23:00,50,10,1856.9,2024-07-30,2026-01-20
Trets,13110,13,2022-04-08 18:56:00,10,10,1856.9,2024-07-30,2026-01-20
Trets,13110,13,2022-05-19 13:48:00,350,10,1856.9,2024-07-30,2026-01-20
Trets,13110,13,2022-05-22 09:52:00,5,10,1856.9,2024-07-30,2026-01-20
Trets,13110,13,2022-06-01 16:05:00,1600,10,1856.9,2024-07-30,2026-01-20
Trets,13110,13,2022-06-12 15:57:00,500,10,1856.9,2024-07-30,2026-01-20
Trets,13110,13,2022-07-13 11:37:00,4000,10,1856.9,2024-07-30,2026-01-20
Trets,13110,13,2022-09-01 22:03:00,300,10,1856.9,2024-07-30,2026-01-20
Trets,13110,13,2022-09-08 18:20:00,400,10,1856.9,2024-07-30,2026-01-20
Triguères,45329,45,2022-07-19 11:25:00,5000,3,585.0,2023-07-13,2025-10-30
Truchtersheim,67495,67,2022-05-11 16:40:00,100,4,689.38,2022-09-04,2026-04-17
Trèbes,11397,11,2022-08-06 11:31:00,100,5,1090.0,2024-11-14,2026-04-08
Trédion,56254,56,2022-07-27 13:24:00,2000,5,859.28,2023-08-07,2025-11-04
Trélazé,49353,49,2022-08-24 15:01:00,10000,2,140.0,2024-07-09,2024-12-05
Tuchan,11401,11,2022-01-07 18:46:00,7900,4,360.8,2022-11-08,2026-02-03
Ucciani,2A330,2A,2022-03-22 09:51:00,7800,2,198.9,2022-10-06,2025-01-28
Ucel,07325,07,2022-05-28 19:31:00,300,1,100.0,2023-08-10,2023-08-10
Uchaux,84135,84,2022-01-29 09:43:00,50,2,282.8,2023-01-12,2025-01-23
Uchaux,84135,84,2022-04-16 15:09:00,100,2,282.8,2023-01-12,2025-01-23
Upaix,05173,05,2022-08-15 18:02:00,6200,7,2387.0,2023-08-24,2025-12-01
Urrugne,64545,64,2022-12-26 15:08:05,5,2,469.2,2023-08-03,2025-08-14
Usseau,86275,86,2022-08-08 00:15:07,10000,2,459.90000000000003,2025-04-23,2025-05-07
Uzès,30334,30,2022-06-17 09:52:00,8000,1,250.0,2026-01-29,2026-01-29
Vabres-l'Abbaye,12286,12,2022-09-18 17:41:00,150000,6,933.0,2023-06-16,2025-09-25
Vagney,88486,88,2022-08-13 12:38:00,1500,3,418.0,2022-11-25,2026-04-24
Vaison-la-Romaine,84137,84,2022-01-23 13:53:00,30,3,427.0,2022-03-08,2024-11-18
Val Suran,39485,39,2022-03-02 16:55:00,20,5,1040.2,2024-07-05,2026-05-19
Val d'Anast,35168,35,2022-03-25 13:42:00,5000,4,585.0,2024-01-09,2025-09-11
Val d'Anast,35168,35,2022-07-10 09:42:00,2,4,585.0,2024-01-09,2025-09-11
Val-au-Perche,61484,61,2022-07-14 22:01:15,3000,3,254.6,2023-03-09,2024-05-13
Val-de-Dagne,11251,11,2022-01-30 13:22:00,8900,1,250.0,2025-11-26,2025-11-26
Val-de-Livenne,33380,33,2022-05-15 18:14:00,40000,5,803.0,2023-07-19,2026-03-12
Val-de-Livenne,33380,33,2022-05-17 15:43:00,8000,5,803.0,2023-07-19,2026-03-12
Val-de-Livenne,33380,33,2022-06-15 16:02:00,10000,5,803.0,2023-07-19,2026-03-12
Val-de-Livenne,33380,33,2022-07-14 16:16:00,1000,5,803.0,2023-07-19,2026-03-12
Val-de-Livenne,33380,33,2022-07-28 15:20:00,117000,5,803.0,2023-07-19,2026-03-12
Val-de-Livenne,33380,33,2022-08-09 21:04:00,80,5,803.0,2023-07-19,2026-03-12
Val-de-Livenne,33380,33,2022-08-25 09:36:00,5,5,803.0,2023-07-19,2026-03-12
Val-de-Livenne,33380,33,2022-08-31 16:52:00,50000,5,803.0,2023-07-19,2026-03-12
Val-de-Livenne,33380,33,2022-09-21 16:46:00,66000,5,803.0,2023-07-19,2026-03-12
Val-de-Livenne,33380,33,2022-09-22 02:53:00,1500,5,803.0,2023-07-19,2026-03-12
Val-de-Virieu,38560,38,2022-08-02 14:34:00,6000,4,653.9,2023-04-07,2026-03-12
Val-du-Faby,11131,11,2022-03-28 11:24:00,100,1,88.0,2022-05-31,2022-05-31
Valbonne,06152,06,2022-05-23 13:33:00,500,15,1303.6,2023-01-17,2026-03-24
Valdoule,05024,05,2022-02-27 15:02:00,3091,4,324.0,2022-03-22,2026-03-20
Valence-en-Poitou,86082,86,2022-07-14 22:29:15,400,15,3006.73,2022-12-09,2026-01-22
Valensole,04230,04,2022-06-13 21:18:00,46,10,1633.9,2023-07-07,2026-02-27
Valergues,34321,34,2022-07-26 18:09:00,3863,2,231.6,2024-04-09,2025-01-06
Vallabrix,30337,30,2022-07-24 17:05:00,54745,1,80.0,2026-01-26,2026-01-26
Vallabrix,30337,30,2022-08-07 16:59:00,15,1,80.0,2026-01-26,2026-01-26
Vallières-les-Grandes,41267,41,2022-07-25 02:22:00,1,7,1265.0,2025-04-02,2026-05-12
Vallons-de-l'Erdre,44180,44,2022-08-07 13:43:00,10000,58,12132.0,2023-07-28,2026-02-13
Vallons-de-l'Erdre,44180,44,2022-08-09 18:12:00,50000,58,12132.0,2023-07-28,2026-02-13
Vallons-de-l'Erdre,44180,44,2022-08-10 17:39:00,3000,58,12132.0,2023-07-28,2026-02-13
Valréas,84138,84,2022-07-15 23:06:00,50,6,655.0,2024-03-21,2026-04-08
Vals-près-le-Puy,43251,43,2022-02-26 13:50:00,8835,1,600.0,2025-08-04,2025-08-04
Valzin en Petite Montagne,39290,39,2022-05-20 16:48:00,400,2,225.0,2025-10-31,2026-04-21
Varaire,46328,46,2022-03-25 15:53:00,30000,2,339.0,2023-10-11,2025-09-30
Varennes-Changy,45332,45,2022-08-04 17:07:00,20000,1,4945.0,2023-06-01,2023-06-01
Vars,16393,16,2022-09-13 15:38:00,1500,9,1625.9,2022-09-28,2026-02-18
Varzy,58304,58,2022-07-11 16:52:00,50100,5,1147.0,2023-11-13,2026-01-22
Vaudreuille,31569,31,2022-08-04 00:46:00,250000,1,249.9,2025-01-16,2025-01-16
Vaumeilh,04233,04,2022-02-07 13:28:00,10200,5,888.9,2023-10-12,2026-01-12
Vaïssac,82184,82,2022-04-04 16:52:00,5000,11,1672.0,2023-12-21,2026-05-04
Vebret,15250,15,2022-10-30 18:35:00,20,7,1180.0,2023-09-15,2026-03-10
Velaux,13112,13,2022-02-23 12:35:00,2000,1,88.0,2024-04-04,2024-04-04
Velaux,13112,13,2022-04-14 12:41:00,1500,1,88.0,2024-04-04,2024-04-04
Velaux,13112,13,2022-05-11 13:31:00,100,1,88.0,2024-04-04,2024-04-04
Velaux,13112,13,2022-07-03 16:48:00,95400,1,88.0,2024-04-04,2024-04-04
Velaux,13112,13,2022-07-06 19:57:00,1000,1,88.0,2024-04-04,2024-04-04
Velaux,13112,13,2022-07-25 23:15:00,800,1,88.0,2024-04-04,2024-04-04
Velaux,13112,13,2022-10-21 02:33:00,50,1,88.0,2024-04-04,2024-04-04
Vendays-Montalivet,33540,33,2022-09-05 16:32:00,610000,3,469.99,2024-03-04,2026-03-02
Vendays-Montalivet,33540,33,2022-09-13 15:32:00,70000,3,469.99,2024-03-04,2026-03-02
Vendays-Montalivet,33540,33,2022-09-18 15:13:00,5000,3,469.99,2024-03-04,2026-03-02
Vendres,34329,34,2022-07-26 18:10:00,138560,9,1624.0,2024-06-14,2026-01-23
Vendres,34329,34,2022-08-26 10:43:00,69119,9,1624.0,2024-06-14,2026-01-23
Venelles,13113,13,2022-03-28 16:51:00,200,2,395.0,2022-07-19,2026-03-12
Venelles,13113,13,2022-08-23 19:19:00,10,1,145.0,2026-03-12,2026-03-12
Venelles,13113,13,2022-09-17 15:23:00,5000,1,145.0,2026-03-12,2026-03-12
Ventabren,13114,13,2022-02-26 12:57:00,60,3,4530.0,2023-02-01,2025-01-06
Ventabren,13114,13,2022-03-19 14:36:00,150,3,4530.0,2023-02-01,2025-01-06
Ventabren,13114,13,2022-05-20 17:36:00,100,3,4530.0,2023-02-01,2025-01-06
Ventabren,13114,13,2022-07-19 02:49:00,100,3,4530.0,2023-02-01,2025-01-06
Venterol,26367,26,2022-01-29 16:49:00,1100,2,239.0,2022-10-12,2025-06-23
Venterol,26367,26,2022-06-21 21:32:00,1000,2,239.0,2022-10-12,2025-06-23
Venterol,26367,26,2022-07-18 16:01:00,200000,2,239.0,2022-10-12,2025-06-23
Venteuges,43256,43,2022-06-20 17:17:00,4600,6,1067.7,2024-09-10,2026-02-25
Vergt,24571,24,2022-03-28 20:42:00,1000,3,480.0,2025-05-27,2026-02-23
Vergèze,30344,30,2022-07-12 12:01:00,100,3,281.0,2024-11-07,2026-02-03
Vergèze,30344,30,2022-07-17 17:00:00,4476,3,281.0,2024-11-07,2026-02-03
Verneil-le-Chétif,72369,72,2022-08-05 17:15:00,10000,4,855.0,2024-09-12,2026-01-19
Verneuil d'Avre et d'Iton,27679,27,2022-06-16 11:31:00,200,3,432.0,2025-03-05,2026-01-12
Verniolle,09332,09,2022-07-18 14:45:00,20000,4,849.0,2024-06-26,2025-07-28
Vernols,15253,15,2022-06-01 23:17:00,20,2,429.0,2025-10-13,2025-10-13
Vero,2A345,2A,2022-04-30 10:49:00,30,1,91.67,2024-11-28,2024-11-28
Vero,2A345,2A,2022-08-18 08:14:00,222,1,91.67,2024-11-28,2024-11-28
Verrières,12291,12,2022-06-15 15:07:00,155000,1,200.0,2026-02-16,2026-02-16
Verrières,61501,61,2022-07-24 16:26:00,180000,1,198.0,2025-09-30,2025-09-30
Verrières,61501,61,2022-08-08 01:19:13,1000,1,198.0,2025-09-30,2025-09-30
Vert,40323,40,2022-07-18 12:18:00,3000,8,69505.0,2024-07-05,2026-03-10
Vert,40323,40,2022-07-18 13:10:00,511900,8,69505.0,2024-07-05,2026-03-10
Vertou,44215,44,2022-06-17 11:50:00,10000,5,676.0,2023-06-28,2026-04-01
Vertou,44215,44,2022-07-07 15:06:00,3000,5,676.0,2023-06-28,2026-04-01
Vesc,26373,26,2022-03-27 18:14:00,113600,1,245.0,2024-06-13,2024-06-13
Vescles,39557,39,2022-08-09 22:56:00,7000000,2,410.0,2025-04-03,2025-04-03
Vescovato,2B346,2B,2022-02-08 17:36:00,50000,8,749.41,2022-03-10,2025-04-02
Vescovato,2B346,2B,2022-02-10 14:31:00,28000,8,749.41,2022-03-10,2025-04-02
Vezzani,2B347,2B,2022-08-23 10:04:00,10,1,37.0,2025-07-17,2025-07-17
Vezzani,2B347,2B,2022-10-22 10:24:00,600,1,37.0,2025-07-17,2025-07-17
Vezzani,2B347,2B,2022-10-23 10:24:00,600,1,37.0,2025-07-17,2025-07-17
Vias,34332,34,2022-07-09 16:07:00,3705,7,6001.0,2023-07-12,2026-04-10
Vico,2A348,2A,2022-03-09 17:57:00,5000,4,399.96,2022-07-28,2025-06-12
Vico,2A348,2A,2022-03-23 15:57:00,1500,4,399.96,2022-07-28,2025-06-12
Vico,2A348,2A,2022-03-25 18:00:00,1000,4,399.96,2022-07-28,2025-06-12
Vico,2A348,2A,2022-10-09 20:14:00,5,3,299.96999999999997,2025-06-10,2025-06-12
Vico,2A348,2A,2022-11-03 16:54:00,80,3,299.96999999999997,2025-06-10,2025-06-12
Vidauban,83148,83,2022-06-20 02:57:00,100,3,455.0,2025-01-31,2026-01-30
Vidauban,83148,83,2022-08-12 00:00:00,50,3,455.0,2025-01-31,2026-01-30
Vielle-Soubiran,40327,40,2022-08-18 17:04:00,62690,2,480.0,2024-04-22,2025-04-24
Vienne,38544,38,2022-06-19 13:13:00,10000,3,309.0,2023-11-09,2026-03-23
Vienne,38544,38,2022-08-13 20:45:00,15,3,309.0,2023-11-09,2026-03-23
Vif,38545,38,2022-07-14 02:17:00,50,2,299.2,2025-06-26,2025-10-16
Vif,38545,38,2022-08-04 14:23:00,150,2,299.2,2025-06-26,2025-10-16
Vif,38545,38,2022-08-11 14:00:00,165800,2,299.2,2025-06-26,2025-10-16
Vif,38545,38,2022-08-21 14:39:00,50,2,299.2,2025-06-26,2025-10-16
Vigneux-de-Bretagne,44217,44,2022-08-25 08:20:00,200,11,1572.3,2022-11-18,2026-05-21
Villars,84145,84,2022-03-02 14:46:00,1500,4,495.0,2023-01-11,2025-06-19
Villars,84145,84,2022-03-03 18:37:00,1100,4,495.0,2023-01-11,2025-06-19
Ville-di-Paraso,2B352,2B,2022-06-26 13:48:00,81000,1,99.99,2023-07-20,2023-07-20
Villefontaine,38553,38,2022-07-22 20:26:00,100,1,50.0,2024-01-09,2024-01-09
Villefontaine,38553,38,2022-08-12 18:17:00,4500,1,50.0,2024-01-09,2024-01-09
Villefranche-sur-Cher,41280,41,2022-07-12 12:56:00,500,3,3265.3,2022-07-20,2026-03-25
Villegly,11426,11,2022-04-04 16:18:00,2500,2,11968.0,2024-05-22,2024-05-22
Villelaure,84147,84,2022-05-03 17:04:00,600,2,451.0,2023-12-07,2026-05-05
Villelongue-de-la-Salanque,66224,66,2022-01-29 08:36:00,10000,1,55.0,2026-02-06,2026-02-06
Villemoirieu,38554,38,2022-08-08 14:43:00,100,2,200.0,2024-05-22,2026-02-23
Villemur-sur-Tarn,31584,31,2022-08-18 18:11:15,50000,11,1974.8,2022-08-31,2025-07-08
Villemurlin,45340,45,2022-07-29 15:04:00,500,2,360.0,2026-01-30,2026-01-30
Villeneuve,04242,04,2022-04-15 15:43:00,6700,8,1046.0,2022-08-02,2026-02-18
Villeneuve,04242,04,2022-08-02 15:55:00,2365600,7,947.0,2022-10-13,2026-02-18
Villeneuve-de-Marsan,40331,40,2022-08-16 15:49:00,26190,2,188.0,2025-08-18,2025-10-20
Villeneuve-la-Comptal,11430,11,2022-06-12 16:31:00,3703,1,250.0,2024-06-05,2024-06-05
Villeneuve-lès-Bouloc,31587,31,2022-08-29 19:39:44,30000,2,820.0,2023-06-21,2025-12-01
Villeneuve-sur-Cher,18285,18,2022-08-03 14:36:00,8,2,375.0,2026-03-18,2026-03-18
Villeneuve-sur-Lot,47323,47,2022-09-19 17:08:54,8,31,12703.6,2023-01-11,2026-04-23
Villeneuve-sur-Yonne,89464,89,2022-04-24 18:19:00,20,1,61.0,2026-05-28,2026-05-28
Villeveyrac,34341,34,2022-02-22 11:08:00,10895,3,448.6,2024-10-17,2025-12-23
Villevieille,30352,30,2022-07-31 19:01:00,1500,1,250.0,2026-02-24,2026-02-24
Villexanton,41292,41,2022-07-06 23:32:00,2100,3,459.0,2026-02-16,2026-03-25
Vinezac,07343,07,2022-07-13 17:22:00,2000,1,250.0,2024-11-05,2024-11-05
Vinsobres,26377,26,2022-07-07 21:45:00,1500,1,106.0,2026-01-23,2026-01-23
Vinzieux,07344,07,2022-08-10 17:20:00,10000,2,469.0,2024-06-14,2025-05-26
Viriville,38561,38,2022-07-25 21:11:00,50,6,1034.0,2022-12-30,2026-05-20
Visan,84150,84,2022-02-21 13:28:00,10000,4,434.9,2022-09-06,2025-07-03
Visan,84150,84,2022-06-18 16:00:00,3500,4,434.9,2022-09-06,2025-07-03
Visan,84150,84,2022-06-18 19:30:00,100,4,434.9,2022-09-06,2025-07-03
Vitrolles,13117,13,2022-02-26 14:04:00,200,34,4870.2,2022-12-15,2026-05-07
Vitrolles,13117,13,2022-04-13 15:51:00,200,34,4870.2,2022-12-15,2026-05-07
Vitrolles,13117,13,2022-04-15 17:21:00,100,34,4870.2,2022-12-15,2026-05-07
Vitrolles,13117,13,2022-05-01 15:26:00,20,34,4870.2,2022-12-15,2026-05-07
Vitrolles,13117,13,2022-06-09 14:36:00,70000,34,4870.2,2022-12-15,2026-05-07
Vitrolles,13117,13,2022-06-09 17:04:00,4,34,4870.2,2022-12-15,2026-05-07
Vitrolles,13117,13,2022-06-28 19:19:00,400,34,4870.2,2022-12-15,2026-05-07
Vitrolles,13117,13,2022-07-07 17:52:00,20,34,4870.2,2022-12-15,2026-05-07
Vitrolles,13117,13,2022-07-17 19:54:00,30,34,4870.2,2022-12-15,2026-05-07
Vitry-en-Charollais,71588,71,2022-06-18 14:34:00,2,4,5966.8,2023-06-28,2026-03-10
Vitré,35360,35,2022-07-19 07:36:00,3,18,2490.64,2022-11-28,2026-05-06
Viviers-lès-Montagnes,81325,81,2022-06-18 19:02:00,122000,2,346.0,2025-02-19,2025-11-03
Vivy,49378,49,2022-07-18 11:20:00,500,3,664.0,2023-11-08,2024-11-29
Vizille,38562,38,2022-02-28 17:04:00,600,1,166.0,2022-11-22,2022-11-22
Vizille,38562,38,2022-07-11 17:12:00,6,1,166.0,2022-11-22,2022-11-22
Vizille,38562,38,2022-07-19 18:01:00,200,1,166.0,2022-11-22,2022-11-22
Vogüé,07348,07,2022-06-17 15:32:00,60000,2,190.0,2024-09-03,2025-01-06
Voiron,38563,38,2022-07-19 02:17:00,100,18,1758.3,2022-09-07,2026-03-12
Voiron,38563,38,2022-07-23 20:20:00,100,18,1758.3,2022-09-07,2026-03-12
Volmerange-lès-Boulay,57730,57,2022-07-19 13:57:00,20,1,249.9,2023-10-04,2023-10-04
Volnay,21712,21,2022-08-09 19:02:00,20000,1,132.0,2025-04-29,2025-04-29
Volx,04245,04,2022-05-29 13:52:00,100,3,18740.0,2025-05-20,2025-11-13
Voreppe,38565,38,2022-08-05 18:43:00,1054000,7,2604.0,2024-03-29,2026-04-02
Vorey,43267,43,2022-07-12 14:23:00,2000,2,455.0,2023-06-21,2023-06-21
Vouzon,41296,41,2022-08-09 17:54:00,5000,3,465.88,2024-07-17,2025-10-29
Xonrupt-Longemer,88531,88,2022-08-01 11:30:00,4,1,50.0,2023-04-12,2023-04-12
Ychoux,40332,40,2022-08-08 05:26:00,2000,7,1776.0,2023-08-31,2026-03-02
Ydes,15265,15,2022-06-17 16:42:00,500,3,550.0,2023-12-01,2025-02-05
Yerres,91691,91,2022-08-02 20:36:00,10000,2,134.0,2024-06-12,2024-10-21
Yerres,91691,91,2022-08-09 17:17:00,500,2,134.0,2024-06-12,2024-10-21
Yviers,16424,16,2022-07-12 23:24:00,29400,1,250.0,2025-09-02,2025-09-02
Yvré-l'Évêque,72386,72,2022-08-10 15:29:00,500,5,19748.0,2024-06-19,2025-02-11
Yvré-le-Pôlin,72385,72,2022-07-11 16:28:00,2000,1,210.0,2026-03-24,2026-03-24
Écaquelon,27209,27,2022-08-10 13:59:00,800000,1,220.0,2026-02-03,2026-02-03
Échallat,16123,16,2022-08-14 19:06:00,10500,1,99.0,2022-09-28,2022-09-28
Échauffour,61150,61,2022-08-02 00:35:03,3000,3,502.0,2023-10-06,2026-04-22
Échauffour,61150,61,2022-08-12 12:54:31,11000,3,502.0,2023-10-06,2026-04-22
Échirolles,38151,38,2022-07-17 13:24:00,200,13,1159.28,2022-10-05,2026-02-09
Écommoy,72124,72,2022-08-07 00:18:00,5000,3,405.0,2024-02-02,2026-03-24
Écommoy,72124,72,2022-08-13 21:19:00,3,3,405.0,2024-02-02,2026-03-24
Écouflant,49129,49,2022-07-28 01:23:00,20000,5,1622.0,2023-02-15,2024-08-13
Épargnes,17152,17,2022-04-04 15:21:00,4000,4,495.0,2022-11-17,2025-07-03
Épieds,49131,49,2022-05-14 16:30:00,2400,1,170.0,2023-06-14,2023-06-14
Épinac,71190,71,2022-06-16 19:17:00,400,1,2500.0,2023-07-11,2023-07-11
Épinal,88160,88,2022-08-04 10:33:00,20,9,998.9,2022-09-20,2026-03-20
Épinal,88160,88,2022-08-06 23:18:00,5,9,998.9,2022-09-20,2026-03-20
Épinal,88160,88,2022-08-13 13:23:00,30000,9,998.9,2022-09-20,2026-03-20
Épuisay,41078,41,2022-07-08 14:51:00,30400,5,637.0,2022-11-02,2025-10-15
Étaules,21255,21,2022-08-12 13:04:00,9000,1,250.0,2024-07-26,2024-07-26
Étauliers,33159,33,2022-07-10 20:41:00,20,3,750.0,2023-09-28,2025-12-29
Étauliers,33159,33,2022-08-11 21:09:00,4000,3,750.0,2023-09-28,2025-12-29
Étauliers,33159,33,2022-08-12 20:13:00,600,3,750.0,2023-09-28,2025-12-29
Étrechet,36071,36,2022-07-21 15:20:00,300,3,623.0,2025-05-27,2026-02-02
Étrembières,74118,74,2022-06-19 10:37:00,100,2,274.0,2023-12-08,2025-10-23
Étréchy,18090,18,2022-08-24 14:06:00,51,1,250.0,2025-03-06,2025-03-06
Évreux,27229,27,2022-04-30 20:04:00,500,5,1045.0,2023-11-24,2025-05-26
Évry-Courcouronnes,91228,91,2022-08-11 17:46:00,1600,2,309.9,2023-03-03,2023-12-20
