Commune,Code INSEE,Département,Date_du_Feu,Surface_Brûlée_m2,Nombre_de_Parcs_Solaires,Puissance_Totale_kW,Premiere_Mise_en_Service,Derniere_Mise_en_Service
Aboncourt-Gesincourt,70002,70,2020-03-27 13:07:00,50,1,246.0,2025-04-30,2025-04-30
Adissan,34002,34,2020-07-17 13:35:00,9739,1,82.8,2024-02-20,2024-02-20
Afa,2A001,2A,2020-07-24 17:58:00,1,3,299.83,2021-12-14,2024-05-23
Agen,47001,47,2020-07-19 17:47:00,20,9,1814.0,2023-10-10,2025-09-11
Aghione,2B002,2B,2020-04-05 13:11:00,20000,16,2747.92,2020-07-08,2025-10-09
Aghione,2B002,2B,2020-06-05 14:39:00,898200,16,2747.92,2020-07-08,2025-10-09
Aghione,2B002,2B,2020-06-23 11:33:00,1000,16,2747.92,2020-07-08,2025-10-09
Agnin,38003,38,2020-06-27 12:56:00,500,5,683.0,2022-03-14,2026-05-11
Aiglun,04001,04,2020-07-01 18:31:00,2000,5,650.3,2023-04-20,2026-02-06
Aillevillers-et-Lyaumont,70006,70,2020-04-09 10:12:00,10,3,603.0,2024-03-06,2026-02-06
Aix-en-Provence,13001,13,2020-06-28 00:18:00,5,21,2930.32,2020-08-17,2025-12-11
Aix-en-Provence,13001,13,2020-07-06 17:37:00,100,21,2930.32,2020-08-17,2025-12-11
Aix-en-Provence,13001,13,2020-07-08 13:42:00,30,21,2930.32,2020-08-17,2025-12-11
Aix-en-Provence,13001,13,2020-07-14 15:09:00,20000,21,2930.32,2020-08-17,2025-12-11
Aix-en-Provence,13001,13,2020-07-15 00:36:00,100,21,2930.32,2020-08-17,2025-12-11
Aix-en-Provence,13001,13,2020-07-16 18:40:00,200,21,2930.32,2020-08-17,2025-12-11
Aix-en-Provence,13001,13,2020-07-19 18:20:00,2,21,2930.32,2020-08-17,2025-12-11
Aix-en-Provence,13001,13,2020-07-31 14:11:00,10,21,2930.32,2020-08-17,2025-12-11
Aix-en-Provence,13001,13,2020-08-01 13:32:00,18100,21,2930.32,2020-08-17,2025-12-11
Aix-en-Provence,13001,13,2020-08-01 13:57:00,10,21,2930.32,2020-08-17,2025-12-11
Aix-en-Provence,13001,13,2020-08-05 18:23:00,3000,21,2930.32,2020-08-17,2025-12-11
Aix-en-Provence,13001,13,2020-08-07 22:37:00,200,21,2930.32,2020-08-17,2025-12-11
Aix-en-Provence,13001,13,2020-08-07 23:39:00,50,21,2930.32,2020-08-17,2025-12-11
Aix-en-Provence,13001,13,2020-08-19 18:49:00,20,20,2880.32,2021-01-13,2025-12-11
Aix-en-Provence,13001,13,2020-08-22 14:38:00,50,20,2880.32,2021-01-13,2025-12-11
Aix-en-Provence,13001,13,2020-08-23 12:30:00,1500,20,2880.32,2021-01-13,2025-12-11
Aix-en-Provence,13001,13,2020-08-24 13:10:00,1000,20,2880.32,2021-01-13,2025-12-11
Aix-en-Provence,13001,13,2020-09-16 15:37:00,3000,20,2880.32,2021-01-13,2025-12-11
Ajaccio,2A004,2A,2020-03-19 13:20:00,2000,14,1190.37,2022-03-30,2025-06-17
Ajaccio,2A004,2A,2020-07-19 06:26:00,20,14,1190.37,2022-03-30,2025-06-17
Ajaccio,2A004,2A,2020-08-13 11:27:00,100000,14,1190.37,2022-03-30,2025-06-17
Ajaccio,2A004,2A,2020-09-17 21:08:00,10,14,1190.37,2022-03-30,2025-06-17
Alata,2A006,2A,2020-06-26 14:04:00,2500,2,174.7,2023-05-17,2024-11-19
Albertacce,2B007,2B,2020-02-24 16:44:00,10,6,585.94,2020-11-10,2025-07-02
Albertacce,2B007,2B,2020-08-27 23:09:00,200,6,585.94,2020-11-10,2025-07-02
Allauch,13002,13,2020-08-15 03:14:00,15,4,328.0,2024-10-28,2025-11-21
Allauch,13002,13,2020-08-16 03:54:00,20,4,328.0,2024-10-28,2025-11-21
Allauch,13002,13,2020-08-20 18:58:00,2,4,328.0,2024-10-28,2025-11-21
Allauch,13002,13,2020-08-22 03:25:00,5,4,328.0,2024-10-28,2025-11-21
Allauch,13002,13,2020-08-22 07:40:00,2,4,328.0,2024-10-28,2025-11-21
Allauch,13002,13,2020-08-29 19:12:00,5,4,328.0,2024-10-28,2025-11-21
Allauch,13002,13,2020-09-02 16:29:00,4900,4,328.0,2024-10-28,2025-11-21
Allauch,13002,13,2020-09-08 17:33:00,100,4,328.0,2024-10-28,2025-11-21
Alleins,13003,13,2020-09-08 16:28:00,200,1,7405.2,2022-03-31,2022-03-31
Allinges,74005,74,2020-07-06 10:30:00,200,1,150.0,2022-11-28,2022-11-28
Allonnes,72003,72,2020-07-11 15:17:00,1000,9,1469.0,2020-11-16,2026-02-19
Aléria,2B009,2B,2020-07-20 15:26:00,400,19,4904.7,2020-07-29,2025-04-08
Aléria,2B009,2B,2020-07-20 15:26:00,33000,19,4904.7,2020-07-29,2025-04-08
Ambazac,87002,87,2020-03-25 20:23:00,100,5,1117.0,2023-07-19,2026-04-08
Ambazac,87002,87,2020-09-08 17:39:00,20000,5,1117.0,2023-07-19,2026-04-08
Amboise,37003,37,2020-04-02 14:42:00,20000,8,1152.0,2021-12-09,2025-07-17
Amboise,37003,37,2020-04-03 14:35:00,35000,8,1152.0,2021-12-09,2025-07-17
Ambrus,47008,47,2020-08-15 22:05:00,2500,3,275.0,2020-08-19,2022-02-22
Andelot-en-Montagne,39009,39,2020-07-31 18:24:00,500,1,90.0,2023-01-30,2023-01-30
Andernos-les-Bains,33005,33,2020-09-13 18:52:00,2000,2,252.0,2021-12-30,2022-03-21
Anglet,64024,64,2020-07-30 18:32:00,1650000,11,1444.0,2020-12-22,2025-10-28
Annecy,74010,74,2020-04-03 18:39:00,5050,16,1659.24,2021-03-08,2026-04-23
Antisanti,2B016,2B,2020-02-26 06:44:00,1000,8,764.46,2021-12-08,2026-02-03
Anzat-le-Luguet,63006,63,2020-04-01 00:00:00,69171,1,249.8,2025-03-06,2025-03-06
Appietto,2A017,2A,2020-02-08 18:24:00,10,3,299.8,2020-07-09,2024-04-16
Appietto,2A017,2A,2020-04-14 15:54:00,80,3,299.8,2020-07-09,2024-04-16
Appietto,2A017,2A,2020-05-26 15:11:00,100,3,299.8,2020-07-09,2024-04-16
Appietto,2A017,2A,2020-06-19 17:00:00,1000,3,299.8,2020-07-09,2024-04-16
Appietto,2A017,2A,2020-08-02 04:12:00,1800,2,199.9,2021-01-19,2024-04-16
Appietto,2A017,2A,2020-08-13 16:33:00,120000,2,199.9,2021-01-19,2024-04-16
Appietto,2A017,2A,2020-08-14 02:21:00,150,2,199.9,2021-01-19,2024-04-16
Appietto,2A017,2A,2020-08-29 10:12:00,7,2,199.9,2021-01-19,2024-04-16
Appietto,2A017,2A,2020-10-26 13:49:00,1,2,199.9,2021-01-19,2024-04-16
Appoigny,89013,89,2020-07-08 15:27:00,100000,5,832.8,2022-08-08,2025-10-09
Appoigny,89013,89,2020-09-06 12:07:00,100,5,832.8,2022-08-08,2025-10-09
Apt,84003,84,2020-08-17 12:29:00,50,10,1068.0,2022-08-01,2025-10-21
Arbori,2A019,2A,2020-04-17 15:47:00,500,1,99.99,2025-06-24,2025-06-24
Arc-sur-Tille,21021,21,2020-04-16 10:55:00,200,2,429.9,2023-10-24,2023-11-14
Arches,88011,88,2020-07-28 20:35:00,500,1,245.0,2024-11-18,2024-11-18
Aregno,2B020,2B,2020-02-25 15:45:00,200,3,299.9,2020-09-23,2025-05-27
Arengosse,40006,40,2020-08-12 15:38:00,50000,1,99.0,2021-03-22,2021-03-22
Arette,64040,64,2020-09-11 12:52:00,1000,1,84.5,2021-08-25,2021-08-25
Argeliers,11012,11,2020-03-15 17:02:00,5,2,391.96,2020-11-23,2023-02-21
Argeliers,11012,11,2020-11-17 14:40:00,13200,2,391.96,2020-11-23,2023-02-21
Argelès-sur-Mer,66008,66,2020-03-23 20:20:00,30000,10,1295.0,2020-06-03,2026-03-06
Arles,13004,13,2020-07-03 09:27:00,80,45,7867.9,2021-02-23,2026-04-16
Arles,13004,13,2020-08-17 15:30:00,10000,45,7867.9,2021-02-23,2026-04-16
Arles,13004,13,2020-09-28 11:09:00,10,45,7867.9,2021-02-23,2026-04-16
Armissan,11014,11,2020-04-02 23:28:00,300,4,337.32,2022-03-02,2025-11-18
Arreux,08022,08,2020-07-27 18:03:00,6000,1,200.0,2026-01-12,2026-01-12
Arreux,08022,08,2020-08-02 08:46:00,10000,1,200.0,2026-01-12,2026-01-12
Arsac,33012,33,2020-09-10 06:30:00,10000,4,850.0,2020-10-30,2026-02-26
Artas,38015,38,2020-08-27 15:48:00,8000,5,968.0,2024-03-26,2025-11-04
Arès,33011,33,2020-05-21 05:20:00,20000,2,409.0,2024-01-30,2024-09-06
Arès,33011,33,2020-05-30 14:26:00,10,2,409.0,2024-01-30,2024-09-06
Arès,33011,33,2020-09-13 13:07:00,5000,2,409.0,2024-01-30,2024-09-06
Arès,33011,33,2020-09-14 02:14:00,3000,2,409.0,2024-01-30,2024-09-06
Assat,64067,64,2020-09-17 13:34:00,71000,2,349.0,2024-12-20,2026-04-28
Asson,64068,64,2020-11-01 18:24:00,10,8,1421.0,2021-04-15,2026-01-29
Aubagne,13005,13,2020-07-01 19:42:00,50,20,2701.9,2020-08-10,2026-04-01
Aubagne,13005,13,2020-07-03 14:26:00,20,20,2701.9,2020-08-10,2026-04-01
Aubagne,13005,13,2020-07-04 13:30:00,150,20,2701.9,2020-08-10,2026-04-01
Aubagne,13005,13,2020-07-12 02:44:00,30,20,2701.9,2020-08-10,2026-04-01
Aubagne,13005,13,2020-07-30 15:56:00,50,20,2701.9,2020-08-10,2026-04-01
Aubagne,13005,13,2020-08-04 17:27:00,91600,20,2701.9,2020-08-10,2026-04-01
Aubenas,07019,07,2020-02-27 06:03:00,2500,10,2207.0,2021-11-10,2026-05-05
Auberives-sur-Varèze,38019,38,2020-08-08 19:31:00,16000,1,100.0,2021-09-09,2021-09-09
Aubignosc,04013,04,2020-11-21 06:50:00,92500,5,5650.0,2022-07-01,2025-09-09
Audenge,33019,33,2020-08-02 20:59:00,800,4,16095.0,2022-11-15,2026-02-10
Aulan,26018,26,2020-04-14 17:05:00,3400,1,90.0,2020-10-01,2020-10-01
Auriol,13007,13,2020-07-08 10:19:00,1500,1,80.0,2022-01-25,2022-01-25
Auriol,13007,13,2020-08-20 14:17:00,50,1,80.0,2022-01-25,2022-01-25
Auriol,13007,13,2020-10-15 15:36:00,1000,1,80.0,2022-01-25,2022-01-25
Autichamp,26021,26,2020-04-04 20:43:00,11000,6,1059.0,2023-10-23,2025-08-06
Autrèche,37009,37,2020-07-28 16:20:00,13000,2,10191.0,2024-11-28,2026-02-19
Autun,71014,71,2020-08-10 16:08:00,200,8,1050.0,2020-10-01,2026-05-07
Avensan,33022,33,2020-06-02 18:33:00,2000,2,215.0,2021-08-17,2025-11-21
Avrigney-Virey,70045,70,2020-01-18 11:50:00,10,1,88.0,2022-04-06,2022-04-06
Avrigney-Virey,70045,70,2020-08-17 11:44:00,30,1,88.0,2022-04-06,2022-04-06
Aydie,64084,64,2020-03-01 19:11:00,5,3,281.7,2021-09-22,2025-02-25
Ayssènes,12017,12,2020-11-24 11:50:00,200000,2,462.0,2024-11-18,2025-02-12
Badonviller,54040,54,2020-08-10 16:25:00,20000,3,3883.0,2021-06-02,2026-02-09
Bages,66011,66,2020-08-01 14:53:00,3500,7,1202.0,2023-07-27,2025-09-22
Baixas,66014,66,2020-03-11 18:23:00,2000,1,90.0,2022-08-29,2022-08-29
Baixas,66014,66,2020-08-20 16:30:00,20000,1,90.0,2022-08-29,2022-08-29
Baixas,66014,66,2020-09-11 05:55:00,10000,1,90.0,2022-08-29,2022-08-29
Banne,07024,07,2020-08-03 16:24:00,3000,1,264.0,2024-11-20,2024-11-20
Banne,07024,07,2020-09-15 15:18:00,5000,1,264.0,2024-11-20,2024-11-20
Bannes,46017,46,2020-04-14 17:21:00,20000,1,89.0,2025-03-05,2025-03-05
Banyuls-dels-Aspres,66015,66,2020-08-23 00:26:00,50000,5,12421.0,2021-06-01,2025-11-17
Barbâtre,85011,85,2020-05-31 22:11:00,1,1,90.0,2024-09-23,2024-09-23
Bardenac,16029,16,2020-03-26 14:40:00,20000,2,288.0,2024-02-28,2025-02-19
Bardos,64094,64,2020-08-18 15:49:00,5100,12,1986.0,2020-11-24,2026-04-07
Bardos,64094,64,2020-09-04 16:52:00,5010,12,1986.0,2020-11-24,2026-04-07
Barguelonne-en-Quercy,46263,46,2020-03-28 13:07:00,1000,1,89.0,2022-09-29,2022-09-29
Barras,04021,04,2020-08-05 15:18:00,40,1,99.0,2021-05-04,2021-05-04
Barraux,38027,38,2020-03-24 14:34:00,4500,1,72.0,2024-11-04,2024-11-04
Bassignac-le-Bas,19017,19,2020-04-05 16:33:00,30000,2,480.0,2025-12-04,2026-01-29
Bassillac et Auberoche,24026,24,2020-05-31 01:29:00,5000,15,20923.91,2020-12-15,2026-03-03
Bastelica,2A031,2A,2020-01-12 15:30:00,56038,2,184.14,2021-06-23,2025-11-06
Bastelica,2A031,2A,2020-03-15 12:43:00,60000,2,184.14,2021-06-23,2025-11-06
Bastelica,2A031,2A,2020-03-18 14:17:00,2000,2,184.14,2021-06-23,2025-11-06
Bastelica,2A031,2A,2020-08-04 11:14:00,6,2,184.14,2021-06-23,2025-11-06
Bastelica,2A031,2A,2020-08-14 20:09:00,100,2,184.14,2021-06-23,2025-11-06
Bastelica,2A031,2A,2020-08-15 12:44:00,700,2,184.14,2021-06-23,2025-11-06
Bastelica,2A031,2A,2020-08-22 22:30:00,60,2,184.14,2021-06-23,2025-11-06
Bastelicaccia,2A032,2A,2020-07-04 16:14:00,400,2,186.39,2022-04-27,2022-04-27
Baugé-en-Anjou,49018,49,2020-07-22 15:59:00,50000,34,5907.8,2021-06-21,2026-03-27
Bazouges Cré sur Loir,72025,72,2020-06-10 19:10:00,5,9,1431.0,2021-02-17,2026-03-27
Beauce la Romaine,41173,41,2020-07-30 21:18:00,800,22,21278.6,2021-04-30,2026-02-20
Beauce la Romaine,41173,41,2020-08-01 17:58:00,15,22,21278.6,2021-04-30,2026-02-20
Beauce la Romaine,41173,41,2020-08-08 00:25:00,300,22,21278.6,2021-04-30,2026-02-20
Beauce la Romaine,41173,41,2020-08-08 00:40:00,300,22,21278.6,2021-04-30,2026-02-20
Beauce la Romaine,41173,41,2020-08-08 01:24:00,500,22,21278.6,2021-04-30,2026-02-20
Beauce la Romaine,41173,41,2020-09-22 15:02:00,700,22,21278.6,2021-04-30,2026-02-20
Beauchêne,41014,41,2020-08-11 13:10:00,150,1,89.0,2024-07-16,2024-07-16
Beaulieu,07028,07,2020-08-03 15:45:00,70000,1,220.0,2022-12-07,2022-12-07
Beaumontois en Périgord,24028,24,2020-08-05 21:11:00,2000,18,2899.6,2020-12-17,2026-05-04
Beaurepaire,38034,38,2020-09-03 15:33:00,200,7,1028.0,2021-03-09,2025-01-27
Belfort,90010,90,2020-05-31 12:59:00,15,3,420.0,2020-07-03,2025-04-24
Belfort,90010,90,2020-09-13 16:35:00,500,2,340.0,2023-08-24,2025-04-24
Belin-Béliet,33042,33,2020-07-08 15:44:00,2000,2,148.6,2021-05-06,2023-04-20
Belin-Béliet,33042,33,2020-08-12 07:44:00,1,2,148.6,2021-05-06,2023-04-20
Bellegarde-Poussieu,38037,38,2020-08-24 17:13:00,300,2,499.0,2023-08-23,2024-05-29
Bellegarde-en-Diois,26047,26,2020-09-17 16:35:00,20000,1,100.0,2025-09-22,2025-09-22
Belleneuve,21060,21,2020-03-20 16:30:00,40,2,283.0,2025-09-18,2025-09-18
Bernin,38039,38,2020-09-16 16:08:00,300,3,485.0,2022-06-13,2026-01-05
Besse-sur-Issole,83018,83,2020-11-01 13:43:00,1000,2,335.0,2023-11-08,2025-03-11
Bessines-sur-Gartempe,87014,87,2020-04-03 20:27:00,500,11,18490.0,2020-06-16,2026-05-21
Bettancourt-la-Ferrée,52045,52,2020-08-07 19:23:00,500,2,133.0,2024-12-16,2025-10-02
Beynat,19023,19,2020-06-01 15:35:00,50,7,1012.0,2021-01-07,2026-01-30
Biganos,33051,33,2020-02-23 16:44:00,2000,4,403.12,2020-06-25,2025-02-05
Biscarrosse,40046,40,2020-06-22 16:10:00,20,4,610.4,2021-10-19,2025-05-19
Biscarrosse,40046,40,2020-07-09 10:28:00,50,4,610.4,2021-10-19,2025-05-19
Biscarrosse,40046,40,2020-07-09 23:47:00,350,4,610.4,2021-10-19,2025-05-19
Biscarrosse,40046,40,2020-07-30 17:14:00,580,4,610.4,2021-10-19,2025-05-19
Bize-Minervois,11041,11,2020-06-21 02:30:00,4220,4,542.0,2020-11-04,2024-11-20
Bize-Minervois,11041,11,2020-10-29 13:33:00,400,4,542.0,2020-11-04,2024-11-20
Blajan,31070,31,2020-08-03 14:58:00,10000,6,12333.0,2020-12-23,2022-01-19
Blandin,38047,38,2020-08-02 14:14:00,4000,1,125.0,2024-09-24,2024-09-24
Blandouet-Saint Jean,53228,53,2020-08-15 11:31:00,100,2,313.0,2025-02-13,2026-05-21
Blanquefort,33056,33,2020-08-04 14:42:00,40000,16,16529.0,2021-04-15,2026-05-05
Blanquefort,33056,33,2020-09-01 15:59:00,400,16,16529.0,2021-04-15,2026-05-05
Blanquefort,33056,33,2020-09-04 15:25:00,3000,16,16529.0,2021-04-15,2026-05-05
Blassac,43031,43,2020-08-09 10:38:00,3000,1,99.9,2021-05-10,2021-05-10
Blois,41018,41,2020-03-23 16:57:00,5,10,2991.0,2023-04-27,2026-01-21
Blois,41018,41,2020-04-11 16:44:00,50,10,2991.0,2023-04-27,2026-01-21
Blois,41018,41,2020-04-19 22:08:00,70,10,2991.0,2023-04-27,2026-01-21
Blois,41018,41,2020-05-02 19:09:00,10,10,2991.0,2023-04-27,2026-01-21
Blois,41018,41,2020-05-04 22:55:00,100,10,2991.0,2023-04-27,2026-01-21
Blois,41018,41,2020-07-30 19:59:00,1500,10,2991.0,2023-04-27,2026-01-21
Blois,41018,41,2020-08-04 23:10:00,5,10,2991.0,2023-04-27,2026-01-21
Bogny-sur-Meuse,08081,08,2020-08-19 15:07:00,25000,1,97.0,2024-10-29,2024-10-29
Bon-Encontre,47032,47,2020-04-10 17:11:00,10,10,2232.0,2023-01-17,2025-10-21
Bonifacio,2A041,2A,2020-01-04 14:58:00,100,6,599.46,2020-02-11,2023-09-28
Bonifacio,2A041,2A,2020-02-05 14:21:00,30,6,599.46,2020-02-11,2023-09-28
Bonifacio,2A041,2A,2020-03-14 06:08:00,100,5,499.56,2022-04-26,2023-09-28
Bonifacio,2A041,2A,2020-07-14 12:06:00,50,5,499.56,2022-04-26,2023-09-28
Bonnefamille,38048,38,2020-08-13 08:39:00,700,2,330.0,2025-04-08,2025-04-08
Bonnieux,84020,84,2020-07-15 19:23:00,2969,2,198.8,2024-09-24,2025-11-24
Bormes-les-Mimosas,83019,83,2020-03-28 03:33:00,10,1,110.0,2025-11-07,2025-11-07
Bouc-Bel-Air,13015,13,2020-06-22 11:45:00,5,3,720.0,2024-04-09,2025-08-12
Bouc-Bel-Air,13015,13,2020-08-19 20:52:00,50,3,720.0,2024-04-09,2025-08-12
Bouc-Bel-Air,13015,13,2020-08-27 11:45:00,350,3,720.0,2024-04-09,2025-08-12
Bouc-Bel-Air,13015,13,2020-08-27 17:52:00,650,3,720.0,2024-04-09,2025-08-12
Bouffry,41022,41,2020-07-09 11:03:00,110,2,249.0,2024-03-22,2024-10-04
Boulange,57096,57,2020-04-24 15:28:00,20000,1,100.0,2020-10-21,2020-10-21
Boulieu-lès-Annonay,07041,07,2020-03-19 13:25:00,30000,1,92.0,2025-06-20,2025-06-20
Boulieu-lès-Annonay,07041,07,2020-07-12 17:52:00,40,1,92.0,2025-06-20,2025-06-20
Bourberain,21094,21,2020-08-09 18:08:00,300,4,713.0,2026-05-19,2026-05-20
Bourguignon-lès-Morey,70089,70,2020-08-07 20:51:00,10,1,99.0,2021-03-30,2021-03-30
Bourogne,90017,90,2020-04-15 12:49:00,100,2,334.0,2024-08-20,2025-08-11
Boyeux-Saint-Jérôme,01056,01,2020-08-10 15:32:00,50000,2,400.0,2023-09-27,2023-09-27
Brains-sur-Gée,72045,72,2020-04-09 20:08:00,16,3,444.0,2022-05-11,2026-04-01
Branceilles,19029,19,2020-08-07 15:27:00,100,1,246.6,2023-08-02,2023-08-02
Bras-sur-Meuse,55073,55,2020-07-23 15:30:00,750,1,440.0,2024-03-18,2024-03-18
Brens,81038,81,2020-08-15 19:29:00,8000,7,1271.0,2020-12-16,2026-05-12
Bretignolles-sur-Mer,85035,85,2020-07-17 17:15:00,50,8,1274.0,2023-08-01,2026-04-30
Briançon,05023,05,2020-08-02 15:34:00,4400,4,552.25,2022-04-26,2025-09-29
Brignac-la-Plaine,19030,19,2020-08-07 23:27:00,500,1,75.0,2025-02-03,2025-02-03
Brignoles,83023,83,2020-05-29 21:37:00,2,18,3041.3,2020-08-03,2026-03-23
Brion-sur-Ource,21109,21,2020-06-03 15:20:00,500,1,246.3,2024-07-09,2024-07-09
Brissac,34042,34,2020-02-15 19:24:00,82,2,354.1,2021-06-01,2023-12-07
Brive-la-Gaillarde,19031,19,2020-07-24 20:02:00,5,24,3782.85,2022-04-13,2026-04-24
Brive-la-Gaillarde,19031,19,2020-08-01 13:55:00,20,24,3782.85,2022-04-13,2026-04-24
Brocas,40056,40,2020-06-01 15:51:00,2000,4,367.0,2020-08-11,2024-01-11
Brommat,12036,12,2020-08-15 19:14:00,60000,11,2006.0,2022-06-17,2026-03-03
Brouchy,80144,80,2020-08-21 15:07:00,700,3,2830.0,2023-08-08,2026-02-12
Bruyères,88078,88,2020-07-10 10:18:00,50,1,45.0,2023-06-12,2023-06-12
Bruyères,88078,88,2020-07-20 11:52:00,5,1,45.0,2023-06-12,2023-06-12
Bujaleuf,87024,87,2020-04-08 15:38:00,1500,9,1752.2,2023-04-19,2025-07-17
Busloup,41028,41,2020-07-02 16:26:00,40,2,359.0,2023-06-06,2025-08-21
Béard-Géovreissiat,01170,01,2020-08-25 17:07:00,80000,1,220.0,2025-09-10,2025-09-10
Bérou-la-Mulotière,28037,28,2020-07-17 15:09:00,420000,1,133.0,2026-02-12,2026-02-12
Bérou-la-Mulotière,28037,28,2020-09-16 11:09:00,15000,1,133.0,2026-02-12,2026-02-12
Béruges,86024,86,2020-07-29 08:04:00,4000,3,465.96000000000004,2024-08-08,2025-07-16
Béziers,34032,34,2020-07-13 17:09:00,7440,39,8226.6,2020-09-09,2026-04-29
Béziers,34032,34,2020-08-14 17:20:00,236085,39,8226.6,2020-09-09,2026-04-29
Cabriès,13019,13,2020-07-06 22:58:00,3000,2,270.2,2024-05-21,2025-06-11
Cabriès,13019,13,2020-07-09 04:26:00,200,2,270.2,2024-05-21,2025-06-11
Cadenet,84026,84,2020-03-18 12:04:00,2600,7,839.0,2021-06-09,2024-12-16
Cadenet,84026,84,2020-08-06 00:58:00,900,7,839.0,2021-06-09,2024-12-16
Calcatoggio,2A048,2A,2020-08-19 11:17:00,5,1,99.76,2024-10-24,2024-10-24
Calcatoggio,2A048,2A,2020-09-21 11:15:00,80,1,99.76,2024-10-24,2024-10-24
Calcatoggio,2A048,2A,2020-10-01 18:33:00,35,1,99.76,2024-10-24,2024-10-24
Calce,66030,66,2020-08-21 14:02:00,110000,2,165.0,2025-10-16,2025-10-23
Calenzana,2B049,2B,2020-02-26 17:16:00,500,7,795.89,2020-09-01,2023-12-23
Calenzana,2B049,2B,2020-06-12 16:47:00,400,7,795.89,2020-09-01,2023-12-23
Callen,40060,40,2020-08-13 20:22:00,84391,1,99.0,2024-06-11,2024-06-11
Calvi,2B050,2B,2020-04-26 11:51:00,2500,11,1099.45,2021-03-09,2025-11-20
Calvi,2B050,2B,2020-06-12 15:05:00,600,11,1099.45,2021-03-09,2025-11-20
Camarsac,33083,33,2020-08-10 20:22:00,500,1,169.54,2020-09-01,2020-09-01
Campagne,40061,40,2020-07-31 08:03:00,20,1,88.0,2024-06-28,2024-06-28
Campagne,40061,40,2020-08-04 18:17:00,1200,1,88.0,2024-06-28,2024-06-28
Canet,11067,11,2020-07-11 14:52:00,4200,2,2884.0,2023-11-16,2025-08-26
Canet,11067,11,2020-07-22 23:08:00,200,2,2884.0,2023-11-16,2025-08-26
Canet,11067,11,2020-08-18 11:37:00,500,2,2884.0,2023-11-16,2025-08-26
Cannes,06029,06,2020-06-22 13:22:00,1000,7,1594.0,2021-12-09,2025-09-26
Canohès,66038,66,2020-07-15 02:32:00,20000,4,548.0,2022-01-26,2025-02-10
Canéjan,33090,33,2020-07-26 16:57:00,300,6,911.0,2022-07-18,2026-02-16
Capendu,11068,11,2020-09-04 20:36:00,1518,5,758.4,2022-09-02,2026-02-19
Carcassonne,11069,11,2020-02-22 13:18:00,400,39,15107.48,2020-06-16,2026-05-26
Carcassonne,11069,11,2020-06-02 00:34:00,10,39,15107.48,2020-06-16,2026-05-26
Carcassonne,11069,11,2020-06-12 17:34:00,5,39,15107.48,2020-06-16,2026-05-26
Carcassonne,11069,11,2020-07-25 18:29:00,80,36,8607.48,2021-11-02,2026-05-26
Carcassonne,11069,11,2020-07-27 17:45:00,300,36,8607.48,2021-11-02,2026-05-26
Carcassonne,11069,11,2020-07-27 23:35:00,300,36,8607.48,2021-11-02,2026-05-26
Carcassonne,11069,11,2020-07-29 01:59:00,300,36,8607.48,2021-11-02,2026-05-26
Carcassonne,11069,11,2020-08-03 19:04:00,2,36,8607.48,2021-11-02,2026-05-26
Carcassonne,11069,11,2020-08-17 14:49:00,7000,36,8607.48,2021-11-02,2026-05-26
Carcassonne,11069,11,2020-08-30 20:30:00,500,36,8607.48,2021-11-02,2026-05-26
Carcassonne,11069,11,2020-09-12 11:32:00,5,36,8607.48,2021-11-02,2026-05-26
Carcassonne,11069,11,2020-09-19 18:54:00,150,36,8607.48,2021-11-02,2026-05-26
Cargèse,2A065,2A,2020-05-05 16:08:00,30,1,99.0,2022-05-05,2022-05-05
Carlus,81059,81,2020-07-07 14:29:00,300,2,470.0,2022-03-14,2026-04-13
Carnoules,83033,83,2020-06-20 14:16:00,3000,4,878.0,2021-03-04,2025-05-05
Carnoux-en-Provence,13119,13,2020-08-25 03:18:00,500,1,72.0,2026-01-23,2026-01-23
Carpentras,84031,84,2020-02-14 19:58:00,44000,33,7378.66,2021-06-22,2026-05-12
Carros,06033,06,2020-04-17 18:16:00,600,2,200.0,2023-07-11,2025-09-02
Casamaccioli,2B073,2B,2020-09-06 10:58:00,15000,1,84.15,2023-09-13,2023-09-13
Castellane,04039,04,2020-02-05 13:30:00,12300,2,198.45,2022-05-17,2024-10-30
Castellane,04039,04,2020-02-10 13:48:00,600,2,198.45,2022-05-17,2024-10-30
Castellane,04039,04,2020-03-28 14:14:00,4400,2,198.45,2022-05-17,2024-10-30
Castellare-di-Casinca,2B077,2B,2020-02-11 19:23:00,300,3,299.6,2022-12-01,2023-07-19
Castellare-di-Mercurio,2B078,2B,2020-06-27 07:51:00,150,1,99.99,2023-01-31,2023-01-31
Castelnau Montratier-Sainte Alauzie,46063,46,2020-09-14 16:00:00,2000,13,1877.7,2020-12-21,2026-03-17
Castelnau-d'Aude,11077,11,2020-06-03 07:21:00,10,1,3630.0,2024-11-18,2024-11-18
Castirla,2B083,2B,2020-06-19 00:59:00,2000,1,99.82,2021-07-29,2021-07-29
Castries,34058,34,2020-07-04 12:36:00,99,3,439.2,2020-09-16,2026-03-19
Castéra-Verduzan,32083,32,2020-07-31 13:46:00,21000,3,275.0,2020-12-10,2026-05-27
Caylus,82038,82,2020-08-01 17:48:00,200000,9,1738.77,2021-06-01,2026-04-08
Cayrols,15030,15,2020-08-04 14:49:00,10000,2,349.84000000000003,2022-09-20,2025-08-20
Cazes-Mondenard,82042,82,2020-07-07 14:55:00,2000,12,1676.9,2022-12-22,2026-02-02
Cessenon-sur-Orb,34074,34,2020-07-12 16:56:00,1836,2,209.8,2024-01-30,2025-10-14
Cessieu,38064,38,2020-08-19 13:39:00,200,3,12030.0,2024-08-14,2025-01-09
Cestas,33122,33,2020-05-19 09:08:00,10,23,6165.0,2021-10-07,2026-03-19
Chailles,41032,41,2020-04-18 17:10:00,150,1,100.0,2025-11-12,2025-11-12
Chailles,41032,41,2020-07-18 07:11:00,10,1,100.0,2025-11-12,2025-11-12
Chailles,41032,41,2020-07-22 20:25:00,10,1,100.0,2025-11-12,2025-11-12
Chamberet,19036,19,2020-04-10 18:09:00,200,9,1136.98,2021-11-29,2025-12-08
Chamouillac,17081,17,2020-09-08 16:13:00,5000,1,100.0,2023-03-31,2023-03-31
Champlitte,70122,70,2020-04-04 14:28:00,150000,2,345.0,2025-07-08,2026-02-26
Champniers,16078,16,2020-03-27 15:08:00,10000,9,1358.0,2021-06-10,2026-01-29
Chanac,48039,48,2020-03-30 16:45:00,500,2,190.0,2021-03-16,2025-06-20
Chanac,48039,48,2020-05-25 15:23:00,60,2,190.0,2021-03-16,2025-06-20
Chanac,48039,48,2020-06-27 22:58:00,150,2,190.0,2021-03-16,2025-06-20
Chanac,48039,48,2020-07-08 11:46:00,2200,2,190.0,2021-03-16,2025-06-20
Chanas,38072,38,2020-08-31 11:49:00,2000,1,250.0,2024-06-21,2024-06-21
Chancelade,24102,24,2020-03-27 15:07:00,3000,1,90.0,2021-03-19,2021-03-19
Changé,72058,72,2020-04-15 12:36:00,1500,2,154.0,2021-06-23,2026-05-04
Chapareillan,38075,38,2020-02-22 14:09:00,10000,2,160.0,2024-10-24,2025-07-21
Chapareillan,38075,38,2020-03-18 16:56:00,2000,2,160.0,2024-10-24,2025-07-21
Charentenay,89084,89,2020-08-26 14:27:00,200,1,89.0,2024-10-16,2024-10-16
Chargey-lès-Gray,70132,70,2020-06-02 11:33:00,10,1,90.0,2022-12-12,2022-12-12
Charleval,13024,13,2020-06-24 12:56:00,2,11,1750.0,2020-10-29,2026-03-02
Chartres,28085,28,2020-08-07 15:05:00,24000,11,3341.0,2023-09-05,2026-02-26
Chasse-sur-Rhône,38087,38,2020-07-30 21:14:00,2000,5,697.6,2021-12-15,2025-03-06
Chasse-sur-Rhône,38087,38,2020-08-21 09:39:00,200,5,697.6,2021-12-15,2025-03-06
Chasse-sur-Rhône,38087,38,2020-09-14 19:08:00,300,5,697.6,2021-12-15,2025-03-06
Chatte,38095,38,2020-03-15 12:50:00,10000,22,2957.17,2022-01-06,2026-04-21
Chaumes-en-Brie,77107,77,2020-08-07 19:31:00,1,2,484.0,2023-09-14,2023-09-14
Chaumont-sur-Tharonne,41046,41,2020-09-04 15:21:00,200,2,165.0,2021-06-10,2023-03-10
Cheval-Blanc,84038,84,2020-07-07 03:25:00,490,8,1545.0,2020-11-09,2024-06-25
Chimilin,38104,38,2020-04-20 21:03:00,500,4,769.8,2024-10-15,2025-10-09
Chimilin,38104,38,2020-08-20 19:00:00,200,4,769.8,2024-10-15,2025-10-09
Chorges,05040,05,2020-02-20 16:18:00,10000,17,2366.8,2020-11-30,2026-01-08
Chozeau,38109,38,2020-04-08 15:14:00,1500,1,190.0,2025-08-28,2025-08-28
Chozeau,38109,38,2020-04-20 19:02:00,300,1,190.0,2025-08-28,2025-08-28
Châlette-sur-Loing,45068,45,2020-08-06 12:21:00,20000,1,55.0,2022-01-26,2022-01-26
Château-Arnoux-Saint-Auban,04049,04,2020-07-26 10:31:00,31,8,2100.0,2020-10-28,2026-01-19
Château-Chervix,87039,87,2020-08-10 16:26:00,10000,6,1052.0,2024-05-22,2026-04-09
Châteauneuf,85062,85,2020-05-27 14:44:00,500,3,750.0,2025-04-30,2025-09-15
Châteauneuf-de-Bordette,26082,26,2020-08-10 13:56:00,1000,1,100.0,2025-02-13,2025-02-13
Châteauneuf-la-Forêt,87040,87,2020-08-08 17:05:00,2500,3,350.0,2020-11-13,2024-06-25
Châteauneuf-sur-Isère,26084,26,2020-07-21 13:47:00,34900,27,4198.0,2021-03-18,2025-12-23
Châteaurenard,13027,13,2020-07-25 17:39:00,1000,22,15458.6,2021-04-21,2026-05-22
Châtenois,88095,88,2020-04-07 09:31:00,1,4,558.0,2021-05-18,2026-01-30
Châtenois,88095,88,2020-07-28 15:08:00,70,4,558.0,2021-05-18,2026-01-30
Châtenois,88095,88,2020-10-01 10:33:00,2,4,558.0,2021-05-18,2026-01-30
Chélieu,38098,38,2020-03-29 15:21:00,100,1,98.0,2020-08-25,2020-08-25
Chêne-en-Semine,74068,74,2020-02-26 11:00:00,30,3,506.0,2024-08-05,2024-12-09
Chêne-en-Semine,74068,74,2020-07-29 09:35:00,20,3,506.0,2024-08-05,2024-12-09
Cieurac,46070,46,2020-04-15 10:47:00,200,1,220.0,2024-11-19,2024-11-19
Cieurac,46070,46,2020-04-15 18:01:00,250,1,220.0,2024-11-19,2024-11-19
Cieurac,46070,46,2020-08-02 15:11:00,250,1,220.0,2024-11-19,2024-11-19
Claira,66050,66,2020-07-04 18:03:00,10000,14,8702.0,2021-07-23,2025-10-30
Clamecy,58079,58,2020-04-06 17:05:00,12760,7,15205.0,2024-02-23,2025-09-01
Clermont-l'Hérault,34079,34,2020-07-11 21:17:00,726,10,2172.6,2022-01-28,2026-02-18
Clermont-l'Hérault,34079,34,2020-07-14 23:21:00,4173,10,2172.6,2022-01-28,2026-02-18
Clohars-Carnoët,29031,29,2020-04-15 05:31:00,100,1,99.0,2026-05-20,2026-05-20
Coggia,2A090,2A,2020-02-25 11:43:00,520,1,99.9,2020-10-01,2020-10-01
Coggia,2A090,2A,2020-06-10 12:41:00,13740,1,99.9,2020-10-01,2020-10-01
Colomiers,31149,31,2020-07-19 17:44:00,800,15,2169.6,2022-02-07,2026-05-28
Combas,30088,30,2020-07-22 16:32:00,30,1,120.0,2026-01-05,2026-01-05
Combeaufontaine,70165,70,2020-06-27 18:10:00,100,1,90.0,2024-04-04,2024-04-04
Combloux,74083,74,2020-04-12 11:16:00,100,1,240.0,2024-09-24,2024-09-24
Commune nouvelle d'Arrou,28012,28,2020-06-26 14:12:00,190000,12,1540.72,2020-07-21,2025-07-07
Comps,30089,30,2020-07-05 09:23:00,86050,1,125.0,2025-07-02,2025-07-02
Comps,30089,30,2020-08-07 16:28:00,3000,1,125.0,2025-07-02,2025-07-02
Concèze,19059,19,2020-04-05 16:27:00,500,6,1235.0,2024-02-21,2026-03-23
Connerré,72090,72,2020-08-22 15:42:00,5000,1,6450.0,2026-02-06,2026-02-06
Conques-sur-Orbiel,11099,11,2020-07-27 20:03:00,5937,2,11911.0,2022-02-25,2025-08-20
Conques-sur-Orbiel,11099,11,2020-09-06 16:54:00,1200,2,11911.0,2022-02-25,2025-08-20
Cornas,07070,07,2020-09-13 06:38:00,10000,4,426.0,2021-08-25,2025-07-02
Corneilla-la-Rivière,66058,66,2020-06-15 15:11:00,5000,2,187.8,2026-04-08,2026-05-07
Cornimont,88116,88,2020-04-08 15:03:00,10000,2,499.0,2024-06-17,2026-04-09
Cornimont,88116,88,2020-09-19 11:16:00,20,2,499.0,2024-06-17,2026-04-09
Cornimont,88116,88,2020-09-22 01:54:00,50,2,499.0,2024-06-17,2026-04-09
Corte,2B096,2B,2020-02-17 17:47:00,10,8,782.42,2021-03-10,2024-04-11
Corte,2B096,2B,2020-02-17 17:47:00,72,8,782.42,2021-03-10,2024-04-11
Corte,2B096,2B,2020-02-17 17:47:00,115,8,782.42,2021-03-10,2024-04-11
Corte,2B096,2B,2020-04-08 18:26:00,200,8,782.42,2021-03-10,2024-04-11
Corte,2B096,2B,2020-08-21 14:25:00,1000,8,782.42,2021-03-10,2024-04-11
Corte,2B096,2B,2020-10-11 13:16:00,30000,8,782.42,2021-03-10,2024-04-11
Coudoux,13118,13,2020-08-03 18:51:00,117300,1,83.0,2022-03-30,2022-03-30
Coudoux,13118,13,2020-08-10 09:39:00,20,1,83.0,2022-03-30,2022-03-30
Couffy,41063,41,2020-08-20 21:56:00,200,2,165.6,2021-03-11,2023-06-12
Coulans-sur-Gée,72096,72,2020-06-07 19:38:00,8000,2,292.8,2021-06-01,2025-08-05
Coulans-sur-Gée,72096,72,2020-06-09 20:52:00,2000,2,292.8,2021-06-01,2025-08-05
Coulans-sur-Gée,72096,72,2020-07-30 14:43:00,10000,2,292.8,2021-06-01,2025-08-05
Coulans-sur-Gée,72096,72,2020-08-01 05:02:00,500,2,292.8,2021-06-01,2025-08-05
Coullons,45108,45,2020-07-09 08:38:00,2000,2,341.0,2025-04-30,2026-03-17
Courcelles-la-Forêt,72100,72,2020-07-16 09:03:00,35000,1,99.0,2022-06-09,2022-06-09
Courcelles-la-Forêt,72100,72,2020-07-24 20:23:00,200,1,99.0,2022-06-09,2022-06-09
Cournonterral,34088,34,2020-08-05 15:35:00,1660,1,99.0,2025-10-20,2025-10-20
Cournonterral,34088,34,2020-08-24 16:00:00,914,1,99.0,2025-10-20,2025-10-20
Cournonterral,34088,34,2020-09-03 17:24:00,2686,1,99.0,2025-10-20,2025-10-20
Courpignac,17129,17,2020-08-03 17:57:00,10000,1,50.05,2024-02-02,2024-02-02
Courtenay,38135,38,2020-08-26 11:56:00,500,4,5260.0,2025-07-01,2026-04-08
Courthézon,84039,84,2020-08-28 12:10:00,1000,6,1047.0,2022-01-10,2026-04-28
Creys-Mépieu,38139,38,2020-07-27 17:14:00,4500,4,10349.0,2022-07-26,2024-02-15
Crouzilles,37093,37,2020-06-02 17:01:00,5000,3,429.0,2022-03-14,2025-01-13
Cruscades,11111,11,2020-07-11 14:56:00,750,6,7783.0,2020-08-27,2025-11-27
Cubières,48053,48,2020-09-17 13:06:00,43,1,250.0,2025-09-25,2025-09-25
Cubjac-Auvézère-Val d'Ans,24147,24,2020-03-28 12:16:00,10000,13,2243.3,2021-04-07,2026-02-18
Cubjac-Auvézère-Val d'Ans,24147,24,2020-09-16 22:40:00,20000,13,2243.3,2021-04-07,2026-02-18
Cudot,89133,89,2020-08-08 18:10:00,10000,3,376.0,2024-10-07,2026-05-21
Curnier,26112,26,2020-03-31 15:56:00,10000,1,90.0,2023-06-21,2023-06-21
Cussac-Fort-Médoc,33146,33,2020-08-03 16:47:00,5000,1,80.0,2022-04-11,2022-04-11
Cussy-en-Morvan,71165,71,2020-09-14 14:08:00,10000,1,250.0,2023-10-25,2023-10-25
Cussy-les-Forges,89134,89,2020-04-23 15:22:00,500,2,484.0,2026-03-23,2026-03-23
Cussy-les-Forges,89134,89,2020-09-02 14:31:00,90000,2,484.0,2026-03-23,2026-03-23
Cuttoli-Corticchiato,2A103,2A,2020-04-11 15:49:00,1000,2,150.0,2024-10-09,2025-06-17
Cuttoli-Corticchiato,2A103,2A,2020-09-03 16:42:00,1118,2,150.0,2024-10-09,2025-06-17
Cébazan,34070,34,2020-06-18 17:44:00,73,1,286.0,2022-08-24,2022-08-24
Cérans-Foulletourte,72051,72,2020-02-16 15:28:00,1500,6,874.0,2020-06-24,2025-12-04
Céret,66049,66,2020-08-05 17:47:00,50000,6,884.0,2022-01-06,2025-12-30
Dammarie,28122,28,2020-07-21 16:36:00,480000,4,585.7,2021-01-07,2025-07-29
Dampleux,02259,02,2020-09-19 14:24:00,30000,1,250.0,2025-08-06,2025-08-06
Darcey,21226,21,2020-08-02 13:58:00,100,1,225.0,2025-10-22,2025-10-22
Dauendorf,67087,67,2020-07-03 23:14:00,150,1,250.0,2023-10-10,2023-10-10
Dauphin,04068,04,2020-07-23 17:09:00,2100,6,1259.0,2022-11-30,2025-08-28
Delle,90033,90,2020-03-15 19:36:00,10,3,297.0,2023-06-12,2025-12-12
Dierre,37096,37,2020-09-19 10:45:00,800,1,46.0,2025-10-02,2025-10-02
Digne-les-Bains,04070,04,2020-08-11 14:50:00,500,7,944.9,2022-10-19,2025-05-26
Digne-les-Bains,04070,04,2020-08-24 15:58:00,55900,7,944.9,2022-10-19,2025-05-26
Digne-les-Bains,04070,04,2020-08-26 17:02:00,34,7,944.9,2022-10-19,2025-05-26
Digne-les-Bains,04070,04,2020-08-26 17:58:00,27400,7,944.9,2022-10-19,2025-05-26
Digne-les-Bains,04070,04,2020-08-27 18:54:00,37,7,944.9,2022-10-19,2025-05-26
Digne-les-Bains,04070,04,2020-08-28 11:12:00,29,7,944.9,2022-10-19,2025-05-26
Digny,28130,28,2020-07-22 14:53:00,130000,7,980.6,2020-10-07,2025-10-23
Dixmont,89142,89,2020-04-15 14:33:00,20000,2,178.0,2023-10-04,2024-07-04
Dizimieu,38146,38,2020-08-20 12:16:00,60000,2,200.0,2020-12-15,2020-12-15
Dole,39198,39,2020-08-25 21:15:00,600,11,4573.0,2022-06-07,2026-03-05
Dollon,72118,72,2020-04-11 17:06:00,2000,4,817.0,2021-01-13,2026-05-04
Dolus-d'Oléron,17140,17,2020-07-30 18:32:00,800,3,402.0,2021-06-10,2025-05-05
Dolus-d'Oléron,17140,17,2020-07-31 17:33:00,10000,3,402.0,2021-06-10,2025-05-05
Dombrot-le-Sec,88140,88,2020-03-31 21:26:00,20,1,82.8,2021-09-10,2021-09-10
Dombrot-le-Sec,88140,88,2020-07-22 14:46:00,2000,1,82.8,2021-09-10,2021-09-10
Domène,38150,38,2020-07-20 15:56:00,100,4,650.0,2023-05-25,2026-05-04
Donzenac,19072,19,2020-05-22 10:17:00,1,11,1767.62,2020-11-10,2026-04-17
Douadic,36066,36,2020-08-07 12:10:00,5000,4,627.3,2020-11-04,2025-05-06
Douville,24155,24,2020-09-12 13:24:00,10000,3,410.0,2022-02-09,2026-05-13
Druyes-les-Belles-Fontaines,89148,89,2020-09-15 16:17:00,150,1,209.9,2024-07-24,2024-07-24
Ducos,97207,972,2020-02-11 15:33:00,250,40,3226.74,2020-09-15,2025-12-29
Ducos,97207,972,2020-04-03 11:45:00,800,40,3226.74,2020-09-15,2025-12-29
Ducos,97207,972,2020-05-17 14:06:00,2,40,3226.74,2020-09-15,2025-12-29
Eguisheim,68078,68,2020-05-10 21:18:00,2200,1,100.0,2024-08-20,2024-08-20
Embres-et-Castelmaure,11125,11,2020-01-08 17:11:00,700,1,99.0,2024-07-18,2024-07-18
Ensuès-la-Redonne,13033,13,2020-02-23 18:00:00,10,7,6084.0,2023-09-07,2025-12-03
Ensuès-la-Redonne,13033,13,2020-09-17 17:50:00,9800,7,6084.0,2023-09-07,2025-12-03
Ensuès-la-Redonne,13033,13,2020-09-19 19:43:00,53600,7,6084.0,2023-09-07,2025-12-03
Entraygues-sur-Truyère,12094,12,2020-08-08 18:00:00,10000,3,414.0,2020-10-02,2024-01-23
Entrevennes,04077,04,2020-08-16 17:51:00,15,3,310.0,2021-09-16,2025-05-19
Escaudes,33155,33,2020-09-11 11:51:00,10,1,220.0,2025-09-03,2025-09-03
Escource,40094,40,2020-08-06 18:57:00,13000,7,997.0,2020-09-25,2025-05-22
Escource,40094,40,2020-08-08 01:02:00,200,7,997.0,2020-09-25,2025-05-22
Espalion,12096,12,2020-04-10 21:00:00,30000,4,698.9,2024-07-09,2025-10-09
Esparron-de-Verdon,04081,04,2020-11-27 15:27:00,2500,1,333.0,2021-07-01,2021-07-01
Espelette,64213,64,2020-09-16 20:48:00,10,1,99.0,2025-10-30,2025-10-30
Espeyroux,46096,46,2020-03-25 19:25:00,200,3,275.6,2021-02-24,2025-12-23
Espira-de-l'Agly,66069,66,2020-03-13 00:05:00,50000,3,3263.0,2022-02-22,2025-09-22
Espira-de-l'Agly,66069,66,2020-07-07 18:25:00,5000,3,3263.0,2022-02-22,2025-09-22
Espira-de-l'Agly,66069,66,2020-07-18 22:48:00,5000,3,3263.0,2022-02-22,2025-09-22
Espédaillac,46094,46,2020-03-29 17:33:00,1500,1,98.0,2021-07-19,2021-07-19
Espéraza,11129,11,2020-06-28 16:07:00,3000,2,348.0,2020-09-08,2024-12-17
Espéraza,11129,11,2020-08-03 17:34:00,300,2,348.0,2020-09-08,2024-12-17
Espéraza,11129,11,2020-08-30 17:27:00,10,2,348.0,2020-09-08,2024-12-17
Espéraza,11129,11,2020-09-03 19:36:00,150,2,348.0,2020-09-08,2024-12-17
Espéraza,11129,11,2020-09-05 14:25:00,29,2,348.0,2020-09-08,2024-12-17
Essoyes,10141,10,2020-07-25 18:12:00,10000,2,282.8,2022-01-06,2025-03-20
Estoublon,04084,04,2020-01-09 14:59:00,10300,1,180.0,2026-01-20,2026-01-20
Estrablin,38157,38,2020-07-23 18:51:00,5000,4,561.0,2021-12-15,2026-03-31
Estrablin,38157,38,2020-08-01 18:35:00,400,4,561.0,2021-12-15,2026-03-31
Esvres,37104,37,2020-07-19 16:36:00,1000,5,892.9,2025-02-19,2026-05-29
Eygalières,13034,13,2020-07-17 14:47:00,3700,3,760.0,2022-07-12,2025-10-15
Eygalières,13034,13,2020-09-04 11:52:00,53,3,760.0,2022-07-12,2025-10-15
Eyguières,13035,13,2020-06-29 00:06:00,20,18,12612.4,2020-10-01,2026-03-09
Eyguières,13035,13,2020-08-28 18:35:00,30,18,12612.4,2020-10-01,2026-03-09
Eyjeaux,87063,87,2020-04-05 10:28:00,3000,6,888.83,2021-12-13,2025-02-26
Eymoutiers,87064,87,2020-08-11 21:40:00,140000,5,746.0,2020-09-16,2026-04-02
Eyraud-Crempse-Maurens,24259,24,2020-03-28 17:16:00,30000,2,360.0,2021-11-09,2025-05-19
Fabrègues,34095,34,2020-08-01 21:33:00,35,2,234.0,2021-03-03,2026-05-11
Fabrègues,34095,34,2020-09-04 15:21:00,3755,2,234.0,2021-03-03,2026-05-11
Faugères,07088,07,2020-05-31 10:04:00,100,1,82.8,2021-04-28,2021-04-28
Favalello,2B110,2B,2020-08-14 16:42:00,4900,1,99.18,2021-12-01,2021-12-01
Favalello,2B110,2B,2020-08-24 13:51:00,21290,1,99.18,2021-12-01,2021-12-01
Favalello,2B110,2B,2020-09-06 13:50:00,12250,1,99.18,2021-12-01,2021-12-01
Favalello,2B110,2B,2020-09-07 14:30:00,2000,1,99.18,2021-12-01,2021-12-01
Favalello,2B110,2B,2020-09-18 13:59:00,10100,1,99.18,2021-12-01,2021-12-01
Faverges-Seythenex,74123,74,2020-04-08 15:15:00,500,4,2350.0,2021-05-25,2026-04-27
Faÿ-lès-Nemours,77178,77,2020-09-15 17:22:00,200,1,220.0,2025-07-02,2025-07-02
Feliceto,2B112,2B,2020-08-03 23:15:00,194400,1,99.99,2024-10-02,2024-10-02
Feliceto,2B112,2B,2020-10-10 12:50:00,100,1,99.99,2024-10-02,2024-10-02
Feliceto,2B112,2B,2020-10-10 18:14:00,40000,1,99.99,2024-10-02,2024-10-02
Felon,90044,90,2020-10-18 18:34:00,50,2,459.2,2025-01-16,2025-02-24
Fercé-sur-Sarthe,72131,72,2020-05-27 16:02:00,4200,1,90.0,2025-06-05,2025-06-05
Ferrals-les-Corbières,11140,11,2020-11-22 16:07:00,6000,1,2500.0,2021-08-10,2021-08-10
Ferrière-sur-Beaulieu,37108,37,2020-09-14 14:04:00,100,3,589.0,2021-08-11,2025-11-17
Feugarolles,47097,47,2020-07-13 17:26:00,20,3,493.0,2020-09-10,2025-08-20
Figanières,83056,83,2020-03-08 13:18:00,1000,2,12687.5,2021-04-07,2024-01-22
Figari,2A114,2A,2020-02-05 00:30:00,5,9,894.71,2020-08-04,2025-12-16
Figari,2A114,2A,2020-02-11 12:38:00,90,9,894.71,2020-08-04,2025-12-16
Figari,2A114,2A,2020-02-13 09:12:00,50,9,894.71,2020-08-04,2025-12-16
Figari,2A114,2A,2020-02-13 09:48:00,5,9,894.71,2020-08-04,2025-12-16
Figari,2A114,2A,2020-02-13 10:26:00,50,9,894.71,2020-08-04,2025-12-16
Figari,2A114,2A,2020-07-05 08:04:00,50,9,894.71,2020-08-04,2025-12-16
Figari,2A114,2A,2020-07-17 16:54:00,30,9,894.71,2020-08-04,2025-12-16
Figeac,46102,46,2020-04-16 15:52:00,600,11,2720.17,2021-11-30,2025-05-20
Figeac,46102,46,2020-04-16 16:28:00,3000,11,2720.17,2021-11-30,2025-05-20
Fillière,74282,74,2020-04-08 16:31:00,500,2,565.0,2025-04-02,2025-08-20
Fitou,11144,11,2020-02-01 00:48:00,1,2,194.0,2025-03-28,2025-11-20
Fitou,11144,11,2020-06-22 13:08:00,2,2,194.0,2025-03-28,2025-11-20
Fitou,11144,11,2020-08-31 03:17:00,1749,2,194.0,2025-03-28,2025-11-20
Flavignac,87066,87,2020-07-07 18:54:00,500,3,407.0,2022-05-19,2026-03-17
Flavigny-sur-Ozerain,21271,21,2020-04-10 21:21:00,3000,2,340.0,2023-10-10,2026-03-10
Fleury,11145,11,2020-07-18 13:41:00,350,2,396.0,2021-07-12,2021-07-12
Fleury,11145,11,2020-07-18 16:35:00,2240,2,396.0,2021-07-12,2021-07-12
Fleury,11145,11,2020-07-26 14:34:00,10175,2,396.0,2021-07-12,2021-07-12
Fleury,11145,11,2020-08-21 15:41:00,1222,2,396.0,2021-07-12,2021-07-12
Fleury,11145,11,2020-08-22 14:51:00,1399,2,396.0,2021-07-12,2021-07-12
Fleury,11145,11,2020-12-24 20:28:00,500,2,396.0,2021-07-12,2021-07-12
Fontainebleau,77186,77,2020-03-23 13:25:00,15000,1,88.0,2025-08-01,2025-08-01
Fontainebleau,77186,77,2020-04-09 13:53:00,500,1,88.0,2025-08-01,2025-08-01
Fontainebleau,77186,77,2020-04-21 15:15:00,2000,1,88.0,2025-08-01,2025-08-01
Fontainebleau,77186,77,2020-05-24 14:37:00,8,1,88.0,2025-08-01,2025-08-01
Fontainebleau,77186,77,2020-06-01 17:59:00,1,1,88.0,2025-08-01,2025-08-01
Fontainebleau,77186,77,2020-06-02 15:43:00,1,1,88.0,2025-08-01,2025-08-01
Fontainebleau,77186,77,2020-06-11 15:13:00,1300,1,88.0,2025-08-01,2025-08-01
Fontainebleau,77186,77,2020-06-16 09:42:00,1,1,88.0,2025-08-01,2025-08-01
Fontainebleau,77186,77,2020-06-23 13:01:00,650,1,88.0,2025-08-01,2025-08-01
Fontainebleau,77186,77,2020-06-25 09:37:00,1,1,88.0,2025-08-01,2025-08-01
Fontainebleau,77186,77,2020-07-04 12:04:00,1,1,88.0,2025-08-01,2025-08-01
Fontainebleau,77186,77,2020-07-07 10:46:00,1,1,88.0,2025-08-01,2025-08-01
Fontainebleau,77186,77,2020-07-12 10:05:00,1,1,88.0,2025-08-01,2025-08-01
Fontainebleau,77186,77,2020-07-19 08:56:00,200,1,88.0,2025-08-01,2025-08-01
Fontainebleau,77186,77,2020-07-27 08:34:00,1500,1,88.0,2025-08-01,2025-08-01
Fontainebleau,77186,77,2020-07-27 09:25:00,1,1,88.0,2025-08-01,2025-08-01
Fontainebleau,77186,77,2020-07-27 09:49:00,1500,1,88.0,2025-08-01,2025-08-01
Fontainebleau,77186,77,2020-07-31 14:49:00,1800,1,88.0,2025-08-01,2025-08-01
Fontainebleau,77186,77,2020-07-31 20:28:00,1,1,88.0,2025-08-01,2025-08-01
Fontainebleau,77186,77,2020-08-01 17:42:00,3,1,88.0,2025-08-01,2025-08-01
Fontainebleau,77186,77,2020-08-05 16:32:00,6000,1,88.0,2025-08-01,2025-08-01
Fontainebleau,77186,77,2020-08-07 12:53:00,50000,1,88.0,2025-08-01,2025-08-01
Fontainebleau,77186,77,2020-08-08 16:42:00,5000,1,88.0,2025-08-01,2025-08-01
Fontainebleau,77186,77,2020-08-10 11:31:00,20,1,88.0,2025-08-01,2025-08-01
Fontainebleau,77186,77,2020-08-20 09:23:00,1,1,88.0,2025-08-01,2025-08-01
Fontainebleau,77186,77,2020-08-22 13:46:00,1,1,88.0,2025-08-01,2025-08-01
Fontainebleau,77186,77,2020-08-25 14:17:00,4,1,88.0,2025-08-01,2025-08-01
Fontainebleau,77186,77,2020-09-02 09:18:00,5,1,88.0,2025-08-01,2025-08-01
Fontainebleau,77186,77,2020-10-18 15:16:00,1,1,88.0,2025-08-01,2025-08-01
Fontainebleau,77186,77,2020-10-24 11:38:00,4,1,88.0,2025-08-01,2025-08-01
Fontcouverte,11148,11,2020-09-17 23:13:00,500,3,320.0,2022-08-10,2025-05-14
Fontjoncouse,11152,11,2020-06-29 15:47:00,10,1,110.0,2023-01-19,2023-01-19
Fontvannes,10156,10,2020-07-04 16:28:00,1000,3,287.8,2022-05-03,2026-03-18
Fontvieille,13038,13,2020-08-04 22:38:00,10000,4,1559.0,2022-02-17,2025-12-15
Fontès,34103,34,2020-02-26 16:42:00,1087,1,220.0,2025-07-29,2025-07-29
Fontès,34103,34,2020-07-24 00:07:00,621,1,220.0,2025-07-29,2025-07-29
Fontès,34103,34,2020-08-06 01:03:00,7792,1,220.0,2025-07-29,2025-07-29
Fontès,34103,34,2020-08-13 21:05:00,4155,1,220.0,2025-07-29,2025-07-29
Forbach,57227,57,2020-04-20 13:35:00,15000,6,18710.12,2020-09-03,2025-11-14
Forcalquier,04088,04,2020-07-23 15:34:00,390,7,888.0,2021-02-19,2026-01-21
Forcalquier,04088,04,2020-07-23 16:49:00,600,7,888.0,2021-02-19,2026-01-21
Fort-de-France,97209,972,2020-05-29 23:14:00,20,53,5231.8,2021-04-21,2026-02-06
Fort-de-France,97209,972,2020-06-08 17:49:00,100,53,5231.8,2021-04-21,2026-02-06
Fort-de-France,97209,972,2020-06-15 13:40:00,45,53,5231.8,2021-04-21,2026-02-06
Fort-de-France,97209,972,2020-06-26 13:03:00,1,53,5231.8,2021-04-21,2026-02-06
Fos-sur-Mer,13039,13,2020-06-29 16:51:00,300,14,44675.6,2021-03-23,2025-11-12
Fos-sur-Mer,13039,13,2020-07-25 22:29:00,10,14,44675.6,2021-03-23,2025-11-12
Fos-sur-Mer,13039,13,2020-09-01 22:38:00,100,14,44675.6,2021-03-23,2025-11-12
Fos-sur-Mer,13039,13,2020-09-07 17:12:00,7700,14,44675.6,2021-03-23,2025-11-12
Fos-sur-Mer,13039,13,2020-09-08 13:23:00,50,14,44675.6,2021-03-23,2025-11-12
Fos-sur-Mer,13039,13,2020-09-13 16:14:00,400,14,44675.6,2021-03-23,2025-11-12
Foulayronnes,47100,47,2020-07-23 04:19:00,10,4,505.0,2024-06-18,2026-02-19
Foulayronnes,47100,47,2020-08-04 17:41:00,30,4,505.0,2024-06-18,2026-02-19
Fouquières-lès-Lens,62351,62,2020-08-07 13:38:00,1000,1,50.0,2024-12-17,2024-12-17
Fox-Amphoux,83060,83,2020-09-05 12:00:00,300,1,248.0,2023-12-15,2023-12-15
Frain,88180,88,2020-10-01 21:59:00,5,2,470.0,2024-06-21,2024-09-11
Fresnes,41094,41,2020-08-23 14:45:00,500,3,1609.0,2024-12-17,2026-05-13
Froideconche,70258,70,2020-08-24 14:41:00,200,2,339.9,2021-04-20,2022-10-27
Frontignan,34108,34,2020-07-20 18:30:00,388,12,6419.2,2022-01-26,2026-03-05
Frontignan,34108,34,2020-08-06 15:55:00,43630,12,6419.2,2022-01-26,2026-03-05
Frouard,54215,54,2020-08-25 18:25:00,60000,3,1560.0,2022-10-10,2024-10-14
Fréjus,83061,83,2020-08-09 14:02:00,100,10,2750.0,2023-01-18,2026-03-20
Furiani,2B120,2B,2020-02-06 17:14:00,10000,15,1695.77,2021-03-24,2026-01-15
Furiani,2B120,2B,2020-09-11 12:13:00,50,15,1695.77,2021-03-24,2026-01-15
Fuveau,13040,13,2020-08-03 15:01:00,100,8,1566.0,2021-09-29,2025-12-11
Fyé,72139,72,2020-08-11 15:24:00,36000,3,524.0,2022-02-10,2026-03-16
Fère-en-Tardenois,02305,02,2020-07-27 16:27:00,100000,1,220.0,2025-04-16,2025-04-16
Félines,07089,07,2020-07-31 21:19:00,2000,6,1009.0,2022-01-05,2025-09-22
Félines,07089,07,2020-08-08 02:02:00,10000,6,1009.0,2022-01-05,2025-09-22
Galapian,47107,47,2020-07-29 07:41:00,50,3,275.0,2022-06-07,2025-11-20
Galgon,33179,33,2020-04-07 13:07:00,30,3,324.0,2021-02-24,2024-11-05
Gardanne,13041,13,2020-06-29 23:35:00,600,16,3880.45,2020-08-03,2026-05-19
Gardanne,13041,13,2020-07-13 01:59:00,6,16,3880.45,2020-08-03,2026-05-19
Gardanne,13041,13,2020-07-14 21:26:00,1000,16,3880.45,2020-08-03,2026-05-19
Gardanne,13041,13,2020-07-24 14:12:00,50,16,3880.45,2020-08-03,2026-05-19
Gardanne,13041,13,2020-08-31 18:13:00,20,14,3582.45,2020-09-09,2026-05-19
Gardanne,13041,13,2020-09-06 15:42:00,40,14,3582.45,2020-09-09,2026-05-19
Garein,40105,40,2020-09-16 15:42:00,10000,4,28996.0,2020-12-15,2022-12-09
Gaujacq,40109,40,2020-08-04 16:45:00,300,5,780.8,2022-04-13,2026-05-26
Gavarnie-Gèdre,65192,65,2020-02-16 14:56:00,20000,2,228.0,2025-01-21,2026-04-22
Gaël,35117,35,2020-08-09 15:54:00,11000,11,4683.4,2020-12-15,2025-12-19
Genillé,37111,37,2020-07-17 14:41:00,20000,4,740.0,2025-08-14,2025-10-01
Gevigney-et-Mercey,70267,70,2020-04-09 23:26:00,40,2,189.0,2022-03-16,2022-12-27
Gevrolles,21296,21,2020-07-29 18:10:00,10000,1,249.8,2026-05-05,2026-05-05
Ghisonaccia,2B123,2B,2020-06-09 18:33:00,2000,34,3611.71,2020-06-17,2025-12-23
Ghisonaccia,2B123,2B,2020-07-07 14:13:00,5000,33,3511.81,2020-08-01,2025-12-23
Ghisonaccia,2B123,2B,2020-10-03 11:48:00,25000,31,3015.81,2020-11-18,2025-12-23
Gignac-la-Nerthe,13043,13,2020-08-04 17:30:00,5600,3,380.0,2022-01-25,2024-12-11
Gignac-la-Nerthe,13043,13,2020-08-10 13:11:00,5600,3,380.0,2022-01-25,2024-12-11
Gigondas,84049,84,2020-08-01 19:04:00,5100,1,44.0,2023-03-10,2023-03-10
Gigouzac,46119,46,2020-08-09 16:59:00,50000,1,90.0,2021-06-08,2021-06-08
Gièvres,41097,41,2020-04-05 12:12:00,100,7,43044.0,2023-01-04,2026-05-05
Gièvres,41097,41,2020-08-04 07:51:00,500,7,43044.0,2023-01-04,2026-05-05
Gièvres,41097,41,2020-09-14 14:44:00,80000,7,43044.0,2023-01-04,2026-05-05
Golbey,88209,88,2020-05-16 23:13:00,1,3,4516.5,2022-09-01,2025-07-28
Golbey,88209,88,2020-08-26 11:38:00,1,3,4516.5,2022-09-01,2025-07-28
Gorses,46125,46,2020-04-15 15:58:00,30000,6,1233.0,2024-11-13,2025-12-04
Goult,84051,84,2020-08-05 23:04:00,200,4,444.0,2021-10-26,2026-02-05
Gourbera,40114,40,2020-06-04 12:25:00,4,1,99.0,2021-10-08,2021-10-08
Gourdon,46127,46,2020-08-04 17:14:00,250,12,1565.0,2021-11-17,2025-09-19
Gradignan,33192,33,2020-05-29 12:17:00,20,4,822.0,2024-07-17,2024-11-12
Grand-Couronne,76319,76,2020-03-30 17:45:00,10000,3,749.0,2025-03-28,2025-11-21
Grand-Couronne,76319,76,2020-06-16 16:34:00,25,3,749.0,2025-03-28,2025-11-21
Granges-Aumontzey,88218,88,2020-08-02 17:10:00,1,2,494.9,2024-01-11,2025-06-02
Grans,13044,13,2020-06-24 13:46:00,30,6,6098.0,2021-12-15,2025-06-25
Grans,13044,13,2020-08-04 12:52:00,1900,6,6098.0,2021-12-15,2025-06-25
Gray,70279,70,2020-04-17 16:14:00,50,5,393.07,2022-02-15,2026-02-26
Grayan-et-l'Hôpital,33193,33,2020-05-27 19:30:00,1500,1,230.0,2025-06-03,2025-06-03
Grignan,26146,26,2020-04-03 16:31:00,3000,8,1188.0,2023-04-06,2026-05-21
Grimaud,83068,83,2020-08-04 00:22:00,19000,6,730.0,2022-03-30,2026-02-12
Grisolles,82075,82,2020-09-11 17:13:00,10000,7,1043.0,2023-05-17,2026-04-14
Grisy-Suisnes,77217,77,2020-08-05 13:34:00,500,1,220.0,2024-06-03,2024-06-03
Grossœuvre,27301,27,2020-07-30 12:09:00,10000,1,80.0,2022-05-18,2022-05-18
Gruey-lès-Surance,88221,88,2020-08-20 20:42:00,50,1,245.0,2025-03-26,2025-03-26
Gruissan,11170,11,2020-02-28 23:22:00,100,3,2045.0,2022-03-24,2025-04-02
Gruissan,11170,11,2020-06-14 12:31:00,585,3,2045.0,2022-03-24,2025-04-02
Gruissan,11170,11,2020-06-21 16:54:00,200,3,2045.0,2022-03-24,2025-04-02
Gruissan,11170,11,2020-06-23 13:32:00,400,3,2045.0,2022-03-24,2025-04-02
Gruissan,11170,11,2020-07-04 23:49:00,71847,3,2045.0,2022-03-24,2025-04-02
Gruissan,11170,11,2020-07-09 22:39:00,50,3,2045.0,2022-03-24,2025-04-02
Gruissan,11170,11,2020-07-15 18:10:00,100,3,2045.0,2022-03-24,2025-04-02
Gruissan,11170,11,2020-08-01 11:18:00,5,3,2045.0,2022-03-24,2025-04-02
Gruissan,11170,11,2020-08-17 08:56:00,500,3,2045.0,2022-03-24,2025-04-02
Gruissan,11170,11,2020-11-04 18:15:00,8850,3,2045.0,2022-03-24,2025-04-02
Gréoux-les-Bains,04094,04,2020-08-06 17:17:00,74800,5,462.9,2023-03-09,2025-06-13
Gréoux-les-Bains,04094,04,2020-08-23 13:54:00,6000,5,462.9,2023-03-09,2025-06-13
Gréoux-les-Bains,04094,04,2020-08-25 23:45:00,41,5,462.9,2023-03-09,2025-06-13
Gréoux-les-Bains,04094,04,2020-08-26 19:59:00,1300,5,462.9,2023-03-09,2025-06-13
Guebwiller,68112,68,2020-07-20 16:30:00,12000,4,858.0,2022-01-24,2026-04-23
Guignen,35127,35,2020-08-07 14:40:00,10000,9,5416.9400000000005,2021-04-14,2025-06-10
Guignen,35127,35,2020-08-09 17:42:00,15000,9,5416.9400000000005,2021-04-14,2025-06-10
Gujan-Mestras,33199,33,2020-06-01 15:10:00,200,6,1195.87,2023-04-27,2026-04-08
Gujan-Mestras,33199,33,2020-06-01 16:16:00,1000,6,1195.87,2023-04-27,2026-04-08
Gujan-Mestras,33199,33,2020-09-12 14:33:00,3500,6,1195.87,2023-04-27,2026-04-08
Gujan-Mestras,33199,33,2020-09-18 11:07:00,1500,6,1195.87,2023-04-27,2026-04-08
Gémenos,13042,13,2020-06-29 13:33:00,200,13,1911.4,2022-04-11,2026-05-26
Générac,33184,33,2020-08-01 20:33:00,6000,1,150.0,2025-11-18,2025-11-18
Générac,30128,30,2020-08-04 20:06:00,30000,14,6194.0,2021-07-01,2025-09-11
Générargues,30129,30,2020-07-19 16:46:00,130605,1,109.55,2020-10-19,2020-10-19
Générargues,30129,30,2020-07-21 16:13:00,50,1,109.55,2020-10-19,2020-10-19
Générargues,30129,30,2020-07-22 03:05:00,10,1,109.55,2020-10-19,2020-10-19
Générargues,30129,30,2020-07-22 03:05:00,300,1,109.55,2020-10-19,2020-10-19
Hadol,88225,88,2020-08-12 12:40:00,100,5,919.0,2024-01-18,2025-06-19
Haguenau,67180,67,2020-04-19 15:09:00,10000,19,5094.92,2022-01-01,2026-04-13
Haguenau,67180,67,2020-07-04 13:53:00,25000,19,5094.92,2022-01-01,2026-04-13
Haillainville,88228,88,2020-08-01 17:04:00,10,1,250.0,2025-03-19,2025-03-19
Harcourt,27311,27,2020-07-09 17:20:00,40000,1,120.0,2026-02-11,2026-02-11
Harol,88233,88,2020-10-04 00:41:00,100,5,1094.0,2023-07-12,2025-07-28
Hasparren,64256,64,2020-06-01 22:29:00,20,7,1034.5,2022-10-03,2025-12-03
Herm,40123,40,2020-06-28 16:16:00,1200,3,459.0,2021-10-08,2025-08-19
Herm,40123,40,2020-07-11 18:47:00,400,3,459.0,2021-10-08,2025-08-19
Hières-sur-Amby,38190,38,2020-08-24 17:23:00,100,4,681.6,2021-10-13,2025-02-10
Hières-sur-Amby,38190,38,2020-09-09 17:32:00,800,4,681.6,2021-10-13,2025-02-10
Hières-sur-Amby,38190,38,2020-09-12 15:08:00,6000,4,681.6,2021-10-13,2025-02-10
Hostens,33202,33,2020-08-12 16:06:00,3200,1,200.0,2024-05-15,2024-05-15
Hostens,33202,33,2020-09-07 15:12:00,214300,1,200.0,2024-05-15,2024-05-15
Hostens,33202,33,2020-09-09 14:30:00,362600,1,200.0,2024-05-15,2024-05-15
Hostens,33202,33,2020-09-10 23:42:00,2000,1,200.0,2024-05-15,2024-05-15
Hostens,33202,33,2020-09-18 05:19:00,50000,1,200.0,2024-05-15,2024-05-15
Hyères,83069,83,2020-07-28 14:31:00,15200,19,3063.0,2021-02-24,2025-10-23
Iffendic,35133,35,2020-07-29 15:47:00,5000,15,1937.78,2020-11-25,2026-04-27
Iffendic,35133,35,2020-08-03 03:00:00,10000,15,1937.78,2020-11-25,2026-04-27
Ifs,14341,14,2020-07-21 21:09:00,20,7,881.4,2023-11-08,2026-02-19
Igney,88247,88,2020-08-05 19:45:00,1,1,66.1,2023-05-22,2023-05-22
Illats,33205,33,2020-08-01 23:58:00,500,1,250.0,2024-03-20,2024-03-20
Illkirch-Graffenstaden,67218,67,2020-05-08 12:04:00,200,5,639.16,2023-07-07,2026-10-04
Istres,13047,13,2020-07-16 16:01:00,12,14,68024.0,2020-10-16,2026-05-12
Istres,13047,13,2020-08-02 18:37:00,10,14,68024.0,2020-10-16,2026-05-12
Istres,13047,13,2020-08-12 13:36:00,10,14,68024.0,2020-10-16,2026-05-12
Istres,13047,13,2020-08-23 15:29:00,2000,14,68024.0,2020-10-16,2026-05-12
Istres,13047,13,2020-08-24 14:10:00,3196900,14,68024.0,2020-10-16,2026-05-12
Izeaux,38194,38,2020-04-18 18:37:00,500,4,653.0,2024-05-27,2026-03-24
Izeaux,38194,38,2020-08-11 17:37:00,2000,4,653.0,2024-05-27,2026-03-24
Jabreilles-les-Bordes,87076,87,2020-03-31 14:17:00,20000,1,250.0,2025-08-04,2025-08-04
Jard-sur-Mer,85114,85,2020-02-19 18:30:00,12,3,412.99,2022-06-24,2026-01-08
Jeuxey,88253,88,2020-03-30 16:08:00,1,5,813.0,2022-10-13,2025-11-18
Jeuxey,88253,88,2020-05-07 18:30:00,5,5,813.0,2022-10-13,2025-11-18
Job,63179,63,2020-08-06 14:50:00,1809,4,613.0,2021-02-08,2026-04-23
Joncels,34121,34,2020-06-19 18:39:00,236,1,88.2,2020-07-30,2020-07-30
Jouques,13048,13,2020-03-29 16:26:00,5000,1,80.0,2023-08-02,2023-08-02
Jouques,13048,13,2020-06-28 02:32:00,50,1,80.0,2023-08-02,2023-08-02
Jouques,13048,13,2020-07-05 01:11:00,20,1,80.0,2023-08-02,2023-08-02
Jouques,13048,13,2020-08-04 02:41:00,50,1,80.0,2023-08-02,2023-08-02
Jourgnac,87081,87,2020-07-29 14:51:00,40000,1,250.0,2025-10-14,2025-10-14
Jouy,89209,89,2020-07-30 13:18:00,40,2,360.0,2025-05-06,2025-07-31
Joué-lès-Tours,37122,37,2020-06-21 18:22:00,10,14,1951.9,2021-07-20,2026-05-05
Juillac,19094,19,2020-04-04 16:24:00,1000,4,755.6,2021-05-11,2025-01-27
Jussarupt,88256,88,2020-01-08 18:51:00,5,3,419.6,2021-09-09,2023-06-14
Kaltenhouse,67230,67,2020-08-10 14:57:00,100,1,283.02,2026-12-02,2026-12-02
L'Île-d'Yeu,85113,85,2020-07-23 00:07:00,200,2,270.0,2021-02-17,2022-09-16
La Baume-de-Transit,26033,26,2020-06-26 12:08:00,10400,2,190.0,2021-04-29,2021-09-16
La Bresse,88075,88,2020-07-21 17:08:00,1,1,80.0,2024-09-01,2024-09-01
La Bâtie-Neuve,05017,05,2020-02-25 19:43:00,400,4,676.9,2020-12-21,2025-08-21
La Cadière-d'Azur,83027,83,2020-04-13 15:43:00,100,1,100.0,2025-12-30,2025-12-30
La Cadière-d'Azur,83027,83,2020-08-08 09:26:00,500,1,100.0,2025-12-30,2025-12-30
La Caillère-Saint-Hilaire,85040,85,2020-04-10 18:25:00,300,2,339.0,2024-10-24,2026-02-19
La Cavalerie,12063,12,2020-12-13 14:59:00,100000,11,12718.8,2021-10-27,2026-05-29
La Celle-en-Morvan,71509,71,2020-08-04 16:12:00,600,1,91.0,2022-01-31,2022-01-31
La Chapelle-Moutils,77093,77,2020-08-11 15:04:00,5000,1,99.0,2026-01-06,2026-01-06
La Chapelle-d'Aligné,72061,72,2020-07-10 18:39:00,5,3,297.0,2022-04-27,2025-02-10
La Chapelle-de-Surieu,38077,38,2020-08-16 12:14:00,2000,3,409.0,2022-08-31,2024-06-26
La Chapelle-de-la-Tour,38076,38,2020-07-30 10:18:00,100,3,599.8,2024-09-05,2025-08-25
La Ciotat,13028,13,2020-08-04 16:18:00,3600,12,2090.0,2023-02-02,2025-07-25
La Clusaz,74080,74,2020-07-26 16:59:00,40,1,70.0,2025-01-21,2025-01-21
La Crau,83047,83,2020-09-27 15:44:00,10,6,1874.9,2021-01-25,2025-07-08
La Fare-les-Oliviers,13037,13,2020-04-02 02:09:00,1000,6,4024.0,2021-10-09,2025-09-29
La Fare-les-Oliviers,13037,13,2020-10-02 14:12:00,100,6,4024.0,2021-10-09,2025-09-29
La Faurie,05055,05,2020-08-10 15:50:00,628500,3,288.0,2020-08-24,2022-06-24
La Faurie,05055,05,2020-08-28 17:09:00,150,2,198.0,2022-05-23,2022-06-24
La Ferrière,85089,85,2020-07-23 11:44:00,30,12,2292.0,2021-05-28,2025-12-17
La Geneytouse,87070,87,2020-03-31 13:57:00,40000,4,810.0,2022-12-08,2025-12-17
La Geneytouse,87070,87,2020-04-15 12:00:00,1000,4,810.0,2022-12-08,2025-12-17
La Haie-Traversaine,53111,53,2020-04-16 13:59:00,800,4,890.0,2025-01-21,2025-06-26
La Londe-les-Maures,83071,83,2020-09-12 16:22:00,100,6,525.0,2023-02-14,2026-03-25
La Motte-du-Caire,04134,04,2020-08-16 19:06:00,130,2,344.0,2023-09-29,2025-07-29
La Penne,06093,06,2020-02-05 13:33:00,35000,1,99.0,2023-12-22,2023-12-22
La Possession,97408,974,2020-10-31 14:51:00,108106,13,1966.07,2020-11-12,2024-10-01
La Redorte,11190,11,2020-09-06 05:51:00,1543,4,707.0,2024-11-05,2026-01-22
La Redorte,11190,11,2020-11-13 23:45:00,500,4,707.0,2024-11-05,2026-01-22
La Roche-en-Brenil,21525,21,2020-07-07 14:15:00,30000,5,1089.0,2020-07-23,2026-03-05
La Roque-d'Anthéron,13084,13,2020-07-07 15:00:00,500,4,879.0,2023-06-13,2025-01-20
La Roque-d'Anthéron,13084,13,2020-08-06 16:14:00,2000,4,879.0,2023-06-13,2025-01-20
La Salvetat-Peyralès,12258,12,2020-04-06 16:59:00,20000,15,2686.0,2020-11-09,2026-02-10
La Salvetat-sur-Agout,34293,34,2020-04-05 13:17:00,2736,1,220.0,2023-10-25,2023-10-25
La Suze-sur-Sarthe,72346,72,2020-05-26 15:25:00,600,3,533.0,2022-02-11,2026-04-09
La Suze-sur-Sarthe,72346,72,2020-06-02 03:54:00,800,3,533.0,2022-02-11,2026-04-09
La Suze-sur-Sarthe,72346,72,2020-06-03 10:48:00,2000,3,533.0,2022-02-11,2026-04-09
La Suze-sur-Sarthe,72346,72,2020-06-06 19:49:00,300,3,533.0,2022-02-11,2026-04-09
La Suze-sur-Sarthe,72346,72,2020-06-07 16:30:00,2000,3,533.0,2022-02-11,2026-04-09
La Suze-sur-Sarthe,72346,72,2020-08-10 20:55:00,400,3,533.0,2022-02-11,2026-04-09
La Suze-sur-Sarthe,72346,72,2020-08-15 15:57:00,400,3,533.0,2022-02-11,2026-04-09
La Tagnière,71531,71,2020-07-27 17:39:00,10000,5,749.7,2020-09-15,2025-04-25
La Teste-de-Buch,33529,33,2020-07-26 16:24:00,500,7,1111.5,2023-10-31,2026-01-21
La Teste-de-Buch,33529,33,2020-08-02 05:06:00,1000,7,1111.5,2023-10-31,2026-01-21
La Trimouille,86273,86,2020-09-17 16:31:00,95000,6,1204.76,2023-03-21,2026-03-17
La Trinité,06149,06,2020-07-06 22:22:00,400,2,210.0,2021-05-25,2021-08-16
La Trinité,97230,972,2020-11-05 10:26:00,40000,17,929.1800000000001,2021-02-03,2025-06-04
La Verdière,83146,83,2020-02-07 16:44:00,3000,2,1594.0,2020-09-23,2025-03-03
La Ville-aux-Clercs,41275,41,2020-04-16 12:15:00,20,2,171.8,2023-01-16,2023-12-18
La Ville-aux-Clercs,41275,41,2020-06-26 15:52:00,40,2,171.8,2023-01-16,2023-12-18
La Vôge-les-Bains,88029,88,2020-09-30 07:35:00,50,1,80.0,2021-05-19,2021-05-19
Labastide-Rouairoux,81115,81,2020-09-15 16:21:00,20000,4,1215.0,2021-03-02,2025-03-24
Labathude,46139,46,2020-04-15 10:26:00,2000,3,271.0,2020-08-04,2022-06-21
Labatie-d'Andaure,07114,07,2020-08-16 14:27:00,3000,2,310.0,2021-05-27,2025-08-25
Labouheyre,40134,40,2020-02-24 17:21:00,300,4,12125.0,2022-01-06,2025-12-04
Labouheyre,40134,40,2020-08-12 16:00:00,13000,4,12125.0,2022-01-06,2025-12-04
Lacanau,33214,33,2020-09-03 18:02:00,50,2,395.0,2025-09-04,2025-09-04
Lacanau,33214,33,2020-09-06 17:59:00,10,2,395.0,2025-09-04,2025-09-04
Lacapelle-Pinet,81122,81,2020-04-09 17:25:00,8000,1,240.0,2025-03-24,2025-03-24
Lacapelle-Viescamp,15088,15,2020-04-05 15:55:00,5000,2,198.9,2022-05-17,2023-03-20
Lafage-sur-Sombre,19097,19,2020-04-09 18:13:00,10000,2,275.0,2021-07-12,2025-11-06
Lafitte-sur-Lot,47127,47,2020-02-12 15:26:00,10,7,6687.0,2021-11-17,2025-07-24
Lagamas,34125,34,2020-04-07 19:45:00,7092,1,110.0,2023-11-06,2023-11-06
Lagorce,33218,33,2020-08-07 14:20:00,55000,2,481.0,2025-10-10,2025-11-24
Lagraulet-du-Gers,32180,32,2020-09-14 21:26:00,80000,4,373.8,2023-05-23,2026-05-27
Lajo,48079,48,2020-07-22 16:12:00,20,1,250.0,2024-10-16,2024-10-16
Lalbenque,46148,46,2020-04-05 13:12:00,30000,11,2216.0,2020-11-20,2026-05-20
Lamagistère,82089,82,2020-09-14 15:29:00,20000,2,160.0,2024-11-20,2025-06-11
Lamarche,88258,88,2020-07-28 15:27:00,20,5,973.94,2022-06-21,2025-12-02
Lamazière-Basse,19102,19,2020-04-04 16:11:00,50000,2,332.0,2020-08-17,2025-09-02
Lambesc,13050,13,2020-05-29 04:17:00,200,10,1514.9,2022-04-19,2026-01-08
Lamothe-Capdeville,82090,82,2020-03-20 15:39:00,500,3,604.0,2021-06-30,2023-12-15
Lanarce,07130,07,2020-04-09 12:33:00,10000,1,110.0,2025-06-26,2025-06-26
Langon-sur-Cher,41110,41,2020-08-09 13:34:00,2000,1,82.8,2022-09-05,2022-09-05
Lansac,66092,66,2020-08-03 17:05:00,20000,1,3750.0,2022-11-22,2022-11-22
Lanton,33229,33,2020-02-05 16:53:00,3000,1,250.0,2025-02-14,2025-02-14
Lanzac,46153,46,2020-09-16 16:16:00,1500,2,399.0,2025-02-18,2026-01-06
Lançon-Provence,13051,13,2020-06-29 18:12:00,3000,10,1593.0,2021-12-22,2026-04-23
Lançon-Provence,13051,13,2020-08-13 08:53:00,10,10,1593.0,2021-12-22,2026-04-23
Lançon-Provence,13051,13,2020-08-31 10:28:00,200,10,1593.0,2021-12-22,2026-04-23
Lapouyade,33230,33,2020-09-17 16:06:00,1110000,1,99.0,2023-01-04,2023-01-04
Larians-et-Munans,70296,70,2020-08-19 15:38:00,6000,1,246.6,2024-04-22,2024-04-22
Laroquebrou,15094,15,2020-05-29 13:36:00,50,1,249.6,2022-01-27,2022-01-27
Laruscade,33233,33,2020-07-08 22:15:00,500,2,168.0,2024-07-04,2024-12-26
Laruscade,33233,33,2020-09-17 17:06:00,60000,2,168.0,2024-07-04,2024-12-26
Lasalle,30140,30,2020-08-14 13:44:00,278,4,350.05,2021-04-08,2022-10-05
Lasbordes,11192,11,2020-08-30 09:33:00,5,4,578.0,2024-12-10,2025-09-16
Latour-de-Carol,66095,66,2020-01-19 23:26:00,500,4,690.0,2023-04-18,2026-02-12
Laurac-en-Vivarais,07134,07,2020-07-03 12:43:00,10000,1,133.3,2025-08-27,2025-08-27
Laure-Minervois,11198,11,2020-05-21 11:41:00,5762,3,336.0,2020-12-10,2025-09-03
Laure-Minervois,11198,11,2020-06-10 15:26:00,60,3,336.0,2020-12-10,2025-09-03
Laure-Minervois,11198,11,2020-07-12 00:01:00,1326,3,336.0,2020-12-10,2025-09-03
Laure-Minervois,11198,11,2020-08-05 16:52:00,350,3,336.0,2020-12-10,2025-09-03
Lauzun,47142,47,2020-08-19 18:45:00,300,5,849.0,2022-01-31,2025-08-26
Laveline-devant-Bruyères,88262,88,2020-09-09 14:41:00,80,2,355.0,2024-07-08,2025-09-17
Lavernat,72160,72,2020-09-17 23:24:00,7500,1,250.0,2025-08-11,2025-08-11
Lavérune,34134,34,2020-10-17 16:12:00,13478,1,106.0,2023-10-18,2023-10-18
Layrac,47145,47,2020-03-24 12:51:00,10,10,1895.0,2023-12-05,2026-04-13
Laàs,64287,64,2020-07-28 15:38:00,100,1,88.0,2021-12-16,2021-12-16
Le Barcarès,66017,66,2020-07-04 13:25:00,100000,1,66.0,2024-01-16,2024-01-16
Le Barp,33029,33,2020-03-01 15:24:00,125500,13,7136.0,2020-06-16,2026-01-21
Le Barp,33029,33,2020-08-05 18:07:00,20000,11,6940.0,2021-02-01,2026-01-21
Le Barp,33029,33,2020-08-06 06:04:00,3000,11,6940.0,2021-02-01,2026-01-21
Le Barp,33029,33,2020-09-16 14:13:00,212400,11,6940.0,2021-02-01,2026-01-21
Le Barp,33029,33,2020-09-19 10:25:00,1,11,6940.0,2021-02-01,2026-01-21
Le Boullay-les-Deux-Églises,28053,28,2020-06-23 13:25:00,20000,2,343.0,2026-03-27,2026-03-27
Le Boulou,66024,66,2020-02-29 18:59:00,5000,8,1157.7,2020-12-02,2026-05-27
Le Boulou,66024,66,2020-07-21 14:08:00,5000,8,1157.7,2020-12-02,2026-05-27
Le Boulou,66024,66,2020-07-29 14:42:00,10000,8,1157.7,2020-12-02,2026-05-27
Le Boulou,66024,66,2020-08-24 15:34:00,10000,8,1157.7,2020-12-02,2026-05-27
Le Bourg-d'Hem,23029,23,2020-07-30 15:52:00,15000,6,815.6,2022-05-10,2026-05-13
Le Bourg-d'Hem,23029,23,2020-08-07 15:52:00,10000,6,815.6,2022-05-10,2026-05-13
Le Breil-sur-Mérize,72046,72,2020-04-15 21:15:00,10,3,291.8,2021-11-08,2023-11-21
Le Cabanial,31097,31,2020-08-03 16:29:00,5000,1,80.0,2021-03-15,2021-03-15
Le Cannet,06030,06,2020-08-18 12:55:00,400,3,262.36,2023-09-19,2025-06-23
Le Cannet-des-Maures,83031,83,2020-02-24 09:00:00,100,4,435.0,2024-03-26,2026-03-02
Le Cannet-des-Maures,83031,83,2020-08-22 22:22:00,1500,4,435.0,2024-03-26,2026-03-02
Le Controis-en-Sologne,41059,41,2020-03-04 19:59:00,20,13,2088.7,2020-03-31,2026-01-22
Le Controis-en-Sologne,41059,41,2020-03-15 15:45:00,10,13,2088.7,2020-03-31,2026-01-22
Le Controis-en-Sologne,41059,41,2020-06-04 16:01:00,5,12,1999.7,2022-03-04,2026-01-22
Le Controis-en-Sologne,41059,41,2020-09-14 14:55:00,20000,12,1999.7,2022-03-04,2026-01-22
Le Diamant,97206,972,2020-02-15 12:19:00,10000,2,199.52,2025-07-31,2025-08-01
Le Diamant,97206,972,2020-09-25 16:20:00,4,2,199.52,2025-07-31,2025-08-01
Le François,97210,972,2020-06-01 10:52:00,100,19,1234.3,2021-01-15,2025-10-24
Le Gué-de-Velluire,85105,85,2020-05-09 20:59:00,1,3,429.0,2022-04-11,2024-08-28
Le Haillan,33200,33,2020-07-15 06:00:00,600,8,1227.28,2023-09-26,2026-04-09
Le Haillan,33200,33,2020-08-05 15:56:00,5000,8,1227.28,2023-09-26,2026-04-09
Le Havre,76351,76,2020-05-30 17:09:00,300,8,2043.0,2024-12-06,2026-03-10
Le Lamentin,97213,972,2020-05-18 17:25:00,10,45,4519.79,2020-07-15,2025-07-08
Le Lorrain,97214,972,2020-06-02 13:11:00,10,12,674.61,2021-02-05,2026-02-26
Le Lorrain,97214,972,2020-07-10 14:28:00,10,12,674.61,2021-02-05,2026-02-26
Le Luc,83073,83,2020-02-26 12:30:00,100,7,3058.0,2020-09-21,2026-02-18
Le Luc,83073,83,2020-04-15 18:13:00,20,7,3058.0,2020-09-21,2026-02-18
Le Lude,72176,72,2020-08-11 16:03:00,200,3,600.0,2025-12-01,2026-05-26
Le Malzieu-Forain,48089,48,2020-08-10 15:36:00,4600,3,559.0,2021-09-29,2024-08-02
Le Mans,72181,72,2020-06-29 16:17:00,200,44,20917.96,2020-11-16,2026-05-13
Le Mans,72181,72,2020-07-11 09:49:00,300,44,20917.96,2020-11-16,2026-05-13
Le Mans,72181,72,2020-09-05 18:00:00,100,44,20917.96,2020-11-16,2026-05-13
Le Mans,72181,72,2020-09-10 15:34:00,200,44,20917.96,2020-11-16,2026-05-13
Le Mans,72181,72,2020-09-13 14:51:00,200,44,20917.96,2020-11-16,2026-05-13
Le Mans,72181,72,2020-09-28 14:23:00,2000,44,20917.96,2020-11-16,2026-05-13
Le Marin,97217,972,2020-06-15 13:31:00,500,8,662.48,2021-06-02,2024-03-14
Le Monestier-du-Percy,38243,38,2020-07-19 19:23:00,600,1,90.0,2025-07-23,2025-07-23
Le Morne-Rouge,97218,972,2020-05-08 03:48:00,200,10,556.94,2020-05-29,2025-07-22
Le Pompidou,48115,48,2020-02-23 12:22:00,260,1,98.0,2024-05-21,2024-05-21
Le Pompidou,48115,48,2020-02-24 15:23:00,17700,1,98.0,2024-05-21,2024-05-21
Le Pont-de-Beauvoisin,38315,38,2020-09-03 14:24:00,200,6,1056.58,2020-12-24,2026-03-12
Le Pouget,34210,34,2020-08-07 14:53:00,145,2,420.0,2024-08-20,2024-08-20
Le Puy-Sainte-Réparade,13080,13,2020-06-25 12:39:00,150,3,562.0,2022-11-18,2025-09-23
Le Robert,97222,972,2020-03-31 21:23:00,100,35,2645.95,2020-10-27,2025-12-26
Le Rove,13088,13,2020-06-29 15:04:00,20,3,570.0,2023-08-10,2025-03-04
Le Rove,13088,13,2020-08-02 06:14:00,10,3,570.0,2023-08-10,2025-03-04
Le Rove,13088,13,2020-09-17 15:39:00,1000,3,570.0,2023-08-10,2025-03-04
Le Tampon,97422,974,2020-09-27 13:41:00,4742,8,764.11,2021-03-02,2024-12-17
Le Tampon,97422,974,2020-10-15 11:32:00,4406,8,764.11,2021-03-02,2024-12-17
Le Teich,33527,33,2020-09-16 12:36:00,3000,3,429.4,2022-08-24,2025-04-28
Le Thillot,88468,88,2020-08-12 21:23:00,50,1,160.0,2025-06-06,2025-06-06
Le Thoronet,83136,83,2020-02-19 18:34:00,100,1,100.0,2022-11-28,2022-11-28
Le Vauclin,97232,972,2020-04-09 19:17:00,5,2,138.78,2021-05-27,2022-09-30
Le Vauclin,97232,972,2020-06-12 16:40:00,800,2,138.78,2021-05-27,2022-09-30
Le Vigean,15261,15,2020-04-11 15:27:00,1000,5,845.0,2023-11-10,2025-02-06
Lecci,2A139,2A,2020-06-22 14:03:00,3000,3,299.84000000000003,2022-03-29,2024-04-17
Lecci,2A139,2A,2020-08-15 16:31:00,1,3,299.84000000000003,2022-03-29,2024-04-17
Lecci,2A139,2A,2020-11-05 08:04:00,30,3,299.84000000000003,2022-03-29,2024-04-17
Lecci,2A139,2A,2020-11-26 17:08:00,600,3,299.84000000000003,2022-03-29,2024-04-17
Lectoure,32208,32,2020-08-07 14:35:00,10000,32,4366.97,2020-10-01,2026-05-11
Lemps,07140,07,2020-10-20 20:14:00,5000,2,215.0,2025-07-22,2025-08-11
Lendou-en-Quercy,46262,46,2020-03-28 18:39:00,5000,7,1118.6,2021-03-30,2026-01-13
Les Anses-d'Arlet,97202,972,2020-05-26 11:06:00,40,1,51.48,2021-07-20,2021-07-20
Les Arcs,83004,83,2020-08-13 16:02:00,14000,12,2887.0,2022-03-11,2026-05-18
Les Bordes,89051,89,2020-07-28 14:10:00,6000,1,208.0,2025-09-04,2025-09-04
Les Bordes,89051,89,2020-08-06 00:00:00,1000,1,208.0,2025-09-04,2025-09-04
Les Cabannes,81045,81,2020-08-20 15:29:00,20000,1,200.0,2026-01-12,2026-01-12
Les Clérimois,89111,89,2020-06-20 00:00:00,1500,1,3655.0,2026-01-29,2026-01-29
Les Deux Alpes,38253,38,2020-08-27 15:26:00,100,2,138.0,2024-01-09,2024-03-27
Les Lèches,24234,24,2020-09-05 21:42:00,20000,8,4914.0,2021-09-17,2026-01-09
Les Mées,04116,04,2020-08-19 16:28:00,21600,17,19262.0,2021-01-18,2025-07-15
Les Pennes-Mirabeau,13071,13,2020-06-17 19:50:00,500,8,1870.0,2021-06-30,2026-05-22
Les Pennes-Mirabeau,13071,13,2020-06-26 16:39:00,20,8,1870.0,2021-06-30,2026-05-22
Les Pennes-Mirabeau,13071,13,2020-07-04 17:33:00,2000,8,1870.0,2021-06-30,2026-05-22
Les Pennes-Mirabeau,13071,13,2020-07-13 21:47:00,2,8,1870.0,2021-06-30,2026-05-22
Les Pennes-Mirabeau,13071,13,2020-07-25 19:04:00,100,8,1870.0,2021-06-30,2026-05-22
Les Pennes-Mirabeau,13071,13,2020-07-29 11:16:00,800,8,1870.0,2021-06-30,2026-05-22
Les Pennes-Mirabeau,13071,13,2020-08-04 01:51:00,10,8,1870.0,2021-06-30,2026-05-22
Les Pennes-Mirabeau,13071,13,2020-08-25 21:48:00,500,8,1870.0,2021-06-30,2026-05-22
Les Pennes-Mirabeau,13071,13,2020-09-09 12:29:00,5,8,1870.0,2021-06-30,2026-05-22
Les Portes du Coglais,35191,35,2020-08-06 17:41:00,1500,7,1043.0,2022-05-12,2026-01-15
Les Riceys,10317,10,2020-07-05 21:32:00,5000,2,175.0,2023-10-16,2025-12-15
Les Sables-d'Olonne,85194,85,2020-07-07 21:03:00,100,22,2941.0,2020-12-02,2026-05-13
Les Salles-du-Gardon,30307,30,2020-08-13 03:45:00,50,2,470.0,2026-04-15,2026-04-23
Les Trois-Bassins,97423,974,2020-09-20 17:17:00,1293,2,199.2,2021-11-04,2024-07-30
Les Trois-Bassins,97423,974,2020-09-21 12:58:00,9460,2,199.2,2021-11-04,2024-07-30
Les Trois-Bassins,97423,974,2020-10-19 19:09:00,15266,2,199.2,2021-11-04,2024-07-30
Les Trois-Bassins,97423,974,2020-10-28 19:24:00,19144,2,199.2,2021-11-04,2024-07-30
Les Ulis,91692,91,2020-06-23 19:05:00,2000,3,271.0,2024-03-11,2025-09-03
Les Éparres,38156,38,2020-08-01 13:13:00,500,2,105.0,2023-09-26,2026-01-07
Lesparre-Médoc,33240,33,2020-03-25 19:10:00,300,3,571.0,2021-05-06,2025-09-10
Lesparre-Médoc,33240,33,2020-09-14 16:08:00,200,3,571.0,2021-05-06,2025-09-10
Lesperon,40152,40,2020-06-23 18:39:00,100,7,30331.8,2021-04-16,2026-02-25
Lesperon,40152,40,2020-07-18 16:20:00,800,7,30331.8,2021-04-16,2026-02-25
Lesperon,40152,40,2020-08-23 13:29:00,2500,7,30331.8,2021-04-16,2026-02-25
Lespignan,34135,34,2020-10-30 15:01:00,7279,3,389.0,2023-07-18,2025-10-08
Lespignan,34135,34,2020-12-09 15:22:00,43819,3,389.0,2023-07-18,2025-10-08
Leucate,11202,11,2020-12-06 09:38:00,2,2,972.0,2023-08-25,2025-11-14
Levie,2A142,2A,2020-01-16 17:44:00,50,1,99.82,2022-04-07,2022-04-07
Levie,2A142,2A,2020-11-21 16:14:00,200,1,99.82,2022-04-07,2022-04-07
Liffol-le-Grand,88270,88,2020-07-22 17:31:00,5,7,4789.3,2021-03-02,2025-11-18
Liffré,35152,35,2020-09-15 13:31:00,250,12,1684.0,2020-12-14,2026-04-14
Lignières-Orgères,53133,53,2020-08-02 15:17:00,2000,1,249.8,2025-08-19,2025-08-19
Limons,63196,63,2020-08-09 12:29:00,46800,8,972.2,2022-10-11,2026-01-30
Limoux,11206,11,2020-09-07 13:55:00,9126,8,3191.0,2024-01-17,2026-04-21
Linguizzetta,2B143,2B,2020-06-30 12:58:00,15000,10,2487.64,2021-02-11,2024-05-28
Linguizzetta,2B143,2B,2020-08-25 18:07:00,120,10,2487.64,2021-02-11,2024-05-28
Linguizzetta,2B143,2B,2020-09-14 14:11:00,21660,10,2487.64,2021-02-11,2024-05-28
Lingé,36096,36,2020-09-11 16:19:00,80000,2,500.0,2025-09-30,2026-04-15
Linxe,40155,40,2020-07-22 19:51:00,1000,3,7549.0,2020-10-01,2025-05-13
Lit-et-Mixe,40157,40,2020-06-01 21:38:00,100,2,419.0,2025-09-22,2025-12-10
Lit-et-Mixe,40157,40,2020-08-11 22:23:00,4356,2,419.0,2025-09-22,2025-12-10
Livers-Cazelles,81146,81,2020-04-15 13:36:00,20000,1,99.0,2022-12-21,2022-12-21
Lièpvre,68185,68,2020-08-28 00:19:00,100,1,220.0,2025-12-23,2025-12-23
Lodève,34142,34,2020-06-17 14:30:00,2008,4,495.0,2021-11-16,2026-04-28
Lodève,34142,34,2020-07-06 14:24:00,69,4,495.0,2021-11-16,2026-04-28
Lombron,72165,72,2020-06-23 14:41:00,1000,4,3931.0,2021-08-16,2024-05-23
Longvic,21355,21,2020-09-10 17:10:00,5800,10,3032.0,2023-05-29,2026-04-10
Lonlay-l'Abbaye,61232,61,2020-04-15 12:55:00,15000,1,99.0,2025-11-20,2025-11-20
Loperhet,29140,29,2020-05-28 02:41:00,1500,2,240.0,2023-10-24,2024-10-16
Loriol-du-Comtat,84067,84,2020-02-20 14:09:00,10100,4,3440.0,2023-05-04,2025-04-17
Lormont,33249,33,2020-08-04 17:02:00,50,2,190.0,2025-09-08,2025-12-03
Los Masos,66104,66,2020-08-10 17:21:00,8000,1,60.0,2023-09-20,2023-09-20
Losse,40158,40,2020-07-30 08:51:00,200,3,4714.0,2021-02-24,2024-08-29
Loubillé,79154,79,2020-08-04 11:13:00,70000,3,625.0,2025-06-19,2026-03-04
Loupian,34143,34,2020-07-07 15:43:00,135801,3,617.95,2020-12-02,2025-07-11
Lourmarin,84068,84,2020-07-16 22:51:00,100,1,177.53,2021-02-02,2021-02-02
Lourmarin,84068,84,2020-08-15 21:53:00,400,1,177.53,2021-02-02,2021-02-02
Louvie-Juzon,64353,64,2020-08-25 15:57:00,20000,2,290.0,2026-01-19,2026-03-09
Louviers,27375,27,2020-07-17 17:01:00,20000,3,582.0,2023-10-26,2026-02-12
Luc-sur-Orbieu,11210,11,2020-02-03 14:48:00,4500,2,1684.0,2021-09-02,2025-06-19
Lucbardez-et-Bargues,40162,40,2020-08-05 18:00:00,1500,1,99.0,2020-11-24,2020-11-24
Luché-Pringé,72175,72,2020-03-28 20:54:00,20,1,250.0,2025-04-24,2025-04-24
Lucinges,74153,74,2020-03-29 19:17:00,400,1,66.6,2023-03-28,2023-03-28
Lucq-de-Béarn,64359,64,2020-09-07 16:44:00,600,5,1031.0,2023-07-20,2025-05-26
Lumigny-Nesles-Ormeaux,77264,77,2020-05-27 17:29:00,10,1,160.0,2024-04-10,2024-04-10
Lunel,34145,34,2020-08-05 01:15:00,18446,8,2320.96,2020-12-07,2026-03-11
Lurcy-Lévis,03155,03,2020-09-18 18:01:00,55000,13,2095.6,2020-11-23,2025-10-23
Lurs,04106,04,2020-07-29 15:00:00,24600,3,289.0,2020-12-17,2025-01-23
Lussac-les-Églises,87087,87,2020-07-28 17:02:00,30000,2,500.0,2024-10-30,2025-05-28
Lux,21361,21,2020-08-09 18:19:00,2000,1,7250.0,2022-03-15,2022-03-15
Luxey,40167,40,2020-08-12 20:19:00,1550,2,310.0,2021-12-15,2026-02-16
Luxey,40167,40,2020-08-12 20:52:00,30,2,310.0,2021-12-15,2026-02-16
Luzinay,38215,38,2020-04-16 14:00:00,600,3,408.0,2020-11-14,2025-12-18
Lège-Cap-Ferret,33236,33,2020-05-31 21:05:00,10,1,85.0,2025-01-06,2025-01-06
Lège-Cap-Ferret,33236,33,2020-07-03 10:17:00,50,1,85.0,2025-01-06,2025-01-06
Lège-Cap-Ferret,33236,33,2020-07-31 23:08:00,100,1,85.0,2025-01-06,2025-01-06
Léognan,33238,33,2020-07-30 17:23:00,3000,2,807.0,2023-05-03,2025-10-07
Lézignan-Corbières,11203,11,2020-02-05 16:45:00,96,19,4108.3,2020-08-20,2026-04-24
Lézignan-Corbières,11203,11,2020-04-09 15:09:00,250,19,4108.3,2020-08-20,2026-04-24
Lézignan-Corbières,11203,11,2020-09-28 15:45:00,1000,18,3858.4,2020-09-29,2026-04-24
Lézignan-Corbières,11203,11,2020-10-06 15:40:00,10000,17,3760.4,2021-01-14,2026-04-24
Lüe,40163,40,2020-06-03 10:37:00,3000,5,502.0,2021-03-04,2023-09-20
Macaye,64364,64,2020-02-23 16:45:00,40000,1,250.0,2024-12-12,2024-12-12
Magalas,34147,34,2020-09-03 16:37:00,56520,4,504.70000000000005,2023-11-07,2026-01-30
Mailhac-sur-Benaize,87090,87,2020-09-10 17:18:00,3000,2,4765.0,2023-07-11,2024-10-30
Maillas,40169,40,2020-08-09 16:52:00,18000,1,88.0,2022-07-18,2022-07-18
Maillas,40169,40,2020-09-12 00:53:00,16000,1,88.0,2022-07-18,2022-07-18
Maizey,55312,55,2020-04-16 19:00:00,20000,2,450.0,2025-05-13,2026-04-17
Malemort,19123,19,2020-05-27 11:26:00,1,4,616.0,2021-10-15,2026-05-13
Maligny,89242,89,2020-04-16 14:48:00,150,1,110.0,2026-03-04,2026-03-04
Malrevers,43126,43,2020-08-08 11:45:00,3700,3,470.8,2021-02-15,2025-12-03
Mandelieu-la-Napoule,06079,06,2020-09-25 05:27:00,2000,1,110.0,2024-02-12,2024-02-12
Manosque,04112,04,2020-02-20 11:12:00,25000,45,9113.0,2020-05-27,2026-02-16
Manosque,04112,04,2020-08-05 12:11:00,290,43,8711.0,2021-02-02,2026-02-16
Mansac,19124,19,2020-03-15 18:00:00,1,5,740.0,2022-02-16,2024-10-29
Mantoche,70331,70,2020-08-02 14:55:00,30,1,110.0,2023-05-26,2023-05-26
Many,57442,57,2020-08-12 18:08:00,10000,1,210.0,2025-10-30,2025-10-30
Maray,41122,41,2020-04-01 13:22:00,20,3,594.0,2024-12-05,2026-04-21
Marcolès,15117,15,2020-04-10 14:21:00,5000,5,643.0,2021-03-12,2025-04-07
Mareuil en Périgord,24253,24,2020-09-12 15:07:00,120000,10,1483.55,2020-10-20,2025-04-17
Marguerittes,30156,30,2020-07-11 14:30:00,968,18,2701.0,2021-01-14,2026-05-05
Marignana,2A154,2A,2020-03-19 15:11:00,50,1,93.2,2021-06-03,2021-06-03
Marignana,2A154,2A,2020-09-13 23:37:00,10,1,93.2,2021-06-03,2021-06-03
Marignane,13054,13,2020-07-08 11:24:00,10,6,2319.0,2021-04-14,2025-11-18
Marquefave,31320,31,2020-04-03 11:56:00,10000,2,262.0,2021-03-17,2025-12-26
Marsas,33272,33,2020-07-30 23:51:00,1900,2,425.0,2021-02-25,2024-04-26
Martailly-lès-Brancion,71284,71,2020-08-20 05:27:00,10000,1,110.0,2025-09-02,2025-09-02
Martiel,12140,12,2020-08-05 09:20:00,40000,8,1007.8,2021-02-15,2026-02-12
Martigny-les-Bains,88289,88,2020-08-28 18:19:00,150,1,100.0,2021-06-24,2021-06-24
Martigues,13056,13,2020-05-25 14:06:00,200,11,4605.4,2020-07-03,2025-06-30
Martigues,13056,13,2020-06-10 16:50:00,1000,11,4605.4,2020-07-03,2025-06-30
Martigues,13056,13,2020-06-15 13:37:00,210,11,4605.4,2020-07-03,2025-06-30
Martigues,13056,13,2020-06-29 23:12:00,100,11,4605.4,2020-07-03,2025-06-30
Martigues,13056,13,2020-06-30 04:19:00,50,11,4605.4,2020-07-03,2025-06-30
Martigues,13056,13,2020-07-06 15:23:00,16600,10,4495.4,2020-10-29,2025-06-30
Martigues,13056,13,2020-07-06 15:48:00,14300,10,4495.4,2020-10-29,2025-06-30
Martigues,13056,13,2020-07-06 19:23:00,1980,10,4495.4,2020-10-29,2025-06-30
Martigues,13056,13,2020-07-14 22:15:00,20,10,4495.4,2020-10-29,2025-06-30
Martigues,13056,13,2020-07-15 23:26:00,10,10,4495.4,2020-10-29,2025-06-30
Martigues,13056,13,2020-07-17 00:21:00,50,10,4495.4,2020-10-29,2025-06-30
Martigues,13056,13,2020-07-17 12:57:00,10,10,4495.4,2020-10-29,2025-06-30
Martigues,13056,13,2020-07-19 08:33:00,2,10,4495.4,2020-10-29,2025-06-30
Martigues,13056,13,2020-08-03 19:41:00,800,10,4495.4,2020-10-29,2025-06-30
Martigues,13056,13,2020-08-04 17:14:00,9595100,10,4495.4,2020-10-29,2025-06-30
Martigues,13056,13,2020-08-04 17:18:00,989,10,4495.4,2020-10-29,2025-06-30
Martigues,13056,13,2020-08-20 18:27:00,41800,10,4495.4,2020-10-29,2025-06-30
Martigues,13056,13,2020-08-24 12:09:00,100,10,4495.4,2020-10-29,2025-06-30
Martigues,13056,13,2020-09-02 15:37:00,20,10,4495.4,2020-10-29,2025-06-30
Martigues,13056,13,2020-09-19 14:06:00,2500,10,4495.4,2020-10-29,2025-06-30
Martigues,13056,13,2020-09-30 16:20:00,400,10,4495.4,2020-10-29,2025-06-30
Martizay,36113,36,2020-08-07 06:25:00,80000,2,184.0,2020-12-10,2021-02-09
Marval,87092,87,2020-03-29 12:22:00,100,2,360.0,2025-04-08,2025-04-08
Marval,87092,87,2020-07-23 11:56:00,200,2,360.0,2025-04-08,2025-04-08
Marval,87092,87,2020-08-04 19:49:00,5000,2,360.0,2025-04-08,2025-04-08
Massegros Causses Gorges,48094,48,2020-08-09 19:07:00,10,8,1101.8,2020-11-20,2025-09-18
Massiac,15119,15,2020-08-10 11:29:00,140000,8,1224.96,2020-11-25,2026-05-13
Massieu,38222,38,2020-08-25 11:50:00,3000,2,230.0,2022-04-13,2026-03-23
Massongy,74171,74,2020-08-24 15:06:00,20,2,243.0,2024-11-12,2026-03-25
Mauguio,34154,34,2020-07-13 12:22:00,7934,14,1918.3600000000001,2021-07-09,2026-05-26
Maure,64372,64,2020-08-06 15:10:00,1000,1,99.0,2023-09-27,2023-09-27
Maussane-les-Alpilles,13058,13,2020-08-04 14:51:00,428,5,7878.0,2020-12-02,2025-05-22
Mayet,72191,72,2020-09-07 13:26:00,1100,3,319.0,2021-10-11,2026-01-19
Mayet,72191,72,2020-09-15 11:01:00,400,3,319.0,2021-10-11,2026-01-19
Mayet,72191,72,2020-09-15 17:25:00,3000,3,319.0,2021-10-11,2026-01-19
Mazan,84072,84,2020-08-09 11:57:00,500,4,586.0,2022-10-10,2026-01-19
Meillers,03170,03,2020-09-09 17:18:00,5000,2,338.0,2022-10-27,2026-01-26
Meillon,64376,64,2020-07-22 12:14:00,100,1,250.0,2023-03-22,2023-03-22
Mellac,29147,29,2020-04-15 12:55:00,2000,4,803.0,2024-10-01,2026-04-08
Melve,04118,04,2020-07-15 02:48:00,30,4,6578.9,2020-07-22,2023-11-28
Melve,04118,04,2020-08-16 21:32:00,2,3,2178.9,2021-08-05,2023-11-28
Mende,48095,48,2020-07-07 22:18:00,20,13,1831.2,2022-01-06,2026-02-23
Mende,48095,48,2020-07-30 14:19:00,150,13,1831.2,2022-01-06,2026-02-23
Mende,48095,48,2020-08-01 23:05:00,420,13,1831.2,2022-01-06,2026-02-23
Mer,41136,41,2020-03-28 21:57:00,5,7,28466.8,2021-06-04,2026-02-02
Mer,41136,41,2020-04-17 19:25:00,2,7,28466.8,2021-06-04,2026-02-02
Mercin-et-Vaux,02477,02,2020-06-24 15:22:00,40000,1,79.6,2023-10-27,2023-10-27
Mercurey,71294,71,2020-07-24 19:10:00,1500,6,843.14,2023-03-08,2026-01-16
Mercurey,71294,71,2020-07-31 12:15:00,10000,6,843.14,2023-03-08,2026-01-16
Mercœur,43133,43,2020-04-08 12:30:00,14200,12,1624.7,2021-04-01,2025-12-15
Mersuay,70343,70,2020-02-22 18:05:00,20,1,100.0,2024-01-17,2024-01-17
Mertzwiller,67291,67,2020-04-11 18:07:00,1000,2,295.63,2022-01-06,2025-11-25
Mesland,41137,41,2020-06-25 18:16:00,3000,2,214.0,2022-02-16,2026-05-12
Mesland,41137,41,2020-07-11 23:22:00,400,2,214.0,2022-02-16,2026-05-12
Mesland,41137,41,2020-07-12 21:40:00,250,2,214.0,2022-02-16,2026-05-12
Mesland,41137,41,2020-07-12 22:15:00,80,2,214.0,2022-02-16,2026-05-12
Mesland,41137,41,2020-07-12 23:38:00,20,2,214.0,2022-02-16,2026-05-12
Meursault,21412,21,2020-03-23 18:08:00,100,6,566.2,2022-03-04,2025-04-24
Meusnes,41139,41,2020-08-20 19:30:00,5,2,283.0,2025-04-03,2026-04-01
Meussia,39328,39,2020-04-17 16:10:00,1000,1,176.0,2024-11-21,2024-11-21
Meuzac,87095,87,2020-07-29 15:16:00,20000,5,1130.0,2025-03-17,2026-03-18
Meylan,38229,38,2020-08-02 21:52:00,800,5,341.0,2023-01-18,2026-03-26
Meyras,07156,07,2020-04-03 15:03:00,20000,1,100.0,2022-02-11,2022-02-11
Meyreuil,13060,13,2020-07-06 17:40:00,10,3,401.1,2023-11-17,2025-04-03
Meyreuil,13060,13,2020-08-10 14:41:00,30,3,401.1,2023-11-17,2025-04-03
Meyreuil,13060,13,2020-11-24 15:45:00,2000,3,401.1,2023-11-17,2025-04-03
Milhaud,30169,30,2020-08-01 15:19:00,409541,4,294.0,2021-03-03,2025-08-28
Milhaud,30169,30,2020-08-02 16:42:00,100,4,294.0,2021-03-03,2025-08-28
Milhaud,30169,30,2020-08-03 13:04:00,10,4,294.0,2021-03-03,2025-08-28
Millau,12145,12,2020-08-24 10:57:00,50000,18,3155.4,2021-04-19,2026-04-01
Milly-la-Forêt,91405,91,2020-06-02 18:52:00,10000,3,527.8,2021-08-11,2026-03-04
Mimet,13062,13,2020-06-26 08:11:00,20,1,102.0,2025-12-09,2025-12-09
Mimet,13062,13,2020-08-25 06:29:00,100,1,102.0,2025-12-09,2025-12-09
Mimizan,40184,40,2020-06-20 14:44:00,100,5,1060.0,2021-01-20,2025-06-11
Mimizan,40184,40,2020-08-01 15:16:00,10,5,1060.0,2021-01-20,2025-06-11
Mimizan,40184,40,2020-08-17 19:19:00,100,5,1060.0,2021-01-20,2025-06-11
Minzac,24272,24,2020-04-16 16:41:00,3000,1,210.0,2024-04-10,2024-04-10
Mios,33284,33,2020-04-18 14:41:00,1500,7,1382.0,2021-08-05,2026-05-28
Mios,33284,33,2020-08-11 18:55:00,20,7,1382.0,2021-08-05,2026-05-28
Miramas,13063,13,2020-04-07 17:12:00,2800,5,1170.0,2021-07-09,2024-05-10
Miramas,13063,13,2020-07-04 17:12:00,2816,5,1170.0,2021-07-09,2024-05-10
Miramas,13063,13,2020-07-06 23:16:00,20000,5,1170.0,2021-07-09,2024-05-10
Miramas,13063,13,2020-07-07 21:28:00,1000,5,1170.0,2021-07-09,2024-05-10
Miramas,13063,13,2020-07-18 16:41:00,50,5,1170.0,2021-07-09,2024-05-10
Miramas,13063,13,2020-08-27 22:33:00,500,5,1170.0,2021-07-09,2024-05-10
Miramas,13063,13,2020-08-31 22:53:00,1000,5,1170.0,2021-07-09,2024-05-10
Miramas,13063,13,2020-09-01 06:17:00,400,5,1170.0,2021-07-09,2024-05-10
Miramas,13063,13,2020-09-03 00:58:00,1500,5,1170.0,2021-07-09,2024-05-10
Miramont-d'Astarac,32254,32,2020-07-30 16:20:00,20200,3,626.0,2024-01-17,2024-11-27
Mirecourt,88304,88,2020-08-11 21:25:00,5,4,454.8,2020-12-08,2025-12-09
Mirepeisset,11233,11,2020-06-30 15:24:00,50,4,353.0,2022-08-22,2025-06-30
Mirepeisset,11233,11,2020-07-29 15:28:00,300,4,353.0,2022-08-22,2025-06-30
Mirepeisset,11233,11,2020-07-29 15:28:00,500,4,353.0,2022-08-22,2025-06-30
Miribel-Lanchâtre,38235,38,2020-07-13 21:11:00,8000,1,115.0,2024-09-12,2024-09-12
Moissac,82112,82,2020-04-10 17:14:00,1000,9,2395.07,2021-10-27,2025-03-27
Moissieu-sur-Dolon,38240,38,2020-08-09 14:44:00,850,4,573.0,2022-04-21,2025-11-19
Moissieu-sur-Dolon,38240,38,2020-09-17 12:53:00,400,4,573.0,2022-04-21,2025-11-19
Mont Lozère et Goulet,48027,48,2020-07-14 21:25:00,10,8,853.8,2021-05-03,2024-02-16
Mont-de-Marsan,40192,40,2020-07-24 13:25:00,300,11,2471.6,2021-01-14,2026-04-14
Montagne,38245,38,2020-08-25 18:51:00,15000,4,867.0,2022-01-06,2025-12-23
Montagny-les-Lanches,74186,74,2020-04-22 18:55:00,100,3,475.0,2023-10-05,2026-05-21
Montaigu-Vendée,85146,85,2020-02-18 17:10:00,1,11,8024.0,2024-05-22,2026-05-07
Montaren-et-Saint-Médiers,30174,30,2020-08-05 10:54:00,5000,1,100.0,2025-02-28,2025-02-28
Montayral,47185,47,2020-06-01 20:35:00,150,6,1089.0,2023-11-14,2026-03-20
Montbazin,34165,34,2020-08-30 23:51:00,35009,1,70.0,2023-04-28,2023-04-28
Montblanc,34166,34,2020-08-01 17:49:00,6876,7,876.0,2022-01-12,2025-03-10
Montblanc,34166,34,2020-08-22 07:37:00,801,7,876.0,2022-01-12,2025-03-10
Montbozon,70357,70,2020-08-16 16:05:00,100,2,186.0,2021-04-19,2022-09-06
Montcey,70358,70,2020-08-04 12:00:00,500,1,249.0,2025-09-29,2025-09-29
Montdoumerc,46202,46,2020-05-29 17:10:00,20000,3,271.8,2022-05-24,2022-10-25
Montegrosso,2B167,2B,2020-05-07 14:55:00,5000,1,100.0,2024-12-05,2024-12-05
Montegrosso,2B167,2B,2020-08-27 06:05:00,1848200,1,100.0,2024-12-05,2024-12-05
Montendre,17240,17,2020-07-24 20:17:00,1000,6,13649.0,2023-10-06,2026-01-12
Montendre,17240,17,2020-09-17 17:37:00,1500,6,13649.0,2023-10-06,2026-01-12
Montescot,66114,66,2020-08-23 14:17:00,25000,2,305.0,2023-08-23,2023-12-05
Montesquieu-Volvestre,31375,31,2020-03-15 16:05:00,30000,8,1148.3,2021-01-14,2026-05-11
Montfort-sur-Argens,83083,83,2020-08-24 19:08:00,400,1,200.0,2025-10-30,2025-10-30
Montguers,26201,26,2020-08-26 17:08:00,2893900,1,60.0,2023-10-12,2023-10-12
Montguyon,17241,17,2020-06-15 17:51:00,300,5,819.6,2020-11-18,2026-04-09
Montheries,52330,52,2020-08-20 10:49:00,20000,1,162.0,2025-06-18,2025-06-18
Montigny-le-Guesdier,77310,77,2020-09-23 17:34:00,500,1,125.0,2026-02-06,2026-02-06
Montlaux,04130,04,2020-07-19 15:02:00,2800,1,100.0,2021-05-27,2021-05-27
Montlay-en-Auxois,21434,21,2020-09-15 15:35:00,20000,1,99.98,2023-08-30,2023-08-30
Montlieu-la-Garde,17243,17,2020-07-10 16:44:00,100,1,98.0,2022-08-17,2022-08-17
Montlieu-la-Garde,17243,17,2020-07-12 12:37:00,1500,1,98.0,2022-08-17,2022-08-17
Montluçon,03185,03,2020-07-11 17:56:00,35000,2,11000.0,2021-05-18,2025-09-22
Montluçon,03185,03,2020-07-25 16:17:00,15000,2,11000.0,2021-05-18,2025-09-22
Montoire-sur-le-Loir,41149,41,2020-06-26 19:22:00,2,2,457.0,2024-10-24,2025-01-02
Montolieu,11253,11,2020-08-19 16:08:00,404965,2,7955.0,2024-07-23,2024-07-24
Montory,64404,64,2020-02-23 12:25:00,20000,4,529.0,2020-09-14,2025-02-12
Montournais,85147,85,2020-09-17 11:24:00,1500,9,1702.72,2020-11-12,2026-04-28
Montpellier,34172,34,2020-07-27 11:17:00,27,39,10034.1,2020-10-20,2026-05-27
Montpezat-de-Quercy,82131,82,2020-07-13 14:55:00,80000,6,740.84,2022-02-03,2026-03-18
Montpon-Ménestérol,24294,24,2020-09-03 14:17:00,50000,12,10584.9,2022-06-14,2026-04-23
Montredon-des-Corbières,11255,11,2020-07-29 13:46:00,10280,8,5495.3,2024-02-05,2026-05-21
Montrichard Val de Cher,41151,41,2020-07-14 08:05:00,100,1,48.6,2025-01-23,2025-01-23
Montseveroux,38259,38,2020-08-31 17:34:00,4000,5,623.0,2020-10-15,2024-07-03
Montségur-sur-Lauzon,26211,26,2020-07-29 23:29:00,3200,2,353.5,2024-10-11,2026-04-20
Montureux-et-Prantigny,70371,70,2020-07-21 12:45:00,40,1,82.8,2020-08-10,2020-08-10
Montvalent,46208,46,2020-07-27 15:47:00,100000,5,599.2,2021-07-20,2026-05-06
Montélimar,26198,26,2020-08-25 19:02:00,39600,47,7340.5,2020-09-03,2026-05-06
Morcenx-la-Nouvelle,40197,40,2020-07-13 10:13:00,80,10,38688.0,2021-06-15,2025-12-16
Morillon,74190,74,2020-04-15 16:54:00,200,1,420.0,2025-04-16,2025-04-16
Mouchamps,85153,85,2020-07-15 07:51:00,2000,14,1759.7,2021-09-01,2026-04-16
Mouilly,55360,55,2020-04-25 17:35:00,10000,2,494.0,2024-03-06,2025-06-02
Mouliets-et-Villemartin,33296,33,2020-07-20 15:36:00,100,2,187.0,2022-12-06,2024-06-12
Mouriès,13065,13,2020-07-13 14:38:00,15000,3,558.0,2024-04-17,2026-01-07
Mouriès,13065,13,2020-07-16 16:35:00,24000,3,558.0,2024-04-17,2026-01-07
Mouriès,13065,13,2020-09-14 15:11:00,400,3,558.0,2024-04-17,2026-01-07
Moussan,11258,11,2020-10-07 21:37:00,5000,3,539.22,2025-04-23,2025-04-23
Moussan,11258,11,2020-11-14 19:14:00,900,3,539.22,2025-04-23,2025-04-23
Moustey,40200,40,2020-09-17 23:41:00,1500,1,99.0,2021-10-12,2021-10-12
Moustiers-Sainte-Marie,04135,04,2020-08-01 10:21:00,20,2,270.0,2021-09-09,2025-02-06
Moustiers-Sainte-Marie,04135,04,2020-09-02 18:19:00,600,2,270.0,2021-09-09,2025-02-06
Moutiers-sur-le-Lay,85157,85,2020-07-23 20:48:00,4,3,384.0,2024-08-28,2025-09-15
Mulsanne,72213,72,2020-04-16 14:19:00,550,2,400.0,2024-12-10,2026-01-07
Mulsanne,72213,72,2020-06-04 19:45:00,200,2,400.0,2024-12-10,2026-01-07
Mulsanne,72213,72,2020-06-05 17:54:00,300,2,400.0,2024-12-10,2026-01-07
Mulsanne,72213,72,2020-07-24 16:13:00,2000,2,400.0,2024-12-10,2026-01-07
Mulsanne,72213,72,2020-08-04 10:33:00,8000,2,400.0,2024-12-10,2026-01-07
Mulsanne,72213,72,2020-09-04 16:06:00,2000,2,400.0,2024-12-10,2026-01-07
Mulsanne,72213,72,2020-09-12 15:42:00,200,2,400.0,2024-12-10,2026-01-07
Mur-de-Sologne,41157,41,2020-03-26 14:23:00,50,1,115.0,2025-12-02,2025-12-02
Mur-de-Sologne,41157,41,2020-08-04 14:12:00,2000,1,115.0,2025-12-02,2025-12-02
Murviel-lès-Béziers,34178,34,2020-09-25 18:10:00,5704,7,1051.0,2023-01-05,2025-12-30
Murviel-lès-Béziers,34178,34,2020-10-17 15:18:00,30490,7,1051.0,2023-01-05,2025-12-30
Mèze,34157,34,2020-06-21 03:20:00,740,7,4522.0,2022-01-14,2025-01-21
Ménil-sur-Belvitte,88301,88,2020-09-22 20:12:00,1,1,240.0,2021-07-19,2021-07-19
Méolans-Revel,04161,04,2020-08-09 10:33:00,20,1,99.0,2023-11-08,2023-11-08
Mérignac,33281,33,2020-07-31 00:53:00,3000,28,4935.0,2020-10-30,2026-03-18
Mézeray,72195,72,2020-04-08 17:55:00,6000,1,85.9,2022-05-20,2022-05-20
Mézeray,72195,72,2020-04-09 14:51:00,6000,1,85.9,2022-05-20,2022-05-20
Mézeray,72195,72,2020-04-10 17:20:00,7000,1,85.9,2022-05-20,2022-05-20
Mézières-sous-Lavardin,72197,72,2020-07-10 21:43:00,200,1,220.0,2024-08-02,2024-08-02
Mézos,40182,40,2020-09-17 13:47:00,5000,4,27760.0,2021-03-22,2024-07-26
Nans-les-Pins,83087,83,2020-04-18 18:54:00,2,2,350.0,2025-06-13,2026-01-21
Nans-les-Pins,83087,83,2020-08-14 17:01:00,1600,2,350.0,2025-06-13,2026-01-21
Narbonne,11262,11,2020-02-25 18:58:00,1500,28,24074.4,2021-06-14,2026-03-06
Narbonne,11262,11,2020-03-30 19:53:00,300,28,24074.4,2021-06-14,2026-03-06
Narbonne,11262,11,2020-07-06 14:46:00,830,28,24074.4,2021-06-14,2026-03-06
Narbonne,11262,11,2020-07-12 14:25:00,12380,28,24074.4,2021-06-14,2026-03-06
Narbonne,11262,11,2020-07-21 13:10:00,27209,28,24074.4,2021-06-14,2026-03-06
Narbonne,11262,11,2020-09-20 18:29:00,150,28,24074.4,2021-06-14,2026-03-06
Narbonne,11262,11,2020-10-29 16:00:00,50,28,24074.4,2021-06-14,2026-03-06
Naujac-sur-Mer,33300,33,2020-05-31 17:31:00,2000,1,4000.0,2021-03-03,2021-03-03
Nay,64417,64,2020-03-19 18:43:00,5,2,365.0,2024-10-17,2026-02-11
Nay,64417,64,2020-08-14 12:08:00,10,2,365.0,2024-10-17,2026-02-11
Nercillac,16243,16,2020-09-16 17:51:00,2300,3,447.9,2021-09-08,2024-07-26
Neufchâteau,88321,88,2020-04-04 19:27:00,1000,3,315.0,2020-11-12,2025-07-10
Neuvic-Entier,87105,87,2020-04-07 14:17:00,15000,7,3323.0,2021-05-18,2026-03-20
Neuvicq,17260,17,2020-08-01 17:34:00,5000,1,88.0,2024-04-24,2024-04-24
Nexon,87106,87,2020-07-23 19:52:00,300,3,770.0,2021-07-06,2024-11-20
Neydens,74201,74,2020-02-23 16:21:00,3000,1,250.0,2024-12-02,2024-12-02
Nice,06088,06,2020-02-26 12:51:00,8000,17,3778.0,2020-06-02,2026-01-26
Nice,06088,06,2020-08-13 14:10:00,100,16,3548.0,2021-03-12,2026-01-26
Niherne,36142,36,2020-08-27 16:47:00,10000,2,189.0,2020-09-22,2022-11-17
Nissan-lez-Enserune,34183,34,2020-07-06 14:10:00,6316,10,1636.0,2022-05-17,2025-12-03
Nissan-lez-Enserune,34183,34,2020-08-12 16:09:00,746,10,1636.0,2022-05-17,2025-12-03
Noaillan,33307,33,2020-04-15 19:18:00,20000,1,125.0,2024-06-05,2024-06-05
Noaillan,33307,33,2020-08-12 17:01:00,300,1,125.0,2024-06-05,2024-06-05
Noailles,19151,19,2020-08-01 15:32:00,2,3,429.96,2021-02-22,2026-03-30
Noailles,19151,19,2020-08-02 14:53:00,2,3,429.96,2021-02-22,2026-03-30
Nogent-le-Bernard,72220,72,2020-09-13 14:02:00,100,1,220.0,2023-08-17,2023-08-17
Nogent-le-Bernard,72220,72,2020-10-02 15:58:00,50,1,220.0,2023-08-17,2023-08-17
Nouan-le-Fuzelier,41161,41,2020-03-26 14:30:00,20000,1,250.0,2026-04-02,2026-04-02
Nouan-le-Fuzelier,41161,41,2020-04-14 23:51:00,500,1,250.0,2026-04-02,2026-04-02
Noves,13066,13,2020-07-11 14:11:00,20,15,2341.0,2020-09-08,2026-01-16
Noves,13066,13,2020-07-20 06:12:00,200,15,2341.0,2020-09-08,2026-01-16
Noves,13066,13,2020-08-14 16:18:00,2,15,2341.0,2020-09-08,2026-01-16
Noves,13066,13,2020-08-24 05:18:00,1500,15,2341.0,2020-09-08,2026-01-16
Noyen-sur-Sarthe,72223,72,2020-04-23 14:46:00,1000,5,959.0,2022-11-14,2026-02-04
Noyers-sur-Cher,41164,41,2020-07-05 02:38:00,200,1,249.0,2025-04-30,2025-04-30
Nérac,47195,47,2020-03-13 12:48:00,20,24,3865.6,2020-08-19,2026-05-27
Néris-les-Bains,03195,03,2020-07-24 16:51:00,20000,9,1887.2,2022-12-23,2025-06-06
Névian,11264,11,2020-04-29 17:34:00,900,2,310.0,2020-09-17,2023-05-15
Névian,11264,11,2020-08-06 16:00:00,10,2,310.0,2020-09-17,2023-05-15
Nîmes,30189,30,2020-07-06 13:33:00,3000,55,12291.85,2021-02-01,2026-05-19
Nîmes,30189,30,2020-07-15 15:35:00,2000,55,12291.85,2021-02-01,2026-05-19
Ocana,2A181,2A,2020-02-18 16:48:00,1,1,99.0,2025-02-06,2025-02-06
Offemont,90075,90,2020-07-08 11:09:00,10,1,80.0,2020-10-08,2020-10-08
Offemont,90075,90,2020-07-24 09:34:00,50,1,80.0,2020-10-08,2020-10-08
Oissel,76484,76,2020-03-24 14:27:00,5000,3,545.0,2024-04-23,2025-12-22
Olemps,12174,12,2020-07-31 16:16:00,216300,8,1603.28,2021-12-14,2026-02-26
Oletta,2B185,2B,2020-06-04 19:11:00,3500,3,298.0,2023-11-20,2025-04-15
Oletta,2B185,2B,2020-07-12 19:18:00,600,3,298.0,2023-11-20,2025-04-15
Oletta,2B185,2B,2020-08-04 11:34:00,40000,3,298.0,2023-11-20,2025-04-15
Olmeta-di-Tuda,2B188,2B,2020-02-10 22:30:00,3439400,3,299.52,2023-07-26,2024-07-18
Olmeta-di-Tuda,2B188,2B,2020-06-23 10:22:00,20000,3,299.52,2023-07-26,2024-07-18
Olmi-Cappella,2B190,2B,2020-02-06 17:48:00,1000,2,199.0,2022-05-19,2024-02-27
Olmi-Cappella,2B190,2B,2020-11-05 11:16:00,15000,2,199.0,2022-05-19,2024-02-27
Olmi-Cappella,2B190,2B,2020-11-07 15:08:00,20,2,199.0,2022-05-19,2024-02-27
Ondres,40209,40,2020-11-12 16:43:00,30,2,264.0,2022-10-27,2026-05-28
Opoul-Périllos,66127,66,2020-07-23 17:14:00,200,1,99.0,2024-09-16,2024-09-16
Opoul-Périllos,66127,66,2020-07-30 10:29:00,10000,1,99.0,2024-09-16,2024-09-16
Opoul-Périllos,66127,66,2020-07-30 15:12:00,5000,1,99.0,2024-09-16,2024-09-16
Oradour-Fanais,16249,16,2020-09-12 17:39:00,700,15,5820.0,2021-01-06,2026-02-12
Oraison,04143,04,2020-03-23 08:17:00,20,17,2344.9,2020-07-23,2026-05-28
Orbigny,37177,37,2020-04-15 22:18:00,3500,10,1571.8,2021-02-12,2026-01-26
Orignolles,17269,17,2020-07-08 14:14:00,8165,3,568.0,2021-09-23,2025-12-23
Ossun,65344,65,2020-04-14 11:19:00,30000,3,288.0,2020-06-30,2024-05-03
Osséja,66130,66,2020-02-20 16:32:00,5000,2,198.0,2024-06-04,2026-03-10
Oucques La Nouvelle,41171,41,2020-10-19 13:33:00,30,6,974.0,2021-06-29,2025-09-02
Ousse-Suzan,40215,40,2020-06-25 16:46:00,2000,2,307.0,2023-11-08,2024-08-13
Ouveillan,11269,11,2020-02-23 15:52:00,1000,3,3642.0,2021-02-25,2024-08-21
Ouveillan,11269,11,2020-08-02 00:12:00,5900,3,3642.0,2021-02-25,2024-08-21
Ouveillan,11269,11,2020-08-16 17:32:00,50,3,3642.0,2021-02-25,2024-08-21
Ouzouer-sur-Trézée,45245,45,2020-07-29 15:15:00,5000,5,787.0,2020-12-09,2025-01-23
Ozoir-la-Ferrière,77350,77,2020-07-08 16:33:00,200,1,155.0,2025-12-04,2025-12-04
Paimpont,35211,35,2020-08-14 14:26:00,10000,3,374.9,2021-04-12,2025-03-24
Paizay-Naudouin-Embourie,16253,16,2020-07-21 17:02:00,10000,4,532.0,2021-12-14,2024-12-13
Paizay-le-Sec,86187,86,2020-09-16 14:41:00,70000,3,339.44,2020-12-15,2023-04-17
Pampelonne,81201,81,2020-07-20 14:34:00,10000,7,1126.0,2020-11-04,2025-09-05
Pampelonne,81201,81,2020-11-12 18:34:00,10000,6,916.0,2021-06-30,2025-09-05
Pandrignes,19158,19,2020-04-24 10:10:00,20,2,465.0,2023-09-15,2024-04-15
Parempuyre,33312,33,2020-09-06 15:20:00,2000,3,229.8,2021-10-07,2026-02-11
Parigné-l'Évêque,72231,72,2020-08-01 14:58:00,150,13,1387.4,2020-12-16,2026-04-17
Parranquet,47200,47,2020-04-10 17:04:00,5000,1,249.0,2025-04-16,2025-04-16
Passy,74208,74,2020-04-04 16:34:00,250,2,415.0,2024-07-22,2025-04-24
Paulhan,34194,34,2020-07-05 15:34:00,15462,8,1521.65,2021-01-22,2025-08-06
Paulhiac,47202,47,2020-07-27 17:18:00,3000,7,1219.0,2021-06-02,2025-06-18
Paziols,11276,11,2020-03-11 17:58:00,300,1,130.0,2025-11-13,2025-11-13
Penta-di-Casinca,2B207,2B,2020-08-08 07:34:00,200,4,547.84,2020-09-01,2024-02-13
Perpignan,66136,66,2020-07-14 01:41:00,15000,98,33935.7,2020-07-27,2026-05-21
Perrigny-sur-Armançon,89296,89,2020-07-20 15:38:00,3000,1,180.0,2024-07-03,2024-07-03
Perrigny-sur-Armançon,89296,89,2020-07-30 20:34:00,300,1,180.0,2024-07-03,2024-07-03
Pessac,33318,33,2020-09-10 21:47:00,500,12,6147.0,2021-04-08,2026-04-27
Peypin,13073,13,2020-08-20 17:25:00,50,2,359.0,2026-02-25,2026-02-25
Peyrestortes,66138,66,2020-08-24 10:05:00,15000,1,110.0,2022-02-24,2022-02-24
Peyriac-de-Mer,11285,11,2020-09-15 14:23:00,50,1,220.0,2025-07-10,2025-07-10
Peyriac-de-Mer,11285,11,2020-11-20 16:43:00,500,1,220.0,2025-07-10,2025-07-10
Peyrilles,46219,46,2020-04-06 17:05:00,48000,1,82.8,2021-07-22,2021-07-22
Peyrolles-en-Provence,13074,13,2020-09-19 09:55:00,10,2,12820.0,2021-12-01,2023-09-29
Pia,66141,66,2020-07-18 16:01:00,17000,4,1252.0,2023-09-29,2025-12-10
Pierrefeu-du-Var,83091,83,2020-09-05 17:43:00,200,2,307.0,2021-01-14,2024-03-26
Pierrerue,04151,04,2020-07-16 16:20:00,8300,2,333.96,2021-06-04,2022-05-24
Pierrevert,04152,04,2020-10-20 12:25:00,7,4,1158.0,2021-03-30,2025-11-24
Pietracorbara,2B224,2B,2020-01-30 15:10:00,10000,1,99.9,2021-03-11,2021-03-11
Pietracorbara,2B224,2B,2020-02-10 14:01:00,741300,1,99.9,2021-03-11,2021-03-11
Pietroso,2B229,2B,2020-02-26 07:20:00,100,2,199.89,2020-09-30,2023-04-27
Pietroso,2B229,2B,2020-08-03 18:10:00,20,2,199.89,2020-09-30,2023-04-27
Pignans,83092,83,2020-10-17 15:05:00,5000,1,89.0,2021-09-28,2021-09-28
Pillac,16260,16,2020-04-10 12:14:00,550000,4,598.0,2021-05-06,2025-10-09
Pin,70410,70,2020-04-09 15:37:00,2500,2,189.0,2024-07-16,2026-04-14
Piolenc,84091,84,2020-06-15 18:02:00,2600,12,6220.0,2022-07-12,2026-01-28
Piève,2B230,2B,2020-10-11 14:09:00,50000,2,1816.2,2023-10-05,2024-11-01
Plan-d'Orgon,13076,13,2020-07-06 16:59:00,40000,9,2028.0,2021-10-11,2025-10-23
Plazac,24330,24,2020-04-07 13:41:00,3000,1,110.0,2021-11-04,2021-11-04
Plomeur,29171,29,2020-06-01 17:08:00,1500,1,99.9,2021-02-04,2021-02-04
Plomodiern,29172,29,2020-08-09 15:30:00,1400,3,464.0,2024-09-18,2025-12-29
Plonéour-Lanvern,29174,29,2020-06-02 23:47:00,200,6,725.44,2022-05-25,2026-05-11
Plougastel-Daoulas,29189,29,2020-08-13 09:26:00,20,5,825.0,2023-12-13,2026-05-26
Plouguerneau,29195,29,2020-05-26 19:36:00,2000,5,594.0,2022-10-21,2025-03-03
Poggio-di-Venaco,2B238,2B,2020-02-26 06:41:00,800,3,446.84000000000003,2020-09-01,2024-10-31
Poggio-di-Venaco,2B238,2B,2020-08-08 12:07:00,25,3,446.84000000000003,2020-09-01,2024-10-31
Poggio-di-Venaco,2B238,2B,2020-08-08 12:30:00,30,3,446.84000000000003,2020-09-01,2024-10-31
Poggio-di-Venaco,2B238,2B,2020-09-07 14:30:00,15000,2,198.84,2022-06-21,2024-10-31
Poggio-di-Venaco,2B238,2B,2020-09-07 15:35:00,2,2,198.84,2022-06-21,2024-10-31
Poil,58211,58,2020-04-16 19:23:00,1000,1,99.0,2024-11-19,2024-11-19
Poligny,77370,77,2020-09-15 20:41:00,300,1,89.0,2021-05-27,2021-05-27
Pommerol,26245,26,2020-08-13 15:34:00,100,1,99.96,2022-02-08,2022-02-08
Pont de Montvert - Sud Mont Lozère,48116,48,2020-02-23 17:00:00,819600,3,614.0,2023-08-08,2024-07-26
Pont-Saint-Esprit,30202,30,2020-07-22 18:06:00,500,3,237.98000000000002,2022-08-30,2026-03-17
Pont-de-Chéruy,38316,38,2020-07-19 16:03:00,200,1,72.0,2025-04-30,2025-04-30
Pont-de-Salars,12185,12,2020-09-17 11:18:00,60000,10,1485.0,2020-12-03,2025-09-04
Pontailler-sur-Saône,21496,21,2020-05-09 16:30:00,30,1,4576.0,2024-02-27,2024-02-27
Pontenx-les-Forges,40229,40,2020-08-17 09:56:00,20000,5,4592.0,2020-10-08,2026-05-11
Pontlevoy,41180,41,2020-09-15 15:59:00,2000,8,1161.8,2021-06-02,2025-11-12
Pontlevoy,41180,41,2020-10-17 15:38:00,30,8,1161.8,2021-06-02,2025-11-12
Port-de-Bouc,13077,13,2020-06-07 01:56:00,142,3,624.0,2023-12-07,2025-03-27
Port-de-Bouc,13077,13,2020-06-26 11:25:00,62000,3,624.0,2023-12-07,2025-03-27
Port-de-Bouc,13077,13,2020-07-07 17:10:00,10,3,624.0,2023-12-07,2025-03-27
Port-de-Bouc,13077,13,2020-07-24 16:31:00,2000,3,624.0,2023-12-07,2025-03-27
Port-de-Bouc,13077,13,2020-08-04 16:04:00,832200,3,624.0,2023-12-07,2025-03-27
Port-de-Bouc,13077,13,2020-08-21 17:27:00,10,3,624.0,2023-12-07,2025-03-27
Port-de-Bouc,13077,13,2020-08-31 14:35:00,11900,3,624.0,2023-12-07,2025-03-27
Port-de-Bouc,13077,13,2020-09-19 17:36:00,1400,3,624.0,2023-12-07,2025-03-27
Port-de-Bouc,13077,13,2020-09-19 19:32:00,1300,3,624.0,2023-12-07,2025-03-27
Portel-des-Corbières,11295,11,2020-06-10 10:49:00,6858,1,99.0,2023-01-16,2023-01-16
Porto-Vecchio,2A247,2A,2020-01-04 19:18:00,1,20,7081.14,2020-07-07,2026-01-06
Porto-Vecchio,2A247,2A,2020-02-05 16:54:00,1,20,7081.14,2020-07-07,2026-01-06
Porto-Vecchio,2A247,2A,2020-02-09 19:44:00,1,20,7081.14,2020-07-07,2026-01-06
Porto-Vecchio,2A247,2A,2020-02-11 13:34:00,1,20,7081.14,2020-07-07,2026-01-06
Porto-Vecchio,2A247,2A,2020-02-12 13:17:00,1,20,7081.14,2020-07-07,2026-01-06
Porto-Vecchio,2A247,2A,2020-02-26 07:03:00,5,20,7081.14,2020-07-07,2026-01-06
Porto-Vecchio,2A247,2A,2020-06-20 12:27:00,500,20,7081.14,2020-07-07,2026-01-06
Porto-Vecchio,2A247,2A,2020-07-04 09:41:00,100,20,7081.14,2020-07-07,2026-01-06
Porto-Vecchio,2A247,2A,2020-07-13 14:54:00,300,19,6982.14,2021-02-02,2026-01-06
Porto-Vecchio,2A247,2A,2020-08-05 16:26:00,100,19,6982.14,2021-02-02,2026-01-06
Porto-Vecchio,2A247,2A,2020-08-30 13:24:00,50,19,6982.14,2021-02-02,2026-01-06
Porto-Vecchio,2A247,2A,2020-09-12 17:19:00,2,19,6982.14,2021-02-02,2026-01-06
Porto-Vecchio,2A247,2A,2020-10-28 15:10:00,20,19,6982.14,2021-02-02,2026-01-06
Porto-Vecchio,2A247,2A,2020-11-09 15:02:00,50,19,6982.14,2021-02-02,2026-01-06
Pouzols-Minervois,11296,11,2020-06-15 06:13:00,12929,1,89.0,2023-06-27,2023-06-27
Pouzols-Minervois,11296,11,2020-08-31 13:23:00,10042,1,89.0,2023-06-27,2023-06-27
Pradines,46224,46,2020-08-03 00:30:00,7000,1,66.6,2024-04-03,2024-04-03
Prendeignes,46226,46,2020-04-11 20:33:00,25000,1,158.0,2025-02-10,2025-02-10
Pruniers-en-Sologne,41185,41,2020-04-05 11:45:00,20,5,747.25,2021-03-17,2026-05-27
Pruniers-en-Sologne,41185,41,2020-06-18 15:31:00,5,5,747.25,2021-03-17,2026-05-27
Pruniers-en-Sologne,41185,41,2020-08-06 10:06:00,10,5,747.25,2021-03-17,2026-05-27
Pruniers-en-Sologne,41185,41,2020-08-23 16:13:00,3000,5,747.25,2021-03-17,2026-05-27
Pruniers-en-Sologne,41185,41,2020-09-14 15:03:00,20,5,747.25,2021-03-17,2026-05-27
Précigné,72244,72,2020-07-17 19:21:00,500,11,1582.58,2021-02-23,2026-05-20
Présailles,43156,43,2020-09-18 13:56:00,62000,4,680.0,2025-12-01,2026-05-29
Prévenchères,48119,48,2020-07-21 18:09:00,10,3,673.0,2024-10-23,2025-03-27
Prévenchères,48119,48,2020-09-07 15:08:00,180100,3,673.0,2024-10-23,2025-03-27
Puisseguin,33342,33,2020-08-04 17:42:00,10,3,420.0,2025-05-23,2025-09-26
Puligny-Montrachet,21512,21,2020-07-23 10:33:00,1500,1,138.0,2025-12-03,2025-12-03
Puligny-Montrachet,21512,21,2020-09-03 16:47:00,600,1,138.0,2025-12-03,2025-12-03
Puycapel,15027,15,2020-08-10 19:40:00,900,6,976.8,2021-04-13,2025-11-03
Puyloubier,13079,13,2020-06-26 19:17:00,1500,1,90.0,2022-06-07,2022-06-07
Péret,34197,34,2020-07-08 14:45:00,517100,1,70.0,2020-09-08,2020-09-08
Péret,34197,34,2020-07-24 16:28:00,9698,1,70.0,2020-09-08,2020-09-08
Péret,34197,34,2020-07-24 18:44:00,30551,1,70.0,2020-09-08,2020-09-08
Péret,34197,34,2020-08-13 13:35:00,830,1,70.0,2020-09-08,2020-09-08
Périssac,33317,33,2020-04-14 17:41:00,80,2,184.8,2023-12-14,2025-10-10
Pézènes-les-Mines,34200,34,2020-08-31 17:33:00,914,2,13250.0,2022-12-15,2023-01-05
Queaux,86203,86,2020-07-17 06:00:00,10000,4,616.24,2020-08-25,2024-10-28
Ramonchamp,88369,88,2020-05-25 16:31:00,300,2,310.0,2023-05-17,2023-06-30
Ramonchamp,88369,88,2020-08-08 14:35:00,130,2,310.0,2023-05-17,2023-06-30
Ramonchamp,88369,88,2020-10-25 09:05:00,2,2,310.0,2023-05-17,2023-06-30
Rapale,2B257,2B,2020-02-26 01:10:00,30000,2,177.35000000000002,2021-04-29,2022-04-13
Rapale,2B257,2B,2020-10-21 17:49:00,1200,2,177.35000000000002,2021-04-29,2022-04-13
Rasteau,84096,84,2020-04-11 04:26:00,20000,1,40.0,2025-08-08,2025-08-08
Recloses,77386,77,2020-03-26 15:52:00,34000,1,250.0,2025-12-16,2025-12-16
Recoubeau-Jansac,26262,26,2020-08-10 21:07:00,10,2,285.0,2024-11-27,2026-04-16
Redon,35236,35,2020-04-05 18:39:00,25000,4,830.8,2022-11-16,2026-02-06
Remollon,05115,05,2020-07-23 16:53:00,9600,3,415.0,2024-02-12,2024-06-06
Removille,88387,88,2020-09-15 06:03:00,10,4,653.0,2021-07-05,2025-11-03
Reventin-Vaugris,38336,38,2020-04-11 14:41:00,500,9,1481.0,2024-10-01,2026-05-27
Rieux-Minervois,11315,11,2020-04-09 17:05:00,11792,4,459.0,2024-01-18,2026-02-16
Rieux-Minervois,11315,11,2020-08-27 09:42:00,7538,4,459.0,2024-01-18,2026-02-16
Riocaud,33354,33,2020-09-12 12:36:00,400,3,766.0,2021-06-16,2025-04-14
Risoul,05119,05,2020-09-17 17:28:00,700,2,197.0,2022-09-14,2024-09-23
Rives d'Andaine,61096,61,2020-05-26 15:12:00,500,5,661.8,2021-07-02,2026-04-16
Rivesaltes,66164,66,2020-06-08 12:43:00,7000,31,8807.74,2021-02-02,2026-05-12
Rivesaltes,66164,66,2020-06-12 16:37:00,10000,31,8807.74,2021-02-02,2026-05-12
Rivesaltes,66164,66,2020-06-12 17:10:00,2500,31,8807.74,2021-02-02,2026-05-12
Rivière-Salée,97221,972,2020-05-29 18:51:00,3,16,1123.24,2020-10-14,2025-01-30
Rocbaron,83106,83,2020-10-16 14:01:00,3000,4,752.0,2021-09-30,2026-04-23
Rodome,11317,11,2020-02-22 13:21:00,5000,2,308.0,2023-11-08,2024-07-04
Rodome,11317,11,2020-10-27 19:46:00,20,2,308.0,2023-11-08,2024-07-04
Rognac,13081,13,2020-07-24 18:29:00,20,5,1492.0,2020-12-11,2026-01-05
Rognac,13081,13,2020-07-25 11:45:00,2000,5,1492.0,2020-12-11,2026-01-05
Rognac,13081,13,2020-07-31 01:50:00,5,5,1492.0,2020-12-11,2026-01-05
Rognac,13081,13,2020-08-05 16:25:00,87400,5,1492.0,2020-12-11,2026-01-05
Rognac,13081,13,2020-08-16 17:59:00,500,5,1492.0,2020-12-11,2026-01-05
Rognac,13081,13,2020-08-16 22:15:00,1000,5,1492.0,2020-12-11,2026-01-05
Rognac,13081,13,2020-08-27 15:22:00,2000,5,1492.0,2020-12-11,2026-01-05
Rognac,13081,13,2020-08-28 15:06:00,3,5,1492.0,2020-12-11,2026-01-05
Rognac,13081,13,2020-08-28 23:09:00,10,5,1492.0,2020-12-11,2026-01-05
Rognes,13082,13,2020-03-25 10:33:00,750,1,165.0,2023-03-23,2023-03-23
Rognes,13082,13,2020-08-17 12:57:00,100,1,165.0,2023-03-23,2023-03-23
Romorantin-Lanthenay,41194,41,2020-06-23 02:48:00,20,9,2120.0,2024-03-05,2026-04-17
Romorantin-Lanthenay,41194,41,2020-06-27 16:45:00,80,9,2120.0,2024-03-05,2026-04-17
Romorantin-Lanthenay,41194,41,2020-07-02 11:26:00,10,9,2120.0,2024-03-05,2026-04-17
Romorantin-Lanthenay,41194,41,2020-07-11 11:11:00,30,9,2120.0,2024-03-05,2026-04-17
Roquebrune-sur-Argens,83107,83,2020-07-06 14:56:00,100,10,1837.8,2021-10-27,2025-12-08
Roquebrune-sur-Argens,83107,83,2020-08-17 22:01:00,6,10,1837.8,2021-10-27,2025-12-08
Rosans,05126,05,2020-07-07 12:35:00,2000,1,110.0,2024-11-05,2024-11-05
Rosières,81230,81,2020-08-10 14:56:00,1500,3,436.61,2021-02-23,2023-01-10
Roujan,34237,34,2020-03-11 15:21:00,4963,4,1000.0,2025-04-15,2025-06-30
Rountzenheim-Auenheim,67418,67,2020-07-14 18:39:00,1000,4,608.7,2020-11-25,2025-03-26
Rousset,05127,05,2020-07-08 18:46:00,1200,2,402.0,2022-05-25,2022-05-25
Rousset,13087,13,2020-07-25 12:02:00,2000,5,1565.0,2022-04-13,2025-02-12
Roussillon,38344,38,2020-08-24 15:20:00,1200,4,688.75,2023-04-27,2026-01-19
Rousson,30223,30,2020-06-22 10:04:00,18969,2,143.0,2021-08-24,2021-10-11
Rousson,30223,30,2020-09-07 15:10:00,300,2,143.0,2021-08-24,2021-10-11
Rousson,30223,30,2020-09-07 20:35:00,1,2,143.0,2021-08-24,2021-10-11
Roybon,38347,38,2020-04-01 15:23:00,1500,6,895.0,2021-01-06,2024-02-16
Roybon,38347,38,2020-09-16 19:50:00,600,6,895.0,2021-01-06,2024-02-16
Roézé-sur-Sarthe,72253,72,2020-05-27 18:11:00,500,1,99.9,2022-11-16,2022-11-16
Ruaudin,72260,72,2020-05-24 10:54:00,100,7,1305.0,2023-02-22,2026-03-23
Ruaudin,72260,72,2020-07-14 01:01:00,500,7,1305.0,2023-02-22,2026-03-23
Ruaudin,72260,72,2020-08-04 14:18:00,300,7,1305.0,2023-02-22,2026-03-23
Ruaudin,72260,72,2020-08-04 17:13:00,200,7,1305.0,2023-02-22,2026-03-23
Ruaudin,72260,72,2020-08-26 09:48:00,400,7,1305.0,2023-02-22,2026-03-23
Ruffec,36176,36,2020-08-08 14:55:00,2000,9,1424.8,2020-09-04,2024-11-18
Rupt-sur-Moselle,88408,88,2020-03-20 11:41:00,1,2,182.3,2023-11-08,2025-02-18
Rupt-sur-Moselle,88408,88,2020-04-27 11:12:00,300,2,182.3,2023-11-08,2025-02-18
Réaup-Lisse,47221,47,2020-02-23 17:50:00,500,2,11290.0,2020-06-22,2021-01-18
Réchésy,90081,90,2020-05-21 13:30:00,50,1,200.0,2025-10-17,2025-10-17
Réchésy,90081,90,2020-06-27 16:38:00,50,1,200.0,2025-10-17,2025-10-17
Rémalard en Perche,61345,61,2020-04-14 13:01:00,20000,1,99.8,2025-05-20,2025-05-20
Sabres,40246,40,2020-08-13 15:55:00,5000,6,806.0,2022-05-09,2026-02-23
Sagnes-et-Goudoulet,07203,07,2020-06-24 15:40:00,10000,1,110.0,2023-10-23,2023-10-23
Saint Antoine l'Abbaye,38359,38,2020-08-09 15:02:00,150,2,276.0,2021-02-19,2024-10-18
Saint-Aignan,41198,41,2020-07-30 12:02:00,10,4,669.9,2023-09-29,2024-10-01
Saint-Aignan-le-Jaillard,45268,45,2020-07-31 11:40:00,5000,3,350.8,2023-12-19,2024-04-17
Saint-André,66168,66,2020-07-11 14:47:00,6000,1,4576.0,2025-06-02,2025-06-02
Saint-André,97409,974,2020-11-21 12:24:00,5547,17,1435.68,2020-12-08,2025-04-25
Saint-André-d'Embrun,05128,05,2020-06-06 18:00:00,500,1,98.0,2020-06-11,2020-06-11
Saint-André-de-Seignanx,40248,40,2020-04-13 18:54:00,3000,2,319.6,2020-08-12,2025-11-14
Saint-Ange-et-Torçay,28323,28,2020-06-28 16:15:00,50000,1,99.0,2021-10-22,2021-10-22
Saint-Angel,03217,03,2020-08-25 13:17:00,250000,12,2286.0,2021-02-24,2025-10-23
Saint-Antonin-du-Var,83154,83,2020-02-21 11:07:00,1000,1,99.0,2024-08-02,2024-08-02
Saint-Antonin-du-Var,83154,83,2020-05-08 14:43:00,1850,1,99.0,2024-08-02,2024-08-02
Saint-Auban,06116,06,2020-02-10 12:47:00,64000,4,10274.0,2022-06-01,2025-11-18
Saint-Auban,06116,06,2020-02-11 16:07:00,31000,4,10274.0,2022-06-01,2025-11-18
Saint-Auban,06116,06,2020-02-12 12:10:00,52000,4,10274.0,2022-06-01,2025-11-18
Saint-Auban,06116,06,2020-03-26 10:34:00,30000,4,10274.0,2022-06-01,2025-11-18
Saint-Aubin-de-Blaye,33374,33,2020-07-11 20:13:00,8000,2,210.0,2020-10-21,2022-04-04
Saint-Aubin-de-Médoc,33376,33,2020-08-09 18:13:00,1000,4,516.0,2021-02-15,2025-09-01
Saint-Aubin-de-Médoc,33376,33,2020-09-04 19:49:00,300,4,516.0,2021-02-15,2025-09-01
Saint-Aubin-du-Cormier,35253,35,2020-05-21 12:41:00,30000,4,416.99,2021-09-10,2025-11-24
Saint-Aubin-du-Cormier,35253,35,2020-08-08 16:49:00,10000,4,416.99,2021-09-10,2025-11-24
Saint-Avit,63320,63,2020-06-24 15:00:00,845,2,201.4,2024-06-05,2024-06-05
Saint-Barthélemy-de-Vals,26295,26,2020-07-06 16:41:00,8000,1,100.0,2022-07-05,2022-07-05
Saint-Baudille-de-la-Tour,38365,38,2020-08-06 14:30:00,400,1,220.0,2024-05-27,2024-05-27
Saint-Beauzire,43170,43,2020-04-11 13:39:00,22000,3,717.0,2021-04-08,2025-07-17
Saint-Benoît,04174,04,2020-08-07 12:12:00,150,1,90.0,2022-05-17,2022-05-17
Saint-Benoît,97410,974,2020-11-07 13:04:00,10000,10,1273.8,2020-12-08,2024-09-13
Saint-Branchs,37211,37,2020-07-23 21:51:00,50,3,626.0,2024-04-29,2026-01-20
Saint-Cannat,13091,13,2020-04-02 17:41:00,1200,5,498.6,2022-06-24,2026-01-21
Saint-Cannat,13091,13,2020-07-13 22:40:00,50,5,498.6,2022-06-24,2026-01-21
Saint-Chamas,13092,13,2020-06-02 11:16:00,200,2,229.0,2025-03-14,2025-11-20
Saint-Chamas,13092,13,2020-06-18 15:28:00,300,2,229.0,2025-03-14,2025-11-20
Saint-Chamas,13092,13,2020-08-29 14:55:00,20,2,229.0,2025-03-14,2025-11-20
Saint-Chef,38374,38,2020-07-14 00:57:00,600,4,418.0,2020-10-08,2026-02-17
Saint-Christol-lez-Alès,30243,30,2020-08-23 13:27:00,285,1,220.0,2025-01-09,2025-01-09
Saint-Christoly-de-Blaye,33382,33,2020-07-21 23:13:00,7000,3,388.0,2022-02-15,2025-03-27
Saint-Christoly-de-Blaye,33382,33,2020-08-01 22:20:00,500,3,388.0,2022-02-15,2025-03-27
Saint-Cirq-Lapopie,46256,46,2020-07-20 21:18:00,65000,2,319.0,2022-12-05,2023-11-28
Saint-Claude,39478,39,2020-03-18 15:20:00,1000,1,154.0,2025-12-05,2025-12-05
Saint-Claude-de-Diray,41204,41,2020-01-17 14:53:00,100,2,495.0,2026-01-16,2026-04-15
Saint-Claude-de-Diray,41204,41,2020-07-11 14:35:00,4000,2,495.0,2026-01-16,2026-04-15
Saint-Claude-de-Diray,41204,41,2020-07-25 15:52:00,1000,2,495.0,2026-01-16,2026-04-15
Saint-Cyr,87141,87,2020-04-13 20:42:00,200,3,636.0,2024-09-19,2026-05-20
Saint-Cyr-des-Gâts,85205,85,2020-06-07 18:04:00,5,7,974.0,2022-06-01,2025-01-23
Saint-Cyr-sur-Mer,83112,83,2020-08-22 23:05:00,100,2,146.0,2026-03-13,2026-03-16
Saint-Denis,97411,974,2020-02-06 10:29:00,2000,22,4067.64,2020-02-11,2025-11-10
Saint-Denis,97411,974,2020-09-17 12:41:00,4465,18,2522.64,2020-09-29,2025-11-10
Saint-Denis,11339,11,2020-09-29 18:24:00,20,2,184.0,2025-10-24,2025-10-24
Saint-Denis,97411,974,2020-10-17 11:30:00,9774,16,2350.87,2020-12-01,2025-11-10
Saint-Denis-de-Pile,33393,33,2020-07-17 15:44:00,10000,8,1614.9,2021-02-24,2026-02-05
Saint-Denis-de-Pile,33393,33,2020-08-04 16:53:00,30000,8,1614.9,2021-02-24,2026-02-05
Saint-Denis-de-Pile,33393,33,2020-08-09 12:09:00,3000,8,1614.9,2021-02-24,2026-02-05
Saint-Denis-de-Pile,33393,33,2020-08-11 18:01:00,30000,8,1614.9,2021-02-24,2026-02-05
Saint-Denis-de-Pile,33393,33,2020-08-26 18:06:00,1000,8,1614.9,2021-02-24,2026-02-05
Saint-Denis-de-Pile,33393,33,2020-09-01 15:17:00,30000,8,1614.9,2021-02-24,2026-02-05
Saint-Dié-des-Vosges,88413,88,2020-06-22 21:29:00,2,4,1220.0,2022-10-24,2026-04-10
Saint-Dié-des-Vosges,88413,88,2020-06-24 16:03:00,10,4,1220.0,2022-10-24,2026-04-10
Saint-Dié-des-Vosges,88413,88,2020-07-09 09:23:00,2,4,1220.0,2022-10-24,2026-04-10
Saint-Dié-des-Vosges,88413,88,2020-07-21 13:29:00,5,4,1220.0,2022-10-24,2026-04-10
Saint-Dié-des-Vosges,88413,88,2020-08-13 08:54:00,40,4,1220.0,2022-10-24,2026-04-10
Saint-Esteben,64476,64,2020-02-03 18:31:00,1,2,375.0,2025-03-03,2025-10-23
Saint-Estève,66172,66,2020-07-07 10:30:00,80000,16,4796.55,2021-05-06,2026-04-15
Saint-Estève,66172,66,2020-08-05 09:52:00,15000,16,4796.55,2021-05-06,2026-04-15
Saint-Estève-Janson,13093,13,2020-04-09 13:05:00,3000,3,310.0,2025-03-04,2026-02-25
Saint-Estève-Janson,13093,13,2020-07-07 15:10:00,50,3,310.0,2025-03-04,2026-02-25
Saint-Front,43186,43,2020-03-27 13:34:00,20000,2,349.0,2024-03-20,2024-04-10
Saint-Georges,15188,15,2020-04-10 14:38:00,500,7,1059.0,2020-05-14,2025-10-01
Saint-Georges-d'Espéranche,38389,38,2020-04-04 16:41:00,800,6,3995.0,2021-06-28,2026-01-20
Saint-Georges-d'Espéranche,38389,38,2020-04-12 17:40:00,500,6,3995.0,2021-06-28,2026-01-20
Saint-Georges-d'Espéranche,38389,38,2020-07-25 17:53:00,1500,6,3995.0,2021-06-28,2026-01-20
Saint-Georges-sur-Cher,41211,41,2020-04-08 16:24:00,20,5,644.8,2021-02-09,2026-01-05
Saint-Georges-sur-Cher,41211,41,2020-08-14 18:53:00,60,5,644.8,2021-02-09,2026-01-05
Saint-Germain-du-Teil,48156,48,2020-09-17 14:26:00,250,2,142.0,2025-02-19,2025-12-08
Saint-Goazec,29249,29,2020-04-15 16:48:00,3000,3,315.0,2025-01-09,2025-11-17
Saint-Gély-du-Fesc,34255,34,2020-08-04 17:28:00,1486,2,238.0,2023-01-18,2024-06-07
Saint-Généroux,79252,79,2020-07-03 16:48:00,40000,7,1103.9,2020-08-18,2026-04-23
Saint-Géry,24420,24,2020-07-27 14:07:00,30000,5,669.5,2021-07-05,2025-01-17
Saint-Hilaire-de-Riez,85226,85,2020-06-09 06:43:00,1,17,3210.0,2021-01-27,2026-05-28
Saint-Hilaire-de-Riez,85226,85,2020-07-09 21:51:00,20,17,3210.0,2021-01-27,2026-05-28
Saint-Hilaire-le-Château,23202,23,2020-04-10 18:03:00,10000,2,232.8,2023-06-20,2026-01-29
Saint-Hippolyte,66176,66,2020-08-03 19:04:00,200000,2,198.9,2024-08-13,2024-10-29
Saint-Jean-d'Illac,33422,33,2020-07-23 19:04:00,2000,4,597.0,2023-05-02,2026-04-10
Saint-Jean-d'Illac,33422,33,2020-08-16 10:30:00,1500,4,597.0,2023-05-02,2026-04-10
Saint-Jean-de-Bournay,38399,38,2020-09-17 16:20:00,100,8,1262.5,2022-06-08,2026-05-27
Saint-Jean-de-Monts,85234,85,2020-07-22 21:08:00,5,12,2335.0,2021-03-31,2026-01-21
Saint-Jean-du-Pin,30270,30,2020-11-23 13:21:00,4529,1,1500.0,2025-10-07,2025-10-07
Saint-Jean-la-Fouillouse,48160,48,2020-04-09 19:20:00,30000,2,178.0,2022-07-11,2025-01-31
Saint-Just-d'Ardèche,07259,07,2020-08-22 17:29:00,20000,2,196.0,2021-11-30,2022-08-18
Saint-Just-le-Martel,87156,87,2020-04-16 16:32:00,3000,4,700.0,2023-03-15,2023-10-25
Saint-Just-sur-Viaur,12235,12,2020-02-20 19:02:00,20000,3,620.0,2025-01-20,2025-09-10
Saint-Just-sur-Viaur,12235,12,2020-04-10 16:38:00,20000,3,620.0,2025-01-20,2025-09-10
Saint-Laurent-Nouan,41220,41,2020-07-21 18:20:00,100,4,520.41,2021-01-06,2025-01-06
Saint-Laurent-de-Céris,16329,16,2020-08-20 17:57:00,45000,5,622.0,2021-03-05,2026-01-07
Saint-Laurent-de-la-Cabrerisse,11351,11,2020-02-23 17:29:00,1500,2,180.0,2022-09-13,2023-02-27
Saint-Laurent-de-la-Salle,85237,85,2020-04-15 15:32:00,1000,2,450.0,2023-09-13,2025-04-07
Saint-Laurent-les-Tours,46273,46,2020-08-10 16:27:00,10000,5,1175.0,2024-01-29,2026-03-06
Saint-Laurent-les-Tours,46273,46,2020-08-11 17:41:00,200,5,1175.0,2024-01-29,2026-03-06
Saint-Leu,97413,974,2020-10-18 11:58:00,30000,4,1775.46,2022-05-10,2023-12-01
Saint-Leu,97413,974,2020-11-21 14:12:00,10000,4,1775.46,2022-05-10,2023-12-01
Saint-Loup-d'Ordon,89350,89,2020-08-25 20:13:00,30300,2,309.0,2021-03-12,2023-06-05
Saint-Lyé,10349,10,2020-07-17 13:58:00,10000,2,436.0,2025-07-30,2026-01-29
Saint-Lyé,10349,10,2020-07-21 00:55:00,10000,2,436.0,2025-07-30,2026-01-29
Saint-Lyé,10349,10,2020-07-24 05:28:00,10000,2,436.0,2025-07-30,2026-01-29
Saint-Lyé,10349,10,2020-07-25 11:36:00,10000,2,436.0,2025-07-30,2026-01-29
Saint-Léger-Magnazeix,87160,87,2020-04-19 17:45:00,800,11,1582.5,2020-07-16,2026-02-17
Saint-Léger-Magnazeix,87160,87,2020-06-23 17:26:00,10000,11,1582.5,2020-07-16,2026-02-17
Saint-Léger-de-Peyre,48168,48,2020-03-18 14:33:00,30000,3,565.0,2022-02-16,2025-10-21
Saint-Magne,33436,33,2020-07-24 20:12:00,30,4,33088.0,2021-02-02,2022-12-01
Saint-Magne,33436,33,2020-08-12 15:27:00,5000,4,33088.0,2021-02-02,2022-12-01
Saint-Magne,33436,33,2020-09-18 14:30:00,2000,4,33088.0,2021-02-02,2022-12-01
Saint-Marcel-lès-Annonay,07265,07,2020-08-01 13:46:00,638600,4,775.0,2023-10-25,2025-01-23
Saint-Marcel-sur-Aude,11353,11,2020-12-13 14:53:00,150,3,272.0,2023-03-29,2024-11-13
Saint-Mars-Vieux-Maisons,77421,77,2020-09-16 17:32:00,1000,2,302.8,2023-07-10,2024-03-11
Saint-Mars-d'Outillé,72299,72,2020-05-19 16:44:00,30000,1,89.0,2020-06-17,2020-06-17
Saint-Mars-d'Outillé,72299,72,2020-05-30 13:40:00,5,1,89.0,2020-06-17,2020-06-17
Saint-Mars-la-Brière,72300,72,2020-08-25 16:27:00,600,4,4561.0,2020-10-01,2026-03-18
Saint-Martial-de-Gimel,19220,19,2020-09-14 17:03:00,15000,1,99.0,2025-01-20,2025-01-20
Saint-Martin-Lalande,11356,11,2020-09-06 18:44:00,585,3,3810.0,2024-03-18,2025-06-03
Saint-Martin-Vésubie,06127,06,2020-02-25 12:01:00,1000,1,88.0,2024-11-08,2024-11-08
Saint-Martin-d'Abbat,45290,45,2020-08-06 12:48:00,10000,4,626.8,2023-01-19,2025-01-08
Saint-Martin-d'Oney,40274,40,2020-07-30 22:13:00,10000,3,1658.0,2020-11-02,2024-07-31
Saint-Martin-de-Brômes,04189,04,2020-03-23 17:00:00,300,1,86.0,2022-01-19,2022-01-19
Saint-Martin-de-Coux,17366,17,2020-08-12 17:20:00,3000,2,249.82,2023-01-26,2023-02-08
Saint-Martin-de-Crau,13097,13,2020-05-25 22:17:00,12,42,18263.4,2021-01-27,2026-05-26
Saint-Martin-de-Crau,13097,13,2020-07-16 17:26:00,10000,42,18263.4,2021-01-27,2026-05-26
Saint-Martin-de-la-Cluze,38115,38,2020-07-17 12:32:00,4000,1,249.8,2025-08-27,2025-08-27
Saint-Martin-des-Bois,41225,41,2020-08-09 15:53:00,30000,10,1647.8,2022-03-30,2025-08-13
Saint-Martin-des-Entrées,14630,14,2020-07-21 15:13:00,800,4,889.8,2022-10-04,2026-03-16
Saint-Martin-l'Astier,24457,24,2020-09-03 17:47:00,15000,1,240.0,2023-12-14,2023-12-14
Saint-Maurice-Navacelles,34277,34,2020-08-17 15:07:00,17129,2,189.62,2022-05-16,2022-06-07
Saint-Maurice-sur-Moselle,88426,88,2020-07-23 21:09:00,30,1,99.9,2024-11-21,2024-11-21
Saint-Merd-de-Lapleau,19225,19,2020-08-06 11:13:00,15000,2,315.0,2023-04-25,2025-12-12
Saint-Merd-les-Oussines,19226,19,2020-08-11 19:11:00,10000,2,349.0,2021-05-26,2025-04-22
Saint-Mitre-les-Remparts,13098,13,2020-07-10 15:49:00,200,5,426.0,2020-09-04,2024-08-29
Saint-Médard-d'Eyrans,33448,33,2020-07-19 20:56:00,4000,2,264.94,2022-12-13,2025-05-13
Saint-Médard-de-Mussidan,24462,24,2020-09-03 18:28:00,10000,13,2101.0,2021-03-03,2026-04-24
Saint-Médard-en-Jalles,33449,33,2020-02-24 15:22:00,10,5,2782.0,2022-01-12,2025-05-21
Saint-Médard-en-Jalles,33449,33,2020-04-14 16:07:00,798600,5,2782.0,2022-01-12,2025-05-21
Saint-Médard-en-Jalles,33449,33,2020-07-19 20:37:00,500,5,2782.0,2022-01-12,2025-05-21
Saint-Médard-en-Jalles,33449,33,2020-07-29 16:27:00,4000,5,2782.0,2022-01-12,2025-05-21
Saint-Médard-en-Jalles,33449,33,2020-07-30 14:12:00,25000,5,2782.0,2022-01-12,2025-05-21
Saint-Médard-la-Rochette,23220,23,2020-08-06 17:00:00,20000,8,2915.9,2021-06-09,2024-07-15
Saint-Nabord,88429,88,2020-08-18 17:08:00,100,4,446.6,2024-01-30,2026-03-30
Saint-Nazaire-d'Aude,11360,11,2020-03-24 12:00:00,6000,1,110.0,2026-04-28,2026-04-28
Saint-Ouen,41226,41,2020-03-20 14:35:00,30,6,1045.0,2020-08-19,2026-03-20
Saint-Ouen,41226,41,2020-07-29 10:49:00,1000,6,1045.0,2020-08-19,2026-03-20
Saint-Palais-de-Négrignac,17378,17,2020-09-13 22:34:00,28700,2,263.0,2021-10-22,2026-04-08
Saint-Papoul,11361,11,2020-04-16 21:38:00,5000,6,5790.7,2021-10-21,2026-04-08
Saint-Pardoux,63382,63,2020-08-06 12:45:00,1323,2,349.0,2025-05-19,2026-04-22
Saint-Paul,97415,974,2020-05-04 13:53:00,10000,18,7004.68,2020-06-30,2025-01-01
Saint-Paul,97415,974,2020-09-17 09:06:00,1356,16,6805.58,2020-09-24,2025-01-01
Saint-Paul,97415,974,2020-10-14 11:21:00,7614,15,6706.38,2020-10-27,2025-01-01
Saint-Paul,97415,974,2020-10-16 20:37:00,11655,15,6706.38,2020-10-27,2025-01-01
Saint-Paul,97415,974,2020-10-31 14:06:00,41347,14,6627.02,2020-11-03,2025-01-01
Saint-Paul,97415,974,2020-11-06 19:03:00,1810000,13,6528.02,2020-12-10,2025-01-01
Saint-Paul,97415,974,2020-11-07 12:42:00,10000,13,6528.02,2020-12-10,2025-01-01
Saint-Paul,97415,974,2020-11-21 19:39:00,3000,13,6528.02,2020-12-10,2025-01-01
Saint-Paul-Flaugnac,46103,46,2020-03-20 14:59:00,10000,7,1001.0,2021-05-05,2026-03-23
Saint-Paul-Flaugnac,46103,46,2020-03-24 16:09:00,150,7,1001.0,2021-05-05,2026-03-23
Saint-Paul-de-Vence,06128,06,2020-09-28 14:25:00,800,1,64.24,2021-07-01,2021-07-01
Saint-Paul-lès-Dax,40279,40,2020-09-13 17:33:00,7850,13,2323.2,2021-09-27,2026-05-06
Saint-Paul-lès-Durance,13099,13,2020-07-15 15:09:00,30,4,5645.0,2021-10-11,2025-06-05
Saint-Paul-sur-Ubaye,04193,04,2020-07-09 16:13:00,4,1,99.0,2022-10-11,2022-10-11
Saint-Perdon,40280,40,2020-07-31 06:53:00,10,1,250.0,2024-04-08,2024-04-08
Saint-Pierre-d'Oléron,17385,17,2020-07-21 12:06:00,1500,4,339.9,2021-01-18,2025-08-19
Saint-Pierre-d'Oléron,17385,17,2020-08-02 19:52:00,30,4,339.9,2021-01-18,2025-08-19
Saint-Pierre-de-Bressieux,38440,38,2020-07-28 16:00:00,5000,1,159.0,2024-09-05,2024-09-05
Saint-Pierre-de-Maillé,86236,86,2020-04-10 17:48:00,50000,16,2743.0,2021-01-11,2026-03-16
Saint-Pierre-du-Lorouër,72314,72,2020-05-07 19:41:00,20,2,375.0,2026-01-12,2026-03-04
Saint-Pierre-du-Mont,40281,40,2020-09-01 14:31:00,10000,11,2580.3,2020-09-02,2024-11-15
Saint-Pierreville,07286,07,2020-04-06 11:25:00,500,3,231.6,2020-08-04,2020-12-21
Saint-Pons-de-Thomières,34284,34,2020-08-02 18:10:00,53,1,380.0,2024-02-27,2024-02-27
Saint-Priest-Ligoure,87176,87,2020-10-30 15:09:00,200,8,1164.0,2021-03-12,2026-02-03
Saint-Priest-Taurion,87178,87,2020-10-14 15:12:00,30000,3,4232.8,2021-09-06,2025-09-17
Saint-Prim,38448,38,2020-04-05 16:46:00,1500,3,415.0,2021-10-26,2025-10-21
Saint-Prim,38448,38,2020-09-15 13:08:00,6000,3,415.0,2021-10-26,2025-10-21
Saint-Père,89364,89,2020-04-05 15:23:00,30000,2,308.0,2022-01-06,2024-09-04
Saint-Péray,07281,07,2020-07-31 15:23:00,120000,6,522.0,2021-05-06,2025-05-06
Saint-Quentin-Fallavier,38449,38,2020-08-22 16:58:00,1500,27,8630.2,2021-01-22,2026-04-23
Saint-Romain,21569,21,2020-08-17 19:14:00,5000,1,110.0,2025-02-05,2025-02-05
Saint-Romain-de-Jalionas,38451,38,2020-08-06 18:25:00,1000,5,467.8,2024-12-02,2026-01-20
Saint-Rémy-de-Provence,13100,13,2020-07-26 00:00:00,10,27,8052.0,2021-02-17,2026-04-21
Saint-Rémy-de-Provence,13100,13,2020-08-24 01:54:00,780,27,8052.0,2021-02-17,2026-04-21
Saint-Rémy-de-Provence,13100,13,2020-10-11 12:39:00,20,27,8052.0,2021-02-17,2026-04-21
Saint-Sernin,47278,47,2020-04-15 15:49:00,5000,9,1266.2,2020-06-16,2025-11-04
Saint-Sernin,47278,47,2020-08-10 14:25:00,10100,8,1167.2,2022-12-12,2025-11-04
Saint-Sernin-sur-Rance,12248,12,2020-08-23 01:15:00,20000,1,344.0,2024-04-18,2024-04-18
Saint-Siméon-de-Bressieux,38457,38,2020-07-31 11:27:00,2000,5,1090.0,2023-07-05,2026-01-08
Saint-Symphorien,33484,33,2020-08-05 00:28:00,50,3,597.0,2025-01-22,2026-04-23
Saint-Trojan-les-Bains,17411,17,2020-07-09 14:52:00,400,2,121.0,2021-01-18,2024-08-21
Saint-Trojan-les-Bains,17411,17,2020-08-03 09:03:00,50,2,121.0,2021-01-18,2024-08-21
Saint-Trojan-les-Bains,17411,17,2020-08-08 16:09:00,500,2,121.0,2021-01-18,2024-08-21
Saint-Trojan-les-Bains,17411,17,2020-08-08 16:20:00,600,2,121.0,2021-01-18,2024-08-21
Saint-Vallier,26333,26,2020-09-18 17:28:00,5000,4,501.0,2021-08-25,2026-04-01
Saint-Vallier-de-Thiey,06130,06,2020-02-11 06:17:00,392700,1,77.0,2023-11-29,2023-11-29
Saint-Vallier-de-Thiey,06130,06,2020-02-25 15:02:00,10000,1,77.0,2023-11-29,2023-11-29
Saint-Vallier-de-Thiey,06130,06,2020-02-26 10:42:00,1000,1,77.0,2023-11-29,2023-11-29
Saint-Viance,19246,19,2020-08-05 16:12:00,10000,5,740.0,2020-08-19,2025-11-27
Saint-Victor,07301,07,2020-08-13 16:21:00,1000,1,192.0,2023-07-13,2023-07-13
Saint-Victoret,13102,13,2020-07-25 15:46:00,30,2,420.0,2024-03-08,2025-05-05
Saint-Vincent-sur-Jabron,04199,04,2020-08-07 15:40:00,351400,2,504.0,2025-07-15,2025-07-15
Saint-Viâtre,41231,41,2020-09-08 17:50:00,10000,1,88.0,2024-09-17,2024-09-17
Saint-Égrève,38382,38,2020-07-14 18:43:00,150,8,2104.3,2023-10-04,2025-06-19
Saint-Égrève,38382,38,2020-08-11 11:42:00,100,8,2104.3,2023-10-04,2025-06-19
Saint-Étienne,42218,42,2020-09-14 01:01:00,100000,42,6329.6,2021-06-01,2026-03-27
Saint-Étienne,42218,42,2020-09-14 15:52:00,100000,42,6329.6,2021-06-01,2026-03-27
Saint-Étienne-lès-Remiremont,88415,88,2020-05-03 11:40:00,1,4,556.0,2024-12-16,2026-03-09
Sainte-Barbe,88410,88,2020-09-25 19:57:00,300,1,210.0,2024-09-11,2024-09-11
Sainte-Eanne,79246,79,2020-07-30 17:19:00,80000,4,889.375,2021-11-18,2023-04-04
Sainte-Fortunade,19203,19,2020-04-07 11:06:00,5,4,942.0,2020-11-17,2025-09-03
Sainte-Gemme,81249,81,2020-07-30 14:06:00,600,8,1362.88,2021-05-04,2025-03-11
Sainte-Hélène,33417,33,2020-08-08 14:03:00,10000,4,607.0,2020-11-04,2024-10-28
Sainte-Marie,97418,974,2020-11-07 07:17:00,13900,15,1809.15,2020-12-02,2024-12-12
Sainte-Marie-aux-Mines,68298,68,2020-04-22 08:15:00,600,1,240.0,2024-01-03,2024-01-03
Sainte-Suzanne-et-Chammes,53255,53,2020-07-31 13:53:00,100000,4,4690.0,2021-03-10,2026-02-16
Sainte-Trie,24507,24,2020-07-24 18:18:00,10000,2,312.0,2021-04-28,2024-02-26
Saissac,11367,11,2020-02-22 16:34:00,1100,5,548.97,2021-01-15,2023-11-13
Saissac,11367,11,2020-08-19 15:56:00,4395,5,548.97,2021-01-15,2023-11-13
Saissac,11367,11,2020-08-19 17:45:00,3,5,548.97,2021-01-15,2023-11-13
Salaise-sur-Sanne,38468,38,2020-05-08 17:16:00,300,8,5984.0,2022-06-08,2026-05-28
Salaise-sur-Sanne,38468,38,2020-07-09 13:53:00,7000,8,5984.0,2022-06-08,2026-05-28
Saliceto,2B267,2B,2020-09-21 15:50:00,1,1,99.75,2023-05-09,2023-05-09
Salignac,04200,04,2020-08-16 18:31:00,290,1,90.0,2020-12-22,2020-12-22
Sallenôves,74257,74,2020-04-23 16:12:00,500,1,100.32,2025-01-16,2025-01-16
Salles,33498,33,2020-04-05 01:23:00,400,6,771.0,2021-04-01,2025-11-06
Salles,33498,33,2020-08-12 11:23:00,20,6,771.0,2021-04-01,2025-11-06
Salles,33498,33,2020-08-20 14:42:00,5000,6,771.0,2021-04-01,2025-11-06
Salles-d'Aude,11370,11,2020-01-02 14:11:00,50,1,220.0,2025-03-03,2025-03-03
Salles-d'Aude,11370,11,2020-08-20 11:46:00,200,1,220.0,2025-03-03,2025-03-03
Salon-de-Provence,13103,13,2020-06-10 18:03:00,20,30,7057.0,2020-08-20,2026-04-28
Salon-de-Provence,13103,13,2020-06-11 04:45:00,10,30,7057.0,2020-08-20,2026-04-28
Salon-de-Provence,13103,13,2020-06-24 20:02:00,40,30,7057.0,2020-08-20,2026-04-28
Salon-de-Provence,13103,13,2020-07-08 18:31:00,50,30,7057.0,2020-08-20,2026-04-28
Salon-de-Provence,13103,13,2020-07-15 17:49:00,1000,30,7057.0,2020-08-20,2026-04-28
Salon-de-Provence,13103,13,2020-07-16 06:34:00,2,30,7057.0,2020-08-20,2026-04-28
Salses-le-Château,66190,66,2020-07-17 18:04:00,20000,1,99.0,2021-03-12,2021-03-12
Salses-le-Château,66190,66,2020-09-06 02:40:00,10000,1,99.0,2021-03-12,2021-03-12
Salses-le-Château,66190,66,2020-11-25 20:45:00,15000,1,99.0,2021-03-12,2021-03-12
Salviac,46297,46,2020-09-12 13:11:00,10000,6,778.8,2021-09-22,2026-05-20
Sambin,41233,41,2020-08-01 15:47:00,20,1,82.8,2023-06-27,2023-06-27
San-Giuliano,2B303,2B,2020-02-26 03:55:00,500,3,299.91999999999996,2021-11-18,2023-09-19
Sanguinet,40287,40,2020-08-12 11:08:00,20,1,99.0,2022-04-12,2022-04-12
Sanguinet,40287,40,2020-08-12 18:32:00,50,1,99.0,2022-04-12,2022-04-12
Santenay,41234,41,2020-07-13 16:28:00,100,2,322.8,2021-09-14,2025-07-10
Santenay,41234,41,2020-07-23 18:21:00,40,2,322.8,2021-09-14,2025-07-10
Santo-Pietro-di-Tenda,2B314,2B,2020-01-11 15:30:00,5000,6,583.45,2021-08-04,2023-10-26
Santo-Pietro-di-Tenda,2B314,2B,2020-02-04 15:25:00,1000,6,583.45,2021-08-04,2023-10-26
Santo-Pietro-di-Tenda,2B314,2B,2020-02-11 09:32:00,1000,6,583.45,2021-08-04,2023-10-26
Sare,64504,64,2020-02-16 03:27:00,100000,2,349.0,2023-05-02,2025-05-14
Sare,64504,64,2020-09-15 19:46:00,10000,2,349.0,2023-05-02,2025-05-14
Sargé-sur-Braye,41235,41,2020-09-24 18:49:00,10,4,514.6,2021-08-09,2026-04-15
Sarran,19251,19,2020-04-07 18:00:00,200,2,547.0,2025-07-25,2025-12-01
Sarrola-Carcopino,2A271,2A,2020-01-28 14:24:00,1,19,1857.38,2020-09-08,2026-02-18
Sarrola-Carcopino,2A271,2A,2020-02-04 17:14:00,1,19,1857.38,2020-09-08,2026-02-18
Sartène,2A272,2A,2020-01-08 15:28:00,1,6,582.84,2021-04-15,2025-02-26
Sartène,2A272,2A,2020-04-16 10:46:00,30,6,582.84,2021-04-15,2025-02-26
Sartène,2A272,2A,2020-06-15 17:30:00,20,6,582.84,2021-04-15,2025-02-26
Sartène,2A272,2A,2020-08-24 08:14:00,100,6,582.84,2021-04-15,2025-02-26
Satolas-et-Bonce,38475,38,2020-08-07 15:56:00,6200,5,694.0,2021-01-11,2025-03-20
Saugon,33502,33,2020-08-11 18:42:00,10000,1,198.0,2023-09-28,2023-09-28
Saujac,12261,12,2020-07-31 17:52:00,198500,2,375.0,2025-03-04,2025-12-16
Saulgond,16363,16,2020-09-04 15:51:00,8000,4,517.0,2022-07-07,2026-04-07
Sault,84123,84,2020-07-17 22:40:00,10000,11,3496.0,2020-09-28,2025-12-11
Sault,84123,84,2020-08-01 20:54:00,3200,11,3496.0,2020-09-28,2025-12-11
Saulx,70478,70,2020-07-23 10:47:00,10,2,420.0,2025-01-29,2025-01-29
Saulxures-sur-Moselotte,88447,88,2020-08-25 22:30:00,30000,2,465.0,2023-10-06,2025-11-21
Sauveterre-de-Comminges,31535,31,2020-03-28 14:55:00,1000,3,605.0,2021-11-24,2025-11-17
Saze,30315,30,2020-07-12 12:16:00,842,4,1333.5,2022-04-19,2023-10-19
Seignosse,40296,40,2020-08-03 16:02:00,60000,1,55.0,2020-11-04,2020-11-04
Selles-sur-Cher,41242,41,2020-03-19 11:47:00,20,3,435.0,2020-08-06,2024-12-02
Selles-sur-Cher,41242,41,2020-03-30 14:34:00,200,3,435.0,2020-08-06,2024-12-02
Selommes,41243,41,2020-08-09 21:07:00,5,1,89.0,2021-12-09,2021-12-09
Selongey,21599,21,2020-04-10 13:43:00,15000,1,200.0,2025-03-31,2025-03-31
Selongey,21599,21,2020-08-06 13:49:00,5152,1,200.0,2025-03-31,2025-03-31
Selongey,21599,21,2020-08-08 14:29:00,200,1,200.0,2025-03-31,2025-03-31
Selonnet,04203,04,2020-08-03 12:36:00,1,1,110.0,2023-09-05,2023-09-05
Senez,04204,04,2020-08-28 15:47:00,6000,1,99.99,2025-06-10,2025-06-10
Septèmes-les-Vallons,13106,13,2020-07-12 03:37:00,500,2,5850.0,2022-08-24,2026-05-21
Septèmes-les-Vallons,13106,13,2020-07-14 19:04:00,1500,2,5850.0,2022-08-24,2026-05-21
Septèmes-les-Vallons,13106,13,2020-07-14 21:43:00,10,2,5850.0,2022-08-24,2026-05-21
Septèmes-les-Vallons,13106,13,2020-07-14 23:02:00,10,2,5850.0,2022-08-24,2026-05-21
Septèmes-les-Vallons,13106,13,2020-07-30 15:33:00,10,2,5850.0,2022-08-24,2026-05-21
Septèmes-les-Vallons,13106,13,2020-08-03 13:25:00,12,2,5850.0,2022-08-24,2026-05-21
Septèmes-les-Vallons,13106,13,2020-08-03 20:34:00,600,2,5850.0,2022-08-24,2026-05-21
Septèmes-les-Vallons,13106,13,2020-08-18 14:33:00,1900,2,5850.0,2022-08-24,2026-05-21
Sermentizon,63418,63,2020-07-27 15:42:00,33161,4,629.9,2021-03-31,2025-02-05
Serra-di-Ferro,2A276,2A,2020-02-04 18:59:00,50,3,299.0,2024-07-02,2024-10-16
Serra-di-Ferro,2A276,2A,2020-02-06 09:31:00,1,3,299.0,2024-07-02,2024-10-16
Seulline,14579,14,2020-08-26 17:19:00,150,1,85.0,2021-05-25,2021-05-25
Seyne,04205,04,2020-08-07 15:08:00,4200,12,1955.0,2021-03-25,2026-05-07
Seyne,04205,04,2020-08-09 08:38:00,1,12,1955.0,2021-03-25,2026-05-07
Seyssel,74269,74,2020-04-19 18:13:00,300,2,199.6,2021-02-24,2025-01-29
Sigean,11379,11,2020-06-13 22:27:00,300,4,974.0,2025-09-12,2026-04-14
Sigean,11379,11,2020-06-20 16:31:00,3900,4,974.0,2025-09-12,2026-04-14
Sigloy,45311,45,2020-08-07 06:30:00,130000,4,695.0,2022-01-28,2025-09-16
Simiane-Collongue,13107,13,2020-07-15 17:45:00,300,1,77.0,2025-01-03,2025-01-03
Simiane-Collongue,13107,13,2020-08-21 22:30:00,3,1,77.0,2025-01-03,2025-01-03
Simiane-la-Rotonde,04208,04,2020-07-20 14:34:00,1900,5,8120.0,2021-07-12,2024-03-01
Siran,34302,34,2020-03-11 18:46:00,15599,1,50.0,2025-11-13,2025-11-13
Sonnay,38496,38,2020-07-30 16:43:00,600,4,940.0,2024-10-22,2025-12-23
Sorbets,40305,40,2020-11-02 19:06:00,30,5,866.0,2021-02-12,2026-01-21
Sorbo-Ocagnano,2B286,2B,2020-02-25 18:04:00,3000,5,467.94000000000005,2021-03-09,2022-03-09
Sorbo-Ocagnano,2B286,2B,2020-08-08 06:59:00,100,5,467.94000000000005,2021-03-09,2022-03-09
Sorbo-Ocagnano,2B286,2B,2020-08-13 21:55:00,12800,5,467.94000000000005,2021-03-09,2022-03-09
Sorbo-Ocagnano,2B286,2B,2020-09-11 18:49:00,7000,5,467.94000000000005,2021-03-09,2022-03-09
Sore,40307,40,2020-08-12 16:49:00,80,8,22994.0,2021-03-31,2025-05-07
Sorgues,84129,84,2020-07-14 15:01:00,50000,15,2105.8,2021-09-15,2026-04-22
Sorgues,84129,84,2020-07-15 18:33:00,550,15,2105.8,2021-09-15,2026-04-22
Sort-en-Chalosse,40308,40,2020-07-14 21:10:00,200,3,424.8,2020-08-13,2026-05-27
Sos,47302,47,2020-08-21 20:08:00,3000,1,66.0,2025-10-01,2025-10-01
Sotta,2A288,2A,2020-02-05 16:31:00,1,1,99.9,2021-10-12,2021-10-12
Sotta,2A288,2A,2020-06-19 12:14:00,80,1,99.9,2021-10-12,2021-10-12
Sotta,2A288,2A,2020-08-23 05:07:00,400,1,99.9,2021-10-12,2021-10-12
Souesmes,41249,41,2020-09-14 15:45:00,500000,2,187.0,2021-09-29,2024-06-05
Soulosse-sous-Saint-Élophe,88460,88,2020-08-13 01:32:00,200,2,297.0,2021-01-13,2023-07-11
Souppes-sur-Loing,77458,77,2020-09-09 18:15:00,200,4,8209.77,2021-12-27,2026-02-11
Souraïde,64527,64,2020-07-23 21:59:00,2,1,125.0,2025-07-17,2025-07-17
Sousceyrac-en-Quercy,46311,46,2020-07-29 15:17:00,2000,30,4933.73,2021-04-22,2026-03-26
Soustons,40310,40,2020-07-23 22:19:00,500,6,1586.0,2023-03-06,2026-01-19
Soustons,40310,40,2020-08-05 18:07:00,1150,6,1586.0,2023-03-06,2026-01-19
Soustons,40310,40,2020-08-09 12:57:00,2000,6,1586.0,2023-03-06,2026-01-19
Soustons,40310,40,2020-08-23 13:35:00,5396,6,1586.0,2023-03-06,2026-01-19
Sully-sur-Loire,45315,45,2020-07-07 16:49:00,50500,8,1118.96,2024-01-09,2025-02-24
Sussac,87194,87,2020-07-27 15:25:00,5000,4,708.0,2023-01-10,2026-03-13
Sète,34301,34,2020-07-21 02:52:00,855,19,2952.92,2020-07-22,2026-03-10
Sérignac-sur-Garonne,47300,47,2020-04-04 15:19:00,30,3,573.0,2024-08-01,2024-10-11
Sévérac d'Aveyron,12270,12,2020-07-20 16:53:00,282700,35,8643.0,2020-07-28,2026-05-20
Talairan,11386,11,2020-02-06 17:26:00,11722,1,80.0,2025-05-27,2025-05-27
Talairan,11386,11,2020-08-01 22:40:00,25232,1,80.0,2025-05-27,2025-05-27
Talence,33522,33,2020-08-09 17:25:00,500,3,831.5,2025-04-25,2026-04-14
Talence,33522,33,2020-08-11 16:03:00,500,3,831.5,2025-04-25,2026-04-14
Tarascon,13108,13,2020-04-10 17:35:00,2000,20,9247.0,2022-01-28,2026-04-28
Tarascon,13108,13,2020-06-24 04:33:00,10,20,9247.0,2022-01-28,2026-04-28
Tarascon,13108,13,2020-07-19 16:50:00,4000,20,9247.0,2022-01-28,2026-04-28
Tarascon,13108,13,2020-08-12 20:29:00,3000,20,9247.0,2022-01-28,2026-04-28
Tarnos,40312,40,2020-09-05 15:38:00,10,11,9516.5,2023-05-03,2025-12-11
Tautavel,66205,66,2020-02-11 17:42:00,5000,1,3872.0,2025-02-20,2025-02-20
Tautavel,66205,66,2020-08-18 10:51:00,25000,1,3872.0,2025-02-20,2025-02-20
Tauxigny-Saint-Bauld,37254,37,2020-07-22 09:46:00,200,7,1324.8,2021-02-01,2025-09-18
Teloché,72350,72,2020-09-09 16:36:00,4000,2,223.0,2023-10-30,2026-05-13
Terrasson-Lavilledieu,24547,24,2020-07-27 16:15:00,20000,8,1023.8199999999999,2020-10-09,2026-01-21
Theneuil,37256,37,2020-05-30 19:48:00,50,1,99.0,2026-01-14,2026-01-14
Thennelières,10375,10,2020-07-01 17:01:00,1000,3,740.0,2025-09-15,2026-02-02
Thiers,63430,63,2020-07-18 14:30:00,1773,7,1780.0,2023-07-10,2026-04-10
Thiers,63430,63,2020-08-08 02:53:00,4870,7,1780.0,2023-07-10,2026-04-10
Thorée-les-Pins,72357,72,2020-08-06 10:20:00,5000,2,16580.0,2025-06-30,2025-11-26
Thouarsais-Bouildroux,85292,85,2020-05-27 21:18:00,300,13,2315.66,2020-10-23,2026-04-21
Thuré,86272,86,2020-07-30 14:45:00,5000,2,266.96,2021-07-08,2023-09-04
Thyez,74278,74,2020-07-12 15:42:00,100,1,100.0,2023-12-14,2023-12-14
Théoule-sur-Mer,06138,06,2020-02-17 22:28:00,500,1,86.54,2023-04-29,2023-04-29
Tignieu-Jameyzieu,38507,38,2020-07-08 13:17:00,100,4,1334.0,2023-07-03,2025-01-15
Tiranges,43246,43,2020-04-15 12:15:00,100000,2,252.0,2022-12-14,2025-07-09
Tollaincourt,88475,88,2020-08-05 17:01:00,10000,2,440.0,2026-05-12,2026-05-12
Tonneins,47310,47,2020-03-28 14:35:00,10,10,6921.0,2021-09-23,2026-04-29
Tonnerre,89418,89,2020-08-04 17:03:00,20000,6,5132.0,2021-06-14,2026-03-03
Tornac,30330,30,2020-07-15 17:37:00,176,1,88.0,2025-07-15,2025-07-15
Tornac,30330,30,2020-08-18 16:08:00,5,1,88.0,2025-07-15,2025-07-15
Torreilles,66212,66,2020-07-17 12:27:00,10000,3,2384.9,2022-09-12,2024-09-24
Toucy,89419,89,2020-09-15 17:06:00,72000,5,766.8,2022-12-22,2026-05-18
Toulaud,07323,07,2020-07-06 14:31:00,8000,3,385.0,2024-11-06,2024-11-06
Toulaud,07323,07,2020-07-06 22:22:00,60000,3,385.0,2024-11-06,2024-11-06
Toulon,83137,83,2020-03-11 13:39:00,200,4,1271.8,2021-11-24,2025-03-14
Toulon,83137,83,2020-08-01 02:53:00,10000,4,1271.8,2021-11-24,2025-03-14
Tourtour,83139,83,2020-03-18 10:31:00,5000,1,102.02,2021-03-25,2021-03-25
Tralonca,2B329,2B,2020-01-15 14:15:00,5000,4,333.62,2023-11-23,2025-06-04
Tralonca,2B329,2B,2020-01-18 14:14:00,1500,4,333.62,2023-11-23,2025-06-04
Tralonca,2B329,2B,2020-11-02 15:23:00,1000,4,333.62,2023-11-23,2025-06-04
Tralonca,2B329,2B,2020-11-10 12:27:00,15000,4,333.62,2023-11-23,2025-06-04
Trensacq,40319,40,2020-07-08 14:34:00,500,1,250.0,2023-04-05,2023-04-05
Trensacq,40319,40,2020-08-16 12:52:00,120000,1,250.0,2023-04-05,2023-04-05
Trept,38515,38,2020-08-01 19:49:00,5000,2,350.0,2024-02-02,2026-05-29
Trets,13110,13,2020-07-14 23:27:00,200,10,1856.9,2024-07-30,2026-01-20
Trouillas,66217,66,2020-08-06 16:26:00,10000,7,8516.7,2021-01-18,2024-11-18
Trèbes,11397,11,2020-08-24 14:26:00,8437,6,1188.0,2020-10-08,2026-04-08
Tulle,19272,19,2020-04-24 11:55:00,1,5,824.0,2021-04-29,2026-04-13
Turriers,04222,04,2020-07-10 20:12:00,500,2,302.0,2025-01-15,2026-01-26
Ucciani,2A330,2A,2020-01-13 10:43:00,10000,2,198.9,2022-10-06,2025-01-28
Uriménil,88481,88,2020-10-18 22:20:00,4,1,50.0,2025-12-18,2025-12-18
Vaas,72364,72,2020-09-09 19:44:00,500,4,13869.0,2021-04-27,2026-03-17
Vailhauquès,34320,34,2020-07-15 16:38:00,8735,2,419.86,2022-06-08,2025-02-04
Vailhauquès,34320,34,2020-07-18 16:44:00,81,2,419.86,2022-06-08,2025-02-04
Val d'Arcomie,15108,15,2020-07-19 13:19:00,20000,9,1655.48,2021-04-07,2026-01-29
Val en Vignes,79063,79,2020-07-30 14:54:00,30600,12,2175.0,2021-01-19,2025-11-20
Val-de-Chalvagne,04043,04,2020-01-04 13:55:00,19900,1,100.0,2022-06-02,2022-06-02
Val-de-Livenne,33380,33,2020-05-31 10:22:00,2000,6,893.0,2022-05-13,2026-03-12
Val-de-Livenne,33380,33,2020-06-24 17:42:00,3000,6,893.0,2022-05-13,2026-03-12
Val-de-Livenne,33380,33,2020-06-26 20:20:00,300,6,893.0,2022-05-13,2026-03-12
Val-de-Livenne,33380,33,2020-07-06 16:12:00,1500,6,893.0,2022-05-13,2026-03-12
Val-de-Livenne,33380,33,2020-07-09 09:26:00,10,6,893.0,2022-05-13,2026-03-12
Val-de-Livenne,33380,33,2020-07-17 16:06:00,2500,6,893.0,2022-05-13,2026-03-12
Val-de-Livenne,33380,33,2020-07-21 01:03:00,8000,6,893.0,2022-05-13,2026-03-12
Val-de-Livenne,33380,33,2020-07-23 16:54:00,3000,6,893.0,2022-05-13,2026-03-12
Val-de-Livenne,33380,33,2020-07-24 14:51:00,2500,6,893.0,2022-05-13,2026-03-12
Val-de-Livenne,33380,33,2020-08-11 17:50:00,3000,6,893.0,2022-05-13,2026-03-12
Val-de-Mercy,89426,89,2020-07-28 14:13:00,900,1,98.0,2023-10-27,2023-10-27
Val-de-Mercy,89426,89,2020-07-31 20:03:00,50,1,98.0,2023-10-27,2023-10-27
Valence,26362,26,2020-07-08 12:22:00,200,47,9080.95,2020-10-29,2026-05-20
Valensole,04230,04,2020-02-04 14:07:00,1100,17,2632.9,2021-04-06,2026-02-27
Valforêt,21178,21,2020-03-30 17:25:00,800,1,8096.0,2025-10-22,2025-10-22
Valforêt,21178,21,2020-07-10 17:15:00,40000,1,8096.0,2025-10-22,2025-10-22
Valréas,84138,84,2020-04-13 03:32:00,8600,7,700.0,2020-06-04,2026-04-08
Varen,82187,82,2020-08-10 14:09:00,700000,1,200.0,2026-04-24,2026-04-24
Vaulx-Milieu,38530,38,2020-08-20 17:03:00,5000,10,3327.0,2020-10-28,2025-09-19
Vaulx-Milieu,38530,38,2020-08-21 18:45:00,5000,10,3327.0,2020-10-28,2025-09-19
Vaulx-Milieu,38530,38,2020-08-26 17:22:00,150,10,3327.0,2020-10-28,2025-09-19
Vauvert,30341,30,2020-07-17 11:19:00,100,14,3066.9,2021-09-27,2026-03-17
Vebret,15250,15,2020-07-30 19:02:00,800,9,1345.6,2021-01-06,2026-03-10
Vebret,15250,15,2020-08-06 12:34:00,180000,9,1345.6,2021-01-06,2026-03-10
Vebret,15250,15,2020-09-11 17:08:00,100000,9,1345.6,2021-01-06,2026-03-10
Veigné,37266,37,2020-03-27 13:32:00,300,2,496.0,2023-01-11,2024-12-09
Velaux,13112,13,2020-07-07 17:03:00,250,1,88.0,2024-04-04,2024-04-04
Velleron,84142,84,2020-02-20 14:17:00,10100,2,312.0,2020-08-14,2022-11-30
Vence,06157,06,2020-03-18 20:17:00,48000,2,242.0,2024-02-05,2024-05-14
Vendémian,34328,34,2020-05-19 14:40:00,12191,2,198.4,2024-08-08,2025-02-06
Vendémian,34328,34,2020-08-01 21:13:00,282,2,198.4,2024-08-08,2025-02-06
Venelles,13113,13,2020-07-17 13:13:00,20,3,494.0,2021-10-06,2026-03-12
Venette,60665,60,2020-07-27 17:16:00,70000,2,754.0,2022-09-12,2024-08-08
Ventavon,05178,05,2020-07-25 12:22:00,40000,10,1418.0,2021-03-15,2026-04-02
Venterol,26367,26,2020-04-10 16:36:00,5000,2,239.0,2022-10-12,2025-06-23
Ventiseri,2B342,2B,2020-01-15 18:49:00,5,3,374.1,2021-07-08,2025-12-23
Verdun,09328,09,2020-08-20 16:51:00,400000,1,90.0,2020-11-17,2020-11-17
Vernoux-en-Vivarais,07338,07,2020-08-10 17:45:00,2500,6,867.8,2021-08-26,2025-11-20
Vero,2A345,2A,2020-03-14 13:32:00,1,1,91.67,2024-11-28,2024-11-28
Vero,2A345,2A,2020-06-24 13:29:00,1,1,91.67,2024-11-28,2024-11-28
Vero,2A345,2A,2020-08-30 11:35:00,1,1,91.67,2024-11-28,2024-11-28
Vertaizon,63453,63,2020-09-12 11:15:00,3391,3,416.0,2025-08-26,2025-10-20
Vescovato,2B346,2B,2020-02-10 14:57:00,20000,9,997.41,2020-09-01,2025-04-02
Veuzain-sur-Loire,41167,41,2020-07-22 17:22:00,10,1,89.0,2020-09-09,2020-09-09
Veuzain-sur-Loire,41167,41,2020-07-30 15:56:00,5000,1,89.0,2020-09-09,2020-09-09
Vibraye,72373,72,2020-07-26 18:25:00,4000,3,265.6,2020-09-17,2024-02-08
Vic-sur-Cère,15258,15,2020-08-11 14:06:00,1000,11,1983.77,2024-02-13,2026-04-15
Vico,2A348,2A,2020-02-04 14:35:00,80,7,699.72,2021-01-27,2025-06-12
Vico,2A348,2A,2020-02-08 16:55:00,8000,7,699.72,2021-01-27,2025-06-12
Vico,2A348,2A,2020-06-14 17:00:00,475,7,699.72,2021-01-27,2025-06-12
Vico,2A348,2A,2020-11-22 11:04:00,17205,7,699.72,2021-01-27,2025-06-12
Vielmur-sur-Agout,81315,81,2020-07-27 16:22:00,300,3,399.0,2023-02-14,2025-02-18
Vielmur-sur-Agout,81315,81,2020-08-10 16:28:00,50,3,399.0,2023-02-14,2025-02-18
Vienne-en-Val,45335,45,2020-07-27 15:35:00,2400000,4,604.8,2023-10-19,2026-02-25
Vienne-en-Val,45335,45,2020-07-29 15:59:00,1000,4,604.8,2023-10-19,2026-02-25
Vievy-le-Rayé,41273,41,2020-08-21 15:48:00,500,3,453.8,2023-05-09,2025-09-08
Vigneulles-lès-Hattonchâtel,55551,55,2020-09-13 16:00:00,40000,6,773.9,2021-06-07,2025-11-03
Villaines-sous-Malicorne,72377,72,2020-07-13 14:17:00,200,3,645.0,2025-01-15,2025-11-27
Villalier,11410,11,2020-08-15 14:44:00,2,3,5579.0,2025-07-29,2025-11-25
Villapourçon,58309,58,2020-09-17 12:12:00,35670,1,250.0,2025-12-15,2025-12-15
Villaudric,31581,31,2020-08-07 15:03:00,200000,2,308.0,2022-04-21,2025-02-19
Ville-di-Paraso,2B352,2B,2020-04-10 14:49:00,2000,4,399.71999999999997,2021-11-04,2023-07-20
Ville-di-Paraso,2B352,2B,2020-06-13 12:13:00,500,4,399.71999999999997,2021-11-04,2023-07-20
Villefontaine,38553,38,2020-08-01 15:00:00,500,1,50.0,2024-01-09,2024-01-09
Villefontaine,38553,38,2020-08-06 16:59:00,200,1,50.0,2024-01-09,2024-01-09
Villefontaine,38553,38,2020-08-09 01:03:00,300,1,50.0,2024-01-09,2024-01-09
Villefranche-de-Rouergue,12300,12,2020-04-08 17:25:00,1500,16,3295.0,2021-10-18,2026-05-28
Villefranche-sur-Cher,41280,41,2020-08-03 21:21:00,400,4,3315.6800000000003,2021-07-14,2026-03-25
Villefranche-sur-Cher,41280,41,2020-08-06 14:56:00,800,4,3315.6800000000003,2021-07-14,2026-03-25
Villefranche-sur-Cher,41280,41,2020-08-07 09:27:00,400,4,3315.6800000000003,2021-07-14,2026-03-25
Villefranche-sur-Cher,41280,41,2020-09-30 17:35:00,200,4,3315.6800000000003,2021-07-14,2026-03-25
Villeherviers,41282,41,2020-06-01 17:42:00,30,1,2847.0,2021-04-07,2021-04-07
Villeherviers,41282,41,2020-07-27 17:23:00,5000,1,2847.0,2021-04-07,2021-04-07
Villelongue-d'Aude,11427,11,2020-07-16 17:39:00,1000,2,299.63,2024-07-18,2024-07-18
Villemoirieu,38554,38,2020-03-23 14:58:00,3000,2,200.0,2024-05-22,2026-02-23
Villemoustaussou,11429,11,2020-07-15 13:26:00,2042,3,411.6,2023-03-29,2025-01-10
Villenave,40330,40,2020-05-27 07:17:00,14000,1,102.0,2021-06-04,2021-06-04
Villeneuve-Minervois,11433,11,2020-10-29 14:46:00,400,5,788.2,2023-07-05,2026-05-15
Villeneuve-en-Perseigne,72137,72,2020-07-19 17:27:00,30,4,809.0,2022-08-01,2026-04-30
Villeneuve-sur-Lot,47323,47,2020-04-03 20:50:00,50,37,17403.36,2020-05-22,2026-04-23
Villeneuve-sur-Lot,47323,47,2020-08-04 15:19:00,50,36,17309.6,2020-11-19,2026-04-23
Villeneuve-sur-Lot,47323,47,2020-09-14 00:00:00,40000,36,17309.6,2020-11-19,2026-04-23
Villers-Cotterêts,02810,02,2020-06-24 17:50:00,10000,7,16465.35,2021-11-08,2024-09-06
Villiers-Saint-Orien,28418,28,2020-09-15 16:04:00,10000,2,301.0,2023-06-19,2025-06-03
Villiers-sous-Grez,77520,77,2020-06-02 09:37:00,2000,1,250.0,2025-10-28,2025-10-28
Villiers-sur-Loir,41294,41,2020-09-26 17:58:00,100,5,801.0,2024-04-24,2026-01-08
Villiersfaux,41293,41,2020-07-23 12:26:00,100,1,0.0,2024-04-30,2024-04-30
Vinassan,11441,11,2020-07-02 15:39:00,50,2,360.0,2025-10-16,2025-10-16
Vineuil,41295,41,2020-03-06 15:42:00,20,9,2967.0,2023-02-28,2026-05-06
Vineuil,41295,41,2020-06-04 06:47:00,15,9,2967.0,2023-02-28,2026-05-06
Vineuil,41295,41,2020-07-28 13:46:00,50000,9,2967.0,2023-02-28,2026-05-06
Vinon-sur-Verdon,83150,83,2020-09-06 18:08:00,800,4,478.0,2023-08-17,2025-01-16
Vinsobres,26377,26,2020-04-04 17:12:00,15300,1,106.0,2026-01-23,2026-01-23
Vinzieux,07344,07,2020-08-09 16:46:00,5000,2,469.0,2024-06-14,2025-05-26
Viodos-Abense-de-Bas,64559,64,2020-09-18 13:50:00,50000,1,136.0,2026-05-13,2026-05-13
Virac,81322,81,2020-03-23 14:52:00,1500,2,462.29,2024-05-16,2024-06-20
Virazeil,47326,47,2020-07-15 00:06:00,15,7,1112.0,2022-07-19,2025-09-23
Vireaux,89481,89,2020-08-07 10:23:00,50000,1,4224.0,2025-08-07,2025-08-07
Viriville,38561,38,2020-04-13 18:06:00,300,9,1600.0,2020-09-15,2026-05-20
Viriville,38561,38,2020-08-05 12:30:00,1000,9,1600.0,2020-09-15,2026-05-20
Viriville,38561,38,2020-08-19 23:28:00,2500,9,1600.0,2020-09-15,2026-05-20
Viriville,38561,38,2020-09-16 19:17:00,1000,8,1517.0,2020-10-29,2026-05-20
Viriville,38561,38,2020-09-18 12:29:00,2500,8,1517.0,2020-10-29,2026-05-20
Vitrolles,13117,13,2020-06-22 12:21:00,10,37,6054.48,2021-02-02,2026-05-07
Vitrolles,13117,13,2020-07-07 02:50:00,5,37,6054.48,2021-02-02,2026-05-07
Vitrolles,13117,13,2020-07-07 09:03:00,8000,37,6054.48,2021-02-02,2026-05-07
Vitrolles,13117,13,2020-08-04 14:30:00,10,37,6054.48,2021-02-02,2026-05-07
Vitrolles,13117,13,2020-08-15 16:51:00,1000,37,6054.48,2021-02-02,2026-05-07
Vitrolles,13117,13,2020-08-23 13:37:00,313100,37,6054.48,2021-02-02,2026-05-07
Vitrolles,13117,13,2020-08-24 20:12:00,10,37,6054.48,2021-02-02,2026-05-07
Vitrolles,13117,13,2020-08-25 14:06:00,30,37,6054.48,2021-02-02,2026-05-07
Vitry-aux-Loges,45346,45,2020-08-10 13:58:00,5000,5,825.0,2026-01-14,2026-01-21
Viuz-en-Sallaz,74311,74,2020-05-16 21:12:00,10,1,50.0,2024-03-28,2024-03-28
Voiron,38563,38,2020-03-24 18:24:00,5000,19,2484.3,2022-04-06,2026-03-12
Voisenon,77528,77,2020-09-17 15:22:00,5,1,168.0,2026-01-07,2026-01-07
Vollore-Ville,63469,63,2020-07-21 13:50:00,225,3,587.1,2024-04-04,2025-09-04
Volnay,21712,21,2020-04-20 14:15:00,1200,1,132.0,2025-04-29,2025-04-29
Voray-sur-l'Ognon,70575,70,2020-01-09 22:41:00,30,2,365.0,2025-06-25,2025-10-06
Vovray-en-Bornes,74313,74,2020-04-05 16:31:00,250,1,100.0,2025-11-19,2025-11-19
Weislingen,67522,67,2020-04-10 13:57:00,15000,1,249.0,2025-03-10,2025-03-10
Wissembourg,67544,67,2020-09-23 16:18:00,15000,13,2736.5,2021-08-01,2026-04-03
Wittelsheim,68375,68,2020-04-08 14:55:00,2000,10,38066.99,2022-02-01,2026-04-09
Ychoux,40332,40,2020-08-05 15:18:00,12000,7,1776.0,2023-08-31,2026-03-02
Ychoux,40332,40,2020-08-16 09:42:00,10,7,1776.0,2023-08-31,2026-03-02
Ychoux,40332,40,2020-08-25 11:58:00,8000,7,1776.0,2023-08-31,2026-03-02
Ychoux,40332,40,2020-09-09 16:56:00,2100,7,1776.0,2023-08-31,2026-03-02
Ychoux,40332,40,2020-09-18 11:56:00,1200,7,1776.0,2023-08-31,2026-03-02
Yerres,91691,91,2020-05-26 15:43:00,25000,2,134.0,2024-06-12,2024-10-21
Yssandon,19289,19,2020-06-26 01:24:00,1,1,250.0,2023-02-09,2023-02-09
Yvoy-le-Marron,41297,41,2020-07-12 15:25:00,20,1,60.0,2023-01-30,2023-01-30
Zalana,2B356,2B,2020-04-12 13:32:00,10000,1,99.18,2021-10-12,2021-10-12
Zalana,2B356,2B,2020-10-24 11:14:00,40000,1,99.18,2021-10-12,2021-10-12
Zonza,2A362,2A,2020-02-15 15:47:00,5,1,93.19,2021-11-16,2021-11-16
Zonza,2A362,2A,2020-04-12 14:53:00,100,1,93.19,2021-11-16,2021-11-16
Zonza,2A362,2A,2020-07-02 10:13:00,1,1,93.19,2021-11-16,2021-11-16
Zonza,2A362,2A,2020-07-05 13:38:00,60,1,93.19,2021-11-16,2021-11-16
Écrouves,54174,54,2020-09-19 07:12:00,10000,1,9900.0,2024-05-13,2024-05-13
Éole-en-Beauce,28406,28,2020-07-23 16:06:00,25000,15,13179.8,2020-11-26,2025-06-18
Épinal,88160,88,2020-04-22 18:02:00,30,10,1247.9,2022-02-25,2026-03-20
Épinal,88160,88,2020-07-12 14:15:00,15,10,1247.9,2022-02-25,2026-03-20
Épinal,88160,88,2020-08-14 20:01:00,100,10,1247.9,2022-02-25,2026-03-20
Étagnac,16132,16,2020-09-13 13:10:00,1200,6,823.0,2022-02-28,2024-09-25
Étival-lès-le-Mans,72127,72,2020-09-18 00:01:00,500,3,432.4,2021-12-06,2024-05-14
Évry-Grégy-sur-Yerre,77175,77,2020-09-06 14:55:00,25000,1,110.0,2024-02-23,2024-02-23
