Commune,Code INSEE,Département,Date_du_Feu,Surface_Brûlée_m2,Nombre_de_Parcs_Solaires,Puissance_Totale_kW,Premiere_Mise_en_Service,Derniere_Mise_en_Service
Abzac,33001,33,2023-08-10 17:27:00,300,4,775.0,2025-04-16,2026-05-26
Aghione,2B002,2B,2023-07-20 09:11:00,10,4,417.55,2025-02-20,2025-10-09
Aghione,2B002,2B,2023-08-24 05:57:00,2000,4,417.55,2025-02-20,2025-10-09
Aghione,2B002,2B,2023-09-14 13:35:00,500,4,417.55,2025-02-20,2025-10-09
Agnac,47003,47,2023-02-14 13:15:58,10,2,198.0,2024-03-06,2025-09-22
Agnetz,60007,60,2023-08-19 18:42:00,20,1,50.0,2025-02-20,2025-02-20
Aigues-Vives,30004,30,2023-09-04 16:48:00,171200,1,249.0,2024-10-08,2024-10-08
Aigues-Vives,11001,11,2023-10-16 16:00:00,4000,2,180.0,2024-06-19,2025-08-07
Aix-en-Provence,13001,13,2023-04-10 08:21:00,800,15,2149.32,2023-06-28,2025-12-11
Aix-en-Provence,13001,13,2023-04-17 16:33:00,15,15,2149.32,2023-06-28,2025-12-11
Aix-en-Provence,13001,13,2023-04-25 15:43:00,200,15,2149.32,2023-06-28,2025-12-11
Aix-en-Provence,13001,13,2023-05-04 02:45:00,40,15,2149.32,2023-06-28,2025-12-11
Aix-en-Provence,13001,13,2023-05-28 16:08:00,100,15,2149.32,2023-06-28,2025-12-11
Aix-en-Provence,13001,13,2023-05-28 21:18:00,10,15,2149.32,2023-06-28,2025-12-11
Aix-en-Provence,13001,13,2023-06-09 14:37:00,250,15,2149.32,2023-06-28,2025-12-11
Aix-en-Provence,13001,13,2023-07-07 13:10:00,500,14,2074.32,2023-09-28,2025-12-11
Aix-en-Provence,13001,13,2023-07-15 14:20:00,8600,14,2074.32,2023-09-28,2025-12-11
Aix-en-Provence,13001,13,2023-07-19 12:27:00,5000,14,2074.32,2023-09-28,2025-12-11
Aix-en-Provence,13001,13,2023-08-05 10:02:00,200,14,2074.32,2023-09-28,2025-12-11
Aix-en-Provence,13001,13,2023-08-06 01:56:00,30000,14,2074.32,2023-09-28,2025-12-11
Aix-en-Provence,13001,13,2023-08-23 14:17:00,3000,14,2074.32,2023-09-28,2025-12-11
Aix-en-Provence,13001,13,2023-08-23 23:39:00,500,14,2074.32,2023-09-28,2025-12-11
Aix-en-Provence,13001,13,2023-10-17 10:23:00,500,13,1974.32,2023-11-14,2025-12-11
Ajaccio,2A004,2A,2023-07-04 19:04:00,5300,10,792.03,2023-07-20,2025-06-17
Ajaccio,2A004,2A,2023-07-19 10:13:00,20,10,792.03,2023-07-20,2025-06-17
Ajaccio,2A004,2A,2023-08-17 11:41:00,3894,9,692.04,2023-10-03,2025-06-17
Ajaccio,2A004,2A,2023-08-27 13:48:00,1,9,692.04,2023-10-03,2025-06-17
Ajaccio,2A004,2A,2023-09-13 12:18:00,10,9,692.04,2023-10-03,2025-06-17
Ajaccio,2A004,2A,2023-10-19 16:03:00,4000,8,593.04,2024-09-12,2025-06-17
Albertacce,2B007,2B,2023-04-03 16:50:00,660,2,199.82,2023-10-12,2025-07-02
Albertacce,2B007,2B,2023-07-12 14:32:00,60000,2,199.82,2023-10-12,2025-07-02
Albertacce,2B007,2B,2023-07-17 07:26:00,45000,2,199.82,2023-10-12,2025-07-02
Albertacce,2B007,2B,2023-11-27 16:45:00,100,1,100.0,2025-07-02,2025-07-02
Alex,74003,74,2023-08-21 14:14:00,500,1,50.0,2025-01-23,2025-01-23
Allaire,56001,56,2023-06-28 06:18:00,5000,11,2023.0,2023-07-27,2026-05-06
Allauch,13002,13,2023-02-04 13:58:00,10,4,328.0,2024-10-28,2025-11-21
Allauch,13002,13,2023-04-02 17:01:00,60,4,328.0,2024-10-28,2025-11-21
Allauch,13002,13,2023-05-03 15:49:00,500,4,328.0,2024-10-28,2025-11-21
Allauch,13002,13,2023-05-11 12:37:00,50,4,328.0,2024-10-28,2025-11-21
Allez-et-Cazeneuve,47006,47,2023-03-06 13:37:51,50,5,836.8,2023-04-26,2025-08-20
Allègre,43003,43,2023-09-09 11:57:00,8000,1,120.0,2025-04-15,2025-04-15
Altillac,19007,19,2023-05-06 01:02:56,10,2,447.0,2024-09-23,2025-07-15
Altillac,19007,19,2023-10-12 16:57:37,300,2,447.0,2024-09-23,2025-07-15
Aléria,2B009,2B,2023-11-28 07:25:00,2500,6,501.28,2024-02-01,2025-04-08
Aléria,2B009,2B,2023-12-02 19:12:00,2000,6,501.28,2024-02-01,2025-04-08
Annecy,74010,74,2023-03-24 14:32:00,100,11,1292.48,2023-06-13,2026-04-23
Annecy,74010,74,2023-05-19 17:34:00,1,11,1292.48,2023-06-13,2026-04-23
Annecy,74010,74,2023-06-11 21:05:00,2,11,1292.48,2023-06-13,2026-04-23
Annecy,74010,74,2023-06-18 09:22:00,10,10,1223.6,2023-06-20,2026-04-23
Annecy,74010,74,2023-07-11 12:43:00,7000,9,1124.0,2023-10-20,2026-04-23
Annecy,74010,74,2023-07-16 22:02:00,20,9,1124.0,2023-10-20,2026-04-23
Aouze,88010,88,2023-01-13 23:29:00,1,1,230.0,2025-08-11,2025-08-11
Appietto,2A017,2A,2023-04-20 18:30:00,50,1,100.0,2024-04-16,2024-04-16
Appietto,2A017,2A,2023-08-22 12:38:00,10000,1,100.0,2024-04-16,2024-04-16
Appietto,2A017,2A,2023-09-02 10:30:00,10,1,100.0,2024-04-16,2024-04-16
Aregno,2B020,2B,2023-07-20 03:11:00,100,1,100.0,2025-05-27,2025-05-27
Argelès-sur-Mer,66008,66,2023-04-16 16:12:00,77000,8,1046.0,2023-06-14,2026-03-06
Argelès-sur-Mer,66008,66,2023-04-21 10:02:00,5,8,1046.0,2023-06-14,2026-03-06
Argelès-sur-Mer,66008,66,2023-05-08 15:52:00,40000,8,1046.0,2023-06-14,2026-03-06
Argelès-sur-Mer,66008,66,2023-06-03 11:18:00,6000,8,1046.0,2023-06-14,2026-03-06
Argelès-sur-Mer,66008,66,2023-06-07 15:02:00,100000,8,1046.0,2023-06-14,2026-03-06
Argelès-sur-Mer,66008,66,2023-07-14 13:05:00,34400,7,896.0,2024-03-05,2026-03-06
Argelès-sur-Mer,66008,66,2023-07-25 15:22:00,6700,7,896.0,2024-03-05,2026-03-06
Argelès-sur-Mer,66008,66,2023-08-07 07:15:00,337,7,896.0,2024-03-05,2026-03-06
Argelès-sur-Mer,66008,66,2023-08-14 17:05:00,4042700,7,896.0,2024-03-05,2026-03-06
Argelès-sur-Mer,66008,66,2023-08-17 13:04:00,1,7,896.0,2024-03-05,2026-03-06
Arnac-la-Poste,87003,87,2023-09-11 15:49:00,5200,5,1043.3,2025-06-13,2026-01-16
Arnage,72008,72,2023-03-23 17:03:00,50,4,3387.8,2024-04-12,2026-04-07
Arnage,72008,72,2023-09-19 21:44:00,1,4,3387.8,2024-04-12,2026-04-07
Arsac,33012,33,2023-06-18 10:30:34,20,2,690.0,2025-04-28,2026-02-26
Arsac,33012,33,2023-06-19 14:24:01,5000,2,690.0,2025-04-28,2026-02-26
Arsac,33012,33,2023-09-05 23:43:36,2000,2,690.0,2025-04-28,2026-02-26
Arzal,56004,56,2023-06-14 15:21:00,80,4,712.0,2025-04-07,2026-05-26
Aspres-sur-Buëch,05010,05,2023-02-14 14:47:00,2000,2,278.0,2024-09-20,2026-03-24
Aspres-sur-Buëch,05010,05,2023-04-30 18:41:00,30,2,278.0,2024-09-20,2026-03-24
Aubagne,13005,13,2023-05-08 14:05:00,1000,13,1695.0,2023-11-15,2026-04-01
Aubagne,13005,13,2023-05-13 10:13:00,30,13,1695.0,2023-11-15,2026-04-01
Aubagne,13005,13,2023-07-08 18:22:00,20,13,1695.0,2023-11-15,2026-04-01
Aubagne,13005,13,2023-07-17 12:16:00,100,13,1695.0,2023-11-15,2026-04-01
Aubagne,13005,13,2023-08-24 22:05:00,20,13,1695.0,2023-11-15,2026-04-01
Aubenas,07019,07,2023-03-29 17:13:00,500,8,1710.0,2024-02-22,2026-05-05
Aubiac,47016,47,2023-08-07 15:37:41,1500,3,490.0,2024-03-20,2025-12-23
Aurec-sur-Loire,43012,43,2023-06-17 13:33:00,3000,6,680.0,2024-10-15,2026-03-26
Aurec-sur-Loire,43012,43,2023-08-17 16:52:00,2850,6,680.0,2024-10-15,2026-03-26
Aurel,84005,84,2023-04-17 13:29:00,100,1,130.0,2026-02-10,2026-02-10
Avignon,84007,84,2023-07-14 03:43:00,5,35,8772.16,2023-09-01,2026-03-24
Azé,41010,41,2023-06-25 13:56:00,107000,5,636.8,2023-10-18,2024-10-17
Azé,41010,41,2023-07-20 17:14:00,500,5,636.8,2023-10-18,2024-10-17
Azérat,43017,43,2023-09-28 15:05:00,2500,1,115.0,2025-03-18,2025-03-18
Badaroux,48013,48,2023-08-22 18:53:00,2000,1,88.0,2024-04-22,2024-04-22
Bailleul-sur-Thérain,60041,60,2023-07-11 13:28:00,500,1,50.0,2024-02-19,2024-02-19
Bardenac,16029,16,2023-05-26 02:55:09,25000,2,288.0,2024-02-28,2025-02-19
Bardenac,16029,16,2023-07-23 01:04:43,1000,2,288.0,2024-02-28,2025-02-19
Barjols,83012,83,2023-04-05 16:00:00,100,1,90.0,2025-04-28,2025-04-28
Barjols,83012,83,2023-12-27 17:32:00,4,1,90.0,2025-04-28,2025-04-28
Barraux,38027,38,2023-02-27 16:11:00,20000,1,72.0,2024-11-04,2024-11-04
Bastia,2B033,2B,2023-05-10 17:46:00,500,7,699.58,2023-05-16,2025-12-18
Baugé-en-Anjou,49018,49,2023-07-23 16:39:00,1500,29,5459.0,2023-09-06,2026-03-27
Bayonne,64102,64,2023-04-10 16:54:12,5,4,334.0,2024-10-28,2026-05-11
Beaumes-de-Venise,84012,84,2023-05-01 21:35:00,90,2,250.0,2025-04-29,2025-09-19
Beaumont,74031,74,2023-08-19 13:51:00,2,1,120.0,2025-06-25,2025-06-25
Beaumont,74031,74,2023-08-21 07:20:00,100,1,120.0,2025-06-25,2025-06-25
Beaumont-de-Pertuis,84014,84,2023-08-15 23:44:00,725,4,704.0,2023-10-19,2025-06-25
Beaune,21054,21,2023-06-02 12:57:00,3000,12,2539.7,2023-06-27,2026-04-28
Beauregard-et-Bassac,24031,24,2023-09-10 12:43:00,1000,1,250.0,2024-07-31,2024-07-31
Beaurepaire,38034,38,2023-08-17 16:17:00,1000,4,775.0,2024-05-06,2025-01-27
Beauvoir-de-Marc,38035,38,2023-02-25 17:00:00,5,3,314.98,2023-09-19,2025-06-03
Berre-l'Étang,13014,13,2023-06-27 12:45:00,10000,11,6413.6,2023-07-10,2026-04-15
Besse-sur-Issole,83018,83,2023-03-26 12:04:00,200,2,335.0,2023-11-08,2025-03-11
Bessèges,30037,30,2023-07-18 16:52:00,1000,2,1330.0,2023-10-13,2024-01-12
Beylongue,40040,40,2023-03-23 17:05:00,10,2,187.8,2024-06-05,2024-07-04
Beylongue,40040,40,2023-08-10 00:14:00,134800,2,187.8,2024-06-05,2024-07-04
Beylongue,40040,40,2023-10-12 09:26:00,1000,2,187.8,2024-06-05,2024-07-04
Biganos,33051,33,2023-04-18 18:11:31,600,2,224.0,2025-01-31,2025-02-05
Billy,41016,41,2023-06-04 21:46:00,100,2,327.0,2024-04-29,2024-05-24
Biot,06018,06,2023-09-13 18:17:00,20,2,385.0,2023-11-24,2025-12-02
Biot,06018,06,2023-10-04 12:02:00,300,2,385.0,2023-11-24,2025-12-02
Biscarrosse,40046,40,2023-02-08 05:00:00,300,2,187.0,2024-08-06,2025-05-19
Biscarrosse,40046,40,2023-04-21 20:50:00,50,2,187.0,2024-08-06,2025-05-19
Biscarrosse,40046,40,2023-06-02 21:01:00,2,2,187.0,2024-08-06,2025-05-19
Biscarrosse,40046,40,2023-07-17 19:51:00,1,2,187.0,2024-08-06,2025-05-19
Biscarrosse,40046,40,2023-08-15 08:02:00,10,2,187.0,2024-08-06,2025-05-19
Blanot,71039,71,2023-08-08 15:36:00,60000,1,176.0,2024-05-29,2024-05-29
Bois,17050,17,2023-07-14 18:03:00,900,3,546.0,2023-11-28,2025-10-02
Boisné-La Tude,16082,16,2023-06-14 12:40:51,5,1,250.0,2025-09-22,2025-09-22
Bollène,84019,84,2023-08-23 18:23:00,200,7,5073.0,2024-03-18,2025-07-07
Bonifacio,2A041,2A,2023-02-06 10:49:00,1,2,200.0,2023-08-03,2023-09-28
Bonifacio,2A041,2A,2023-06-06 19:18:00,100,2,200.0,2023-08-03,2023-09-28
Bonifacio,2A041,2A,2023-08-01 21:35:00,240,2,200.0,2023-08-03,2023-09-28
Borgo,2B042,2B,2023-08-06 10:59:00,20000,8,775.73,2024-07-30,2025-08-28
Borgo,2B042,2B,2023-09-26 11:38:00,2000,8,775.73,2024-07-30,2025-08-28
Bormes-les-Mimosas,83019,83,2023-04-01 09:45:00,1,1,110.0,2025-11-07,2025-11-07
Bormes-les-Mimosas,83019,83,2023-06-10 19:17:00,20,1,110.0,2025-11-07,2025-11-07
Bormes-les-Mimosas,83019,83,2023-08-06 01:17:00,10,1,110.0,2025-11-07,2025-11-07
Bormes-les-Mimosas,83019,83,2023-12-23 08:09:00,5,1,110.0,2025-11-07,2025-11-07
Bouc-Bel-Air,13015,13,2023-04-02 16:15:00,10,3,720.0,2024-04-09,2025-08-12
Bouc-Bel-Air,13015,13,2023-07-11 16:44:00,5,3,720.0,2024-04-09,2025-08-12
Bouc-Bel-Air,13015,13,2023-09-28 14:38:00,600,3,720.0,2024-04-09,2025-08-12
Boulbon,13017,13,2023-04-19 18:55:00,1500,1,119.0,2025-08-20,2025-08-20
Bourlens,47036,47,2023-02-09 18:51:00,200,6,875.0,2023-05-10,2025-08-26
Bournand,86036,86,2023-07-14 19:07:00,40,6,1802.44,2023-07-25,2024-10-18
Bouzy-la-Forêt,45049,45,2023-06-01 19:11:00,2000,6,1176.2,2023-12-12,2025-09-18
Brain-sur-Allonnes,49041,49,2023-06-08 16:25:00,100,2,399.0,2024-05-27,2026-03-04
Brandivy,56022,56,2023-06-07 15:57:00,100,2,350.0,2024-04-02,2024-07-08
Bras,83021,83,2023-08-22 00:00:00,360,3,320.0,2023-11-09,2026-05-26
Bray-Saint-Aignan,45051,45,2023-05-03 19:06:00,200,3,507.0,2025-03-19,2025-05-06
Bray-Saint-Aignan,45051,45,2023-06-01 18:54:00,150,3,507.0,2025-03-19,2025-05-06
Briançon,05023,05,2023-08-06 17:41:00,6,3,452.5,2024-03-14,2025-09-29
Briançon,05023,05,2023-08-21 23:08:00,100,3,452.5,2024-03-14,2025-09-29
Briançon,05023,05,2023-09-07 18:06:00,200,3,452.5,2024-03-14,2025-09-29
Briare,45053,45,2023-07-01 02:40:00,10000,1,134.0,2024-08-21,2024-08-21
Brignoles,83023,83,2023-02-19 15:42:00,500,12,1826.3,2023-07-12,2026-03-23
Brignoles,83023,83,2023-02-20 13:28:00,1000,12,1826.3,2023-07-12,2026-03-23
Brignoles,83023,83,2023-03-14 15:53:00,3,12,1826.3,2023-07-12,2026-03-23
Brignoles,83023,83,2023-05-27 16:00:00,50,12,1826.3,2023-07-12,2026-03-23
Brignoles,83023,83,2023-07-27 13:16:00,2,11,1606.3,2024-08-05,2026-03-23
Brigueuil,16064,16,2023-06-28 15:13:28,1000,5,850.0,2025-02-20,2025-12-04
Brocas,40056,40,2023-05-27 15:41:00,8000,1,98.0,2024-01-11,2024-01-11
Brochon,21110,21,2023-08-24 15:29:00,155000,1,249.9,2023-10-17,2023-10-17
Brugairolles,11053,11,2023-02-20 17:09:00,200,1,80.0,2024-12-11,2024-12-11
Bubry,56026,56,2023-05-25 19:17:00,500,7,1104.8,2024-03-07,2026-04-07
Buis-les-Baronnies,26063,26,2023-08-19 19:09:00,100,1,165.0,2025-07-31,2025-07-31
Bédoin,84017,84,2023-04-22 15:20:00,3500,1,60.0,2024-02-29,2024-02-29
Bédoin,84017,84,2023-08-05 15:05:00,800,1,60.0,2024-02-29,2024-02-29
Cabasse,83026,83,2023-02-05 17:05:00,5,1,100.0,2025-10-08,2025-10-08
Cabasse,83026,83,2023-11-14 13:46:00,50,1,100.0,2025-10-08,2025-10-08
Cabrières,30057,30,2023-01-13 14:55:00,1000,2,174.0,2024-05-30,2025-03-28
Cabriès,13019,13,2023-09-13 16:11:00,10,2,270.2,2024-05-21,2025-06-11
Caden,56028,56,2023-07-18 12:31:00,700,9,1824.0,2023-11-09,2026-04-28
Cadenet,84026,84,2023-04-20 00:40:00,500,2,354.0,2024-05-03,2024-12-16
Cadenet,84026,84,2023-04-20 03:30:00,700,2,354.0,2024-05-03,2024-12-16
Cagnes-sur-Mer,06027,06,2023-07-25 15:19:00,62900,3,394.7,2024-05-13,2024-12-11
Cairanne,84028,84,2023-04-05 14:32:00,3075,1,140.0,2025-06-26,2025-06-26
Calcatoggio,2A048,2A,2023-07-31 08:50:00,10,1,99.76,2024-10-24,2024-10-24
Calcatoggio,2A048,2A,2023-08-22 10:03:00,154,1,99.76,2024-10-24,2024-10-24
Calce,66030,66,2023-01-21 22:37:00,600,2,165.0,2025-10-16,2025-10-23
Calenzana,2B049,2B,2023-11-29 15:32:00,2000,1,99.99,2023-12-23,2023-12-23
Callas,83028,83,2023-03-10 16:12:00,2500,1,149.0,2023-10-16,2023-10-16
Callas,83028,83,2023-08-16 14:42:00,1204,1,149.0,2023-10-16,2023-10-16
Callas,83028,83,2023-09-22 15:59:00,5000,1,149.0,2023-10-16,2023-10-16
Callen,40060,40,2023-03-05 23:31:00,10,1,99.0,2024-06-11,2024-06-11
Calvisson,30062,30,2023-02-04 08:48:00,1000,3,349.0,2025-01-08,2026-03-20
Camps-la-Source,83030,83,2023-04-19 00:39:00,80,1,250.0,2024-04-15,2024-04-15
Camps-la-Source,83030,83,2023-08-09 23:49:00,100,1,250.0,2024-04-15,2024-04-15
Campénéac,56032,56,2023-07-13 18:30:00,80000,8,1647.0,2024-02-01,2026-05-19
Campénéac,56032,56,2023-07-16 16:48:00,100,8,1647.0,2024-02-01,2026-05-19
Camélas,66033,66,2023-09-10 14:18:00,1,2,759.0,2024-08-07,2025-07-11
Camélas,66033,66,2023-09-10 14:20:00,20,2,759.0,2024-08-07,2025-07-11
Camélas,66033,66,2023-11-21 07:53:00,10,2,759.0,2024-08-07,2025-07-11
Canale-di-Verde,2B057,2B,2023-07-29 13:48:00,125000,3,258.52,2023-09-19,2023-12-27
Canet,34051,34,2023-04-16 22:15:00,3721,2,220.0,2026-05-06,2026-05-21
Cannes,06029,06,2023-05-13 08:47:00,10,5,433.0,2025-04-03,2025-09-26
Capendu,11068,11,2023-07-19 05:26:00,6936,3,458.4,2024-02-13,2026-02-19
Captieux,33095,33,2023-07-09 11:50:19,2500,3,640.0,2025-05-23,2026-01-16
Captieux,33095,33,2023-08-25 01:42:34,2500,3,640.0,2025-05-23,2026-01-16
Carantec,29023,29,2023-05-03 10:19:00,2,1,99.0,2025-03-13,2025-03-13
Carcassonne,11069,11,2023-05-25 16:49:00,200,26,6406.48,2023-08-29,2026-05-26
Carcassonne,11069,11,2023-06-05 15:40:00,1000,26,6406.48,2023-08-29,2026-05-26
Carcassonne,11069,11,2023-08-09 17:40:00,1000,26,6406.48,2023-08-29,2026-05-26
Carcassonne,11069,11,2023-09-07 19:32:00,250,25,6256.48,2023-12-21,2026-05-26
Carcassonne,11069,11,2023-09-23 20:10:00,800,25,6256.48,2023-12-21,2026-05-26
Carcassonne,11069,11,2023-09-25 19:18:00,100,25,6256.48,2023-12-21,2026-05-26
Cardan,33098,33,2023-09-07 16:31:29,200,1,80.0,2024-11-26,2024-11-26
Carnac,56034,56,2023-07-06 14:48:00,600,2,374.0,2024-04-29,2025-04-24
Carnoules,83033,83,2023-02-07 18:53:00,10,2,298.0,2023-05-25,2025-05-05
Carnoules,83033,83,2023-03-11 15:39:00,2500,2,298.0,2023-05-25,2025-05-05
Carnoules,83033,83,2023-03-12 07:38:00,4500,2,298.0,2023-05-25,2025-05-05
Carnoules,83033,83,2023-04-25 14:49:00,500,2,298.0,2023-05-25,2025-05-05
Carnoules,83033,83,2023-07-02 18:16:00,500,1,100.0,2025-05-05,2025-05-05
Carnoules,83033,83,2023-08-30 18:48:00,50,1,100.0,2025-05-05,2025-05-05
Carnoules,83033,83,2023-11-26 22:37:00,40,1,100.0,2025-05-05,2025-05-05
Caro,56035,56,2023-07-13 17:14:00,60,11,1640.0,2024-10-01,2026-05-19
Cascastel-des-Corbières,11071,11,2023-03-16 19:07:00,1600,1,100.0,2025-12-11,2025-12-11
Caseneuve,84032,84,2023-07-22 16:36:00,170,3,400.0,2026-01-14,2026-04-14
Caseneuve,84032,84,2023-09-02 13:19:00,38200,3,400.0,2026-01-14,2026-04-14
Caseneuve,84032,84,2023-09-10 15:45:00,500,3,400.0,2026-01-14,2026-04-14
Casteljaloux,47052,47,2023-09-12 15:23:34,2,5,999.0,2023-11-13,2026-04-15
Castellare-di-Casinca,2B077,2B,2023-03-14 19:47:00,100,1,99.76,2023-07-19,2023-07-19
Castelnau d'Auzan Labarrère,32079,32,2023-04-09 19:17:00,30000,7,1394.0,2024-06-17,2026-04-29
Castelnau-de-Lévis,81063,81,2023-09-10 19:11:00,1000,3,560.0,2025-11-12,2025-11-12
Castelnaudary,11076,11,2023-10-10 12:13:00,1,12,2970.2,2024-07-23,2026-05-21
Castelnou,66044,66,2023-04-14 16:30:00,100,2,375.0,2025-08-12,2025-08-12
Castets,40075,40,2023-02-10 17:04:00,50,5,849.0,2024-02-02,2026-02-09
Castries,34058,34,2023-06-25 16:47:00,1013,2,340.2,2024-10-17,2026-03-19
Caudan,56036,56,2023-07-12 22:16:00,50,7,1172.63,2023-10-06,2026-04-22
Caumont-sur-Durance,84034,84,2023-04-13 14:30:00,3000,3,540.0,2023-12-27,2025-10-02
Caussols,06037,06,2023-06-20 13:06:00,300,1,90.0,2024-01-05,2024-01-05
Caussols,06037,06,2023-08-04 13:59:00,500,1,90.0,2024-01-05,2024-01-05
Caux,34063,34,2023-06-03 15:11:00,260400,1,250.0,2024-12-06,2024-12-06
Caux,34063,34,2023-06-03 16:01:00,784,1,250.0,2024-12-06,2024-12-06
Caux,34063,34,2023-08-10 22:38:00,5986,1,250.0,2024-12-06,2024-12-06
Caveirac,30075,30,2023-02-11 00:21:00,39,2,225.0,2024-12-26,2025-03-03
Caveirac,30075,30,2023-09-19 12:04:00,1000,2,225.0,2024-12-26,2025-03-03
Caveirac,30075,30,2023-11-02 00:21:00,1000,2,225.0,2024-12-26,2025-03-03
Caveirac,30075,30,2023-12-15 15:19:00,731,2,225.0,2024-12-26,2025-03-03
Cazouls-lès-Béziers,34069,34,2023-12-11 17:26:00,300,4,894.0,2024-05-25,2025-04-24
Ceilhes-et-Rocozels,34071,34,2023-08-10 11:05:00,454,1,66.0,2025-02-21,2025-02-21
Censerey,21124,21,2023-07-04 17:25:00,200,3,630.0,2025-07-02,2025-07-25
Cercoux,17077,17,2023-08-19 16:23:00,620,3,287.0,2024-11-06,2025-06-20
Cessenon-sur-Orb,34074,34,2023-04-06 16:40:00,21209,2,209.8,2024-01-30,2025-10-14
Cestas,33122,33,2023-08-22 20:57:00,5000,19,5662.0,2023-10-17,2026-03-19
Chalagnac,24094,24,2023-04-07 18:06:00,500,2,365.0,2025-04-09,2025-09-19
Chamonix-Mont-Blanc,74056,74,2023-08-14 16:00:00,10,1,220.0,2024-12-05,2024-12-05
Champagné,72054,72,2023-06-02 13:12:00,4000,1,450.0,2024-07-18,2024-07-18
Chanac-les-Mines,19041,19,2023-02-11 13:45:05,1600,1,198.0,2025-11-25,2025-11-25
Charmes-sur-l'Herbasse,26077,26,2023-07-31 16:41:00,3,7,1685.0,2023-12-09,2026-03-17
Charras,16084,16,2023-02-15 16:14:20,1000,3,588.0,2024-04-29,2026-03-04
Cheval-Blanc,84038,84,2023-03-06 16:45:00,2200,4,483.0,2023-08-18,2024-06-25
Chevanceaux,17104,17,2023-07-29 01:00:00,532,6,5535.0,2023-09-07,2025-10-16
Chevanceaux,17104,17,2023-07-29 01:00:00,784,6,5535.0,2023-09-07,2025-10-16
Chevanceaux,17104,17,2023-07-29 01:00:00,7090,6,5535.0,2023-09-07,2025-10-16
Cholet,49099,49,2023-08-20 22:03:00,5,50,11641.0,2023-08-24,2026-04-16
Château-Arnoux-Saint-Auban,04049,04,2023-04-07 15:48:00,9200,5,1070.0,2023-07-27,2026-01-19
Château-Chervix,87039,87,2023-08-14 11:34:40,1,6,1052.0,2024-05-22,2026-04-09
Château-l'Évêque,24115,24,2023-09-15 13:57:00,20000,1,60.0,2025-01-23,2025-01-23
Châteauneuf-Grasse,06038,06,2023-02-09 04:50:00,2900,1,56.0,2023-03-09,2023-03-09
Châteauneuf-le-Rouge,13025,13,2023-07-31 12:12:00,9600,1,250.0,2024-06-06,2024-06-06
Châteauneuf-les-Martigues,13026,13,2023-03-17 04:46:00,10,2,300.0,2025-12-03,2026-04-03
Châteauneuf-les-Martigues,13026,13,2023-04-22 12:17:00,10,2,300.0,2025-12-03,2026-04-03
Châteauneuf-les-Martigues,13026,13,2023-08-18 18:04:00,5,2,300.0,2025-12-03,2026-04-03
Châteaurenard,13027,13,2023-05-01 19:47:00,500,15,2003.8,2023-10-20,2026-05-22
Châteauroux-les-Alpes,05036,05,2023-10-28 17:04:00,40,8,1407.6,2023-11-27,2025-09-16
Châtellerault,86066,86,2023-09-16 05:56:00,1,8,4449.0,2024-03-05,2026-01-28
Châtenoy,45084,45,2023-06-02 10:31:00,2000,2,288.0,2024-03-12,2024-03-12
Châtillon-sur-Cher,41043,41,2023-08-20 15:14:00,28000,7,4026.79,2024-01-10,2025-11-24
Chémery,41049,41,2023-06-29 13:53:00,10000,3,342.0,2024-04-04,2026-03-25
Clermont-l'Hérault,34079,34,2023-07-03 17:20:00,867,8,1776.6,2023-07-18,2026-02-18
Clermont-l'Hérault,34079,34,2023-08-08 09:14:00,15356,7,1710.0,2023-11-09,2026-02-18
Cléguer,56040,56,2023-07-07 15:19:00,150,2,270.0,2025-01-07,2025-03-04
Clérac,17110,17,2023-07-30 19:29:00,230,2,440.0,2025-04-02,2025-04-02
Cogolin,83042,83,2023-08-06 18:33:00,1,3,1340.2,2023-11-27,2025-12-01
Cogolin,83042,83,2023-11-25 00:27:00,160000,3,1340.2,2023-11-27,2025-12-01
Colombey les Deux Églises,52140,52,2023-07-08 17:41:00,60000,2,214.8,2024-10-01,2025-04-02
Combon,27164,27,2023-07-03 18:13:00,10,4,798.0,2024-05-17,2026-04-20
Combressol,19058,19,2023-02-14 15:57:49,500,1,99.0,2025-07-25,2025-07-25
Combret,12069,12,2023-09-04 17:27:00,10000,1,240.0,2024-08-09,2024-08-09
Comps-sur-Artuby,83044,83,2023-08-15 11:38:00,100,2,292.0,2025-12-11,2026-05-11
Condezaygues,47070,47,2023-10-05 06:20:21,300,1,90.0,2025-09-08,2025-09-08
Condéon,16105,16,2023-06-28 23:00:10,14000,3,437.9,2023-12-01,2025-02-25
Condéon,16105,16,2023-06-30 18:02:46,1,3,437.9,2023-12-01,2025-02-25
Conques-sur-Orbiel,11099,11,2023-06-23 12:53:00,13720,1,99.0,2025-08-20,2025-08-20
Conques-sur-Orbiel,11099,11,2023-08-14 13:07:00,10608,1,99.0,2025-08-20,2025-08-20
Conques-sur-Orbiel,11099,11,2023-09-03 23:38:00,3200,1,99.0,2025-08-20,2025-08-20
Corbières-en-Provence,04063,04,2023-03-28 18:10:00,5400,3,420.0,2024-10-08,2026-02-18
Corgnac-sur-l'Isle,24134,24,2023-03-03 18:57:00,2500,3,462.0,2023-08-22,2025-09-26
Corneilla-la-Rivière,66058,66,2023-12-12 14:32:00,1000,2,187.8,2026-04-08,2026-05-07
Cornillon-Confoux,13029,13,2023-02-11 10:32:00,200,1,90.0,2023-06-26,2023-06-26
Cornillon-Confoux,13029,13,2023-03-16 16:32:00,10,1,90.0,2023-06-26,2023-06-26
Correns,83045,83,2023-04-10 12:19:00,20,2,161.0,2024-10-31,2025-07-10
Corte,2B096,2B,2023-07-31 16:20:00,1000,1,100.0,2024-04-11,2024-04-11
Cotignac,83046,83,2023-01-31 15:56:00,2500,1,99.0,2024-06-21,2024-06-21
Coupiac,12080,12,2023-04-07 16:15:00,50000,2,452.0,2024-06-24,2024-10-03
Courbiac,47072,47,2023-02-11 17:27:51,500,2,422.0,2025-07-01,2026-02-09
Coursan,11106,11,2023-02-03 21:19:00,10000,5,584.0,2023-10-09,2026-01-22
Coursan,11106,11,2023-02-06 19:46:00,100,5,584.0,2023-10-09,2026-01-22
Coursan,11106,11,2023-11-08 18:12:00,100,4,354.0,2023-12-18,2026-01-22
Coussay-les-Bois,86086,86,2023-03-01 18:51:00,20,2,2365.0,2023-09-20,2024-03-28
Crach,56046,56,2023-06-27 17:20:00,1500,3,446.0,2025-01-15,2025-07-23
Crots,05045,05,2023-08-23 14:16:00,250400,2,154.0,2023-11-28,2024-08-01
Crouy-sur-Cosson,41071,41,2023-06-13 15:10:00,7000,1,250.0,2024-08-01,2024-08-01
Cuers,83049,83,2023-04-20 11:31:00,200,5,628.63,2023-07-21,2026-03-24
Cuers,83049,83,2023-11-26 11:54:00,150,4,529.63,2024-07-10,2026-03-24
Cuttoli-Corticchiato,2A103,2A,2023-07-17 12:20:00,790,2,150.0,2024-10-09,2025-06-17
Cuttoli-Corticchiato,2A103,2A,2023-08-18 23:10:00,535,2,150.0,2024-10-09,2025-06-17
Cuxac-d'Aude,11116,11,2023-08-01 14:19:00,8400,7,4029.0,2024-06-12,2026-03-25
Cuzorn,47077,47,2023-02-16 15:15:19,10000,1,250.0,2024-07-09,2024-07-09
Céret,66049,66,2023-01-22 14:25:00,1920,5,794.0,2023-02-07,2025-12-30
Céret,66049,66,2023-05-10 16:04:00,1000,3,605.0,2024-07-24,2025-12-30
Céret,66049,66,2023-11-05 05:23:00,20,3,605.0,2024-07-24,2025-12-30
Cézy,89067,89,2023-09-06 05:13:00,10,1,110.0,2024-09-11,2024-09-11
Dauphin,04068,04,2023-08-05 22:26:00,10,3,602.0,2024-10-03,2025-08-28
Dollon,72118,72,2023-08-24 11:49:00,50,3,728.0,2024-06-24,2026-05-04
Dolmayrac,47081,47,2023-09-11 23:28:40,2,2,194.8,2023-12-11,2023-12-12
Dolus-le-Sec,37097,37,2023-10-08 14:50:00,3000,1,90.0,2024-02-12,2024-02-12
Dommartin-lès-Remiremont,88148,88,2023-01-01 15:29:00,2,1,4390.0,2024-03-26,2024-03-26
Draguignan,83050,83,2023-04-02 11:34:00,1,7,1096.8,2023-04-06,2025-08-04
Draguignan,83050,83,2023-04-18 12:30:00,8000,6,847.8,2024-01-22,2025-08-04
Draguignan,83050,83,2023-07-06 12:35:00,300,6,847.8,2024-01-22,2025-08-04
Draguignan,83050,83,2023-07-13 16:01:00,10,6,847.8,2024-01-22,2025-08-04
Draguignan,83050,83,2023-07-25 13:58:00,977,6,847.8,2024-01-22,2025-08-04
Draguignan,83050,83,2023-08-11 19:40:00,10,6,847.8,2024-01-22,2025-08-04
Draguignan,83050,83,2023-10-28 15:02:00,500,6,847.8,2024-01-22,2025-08-04
Dreux,28134,28,2023-06-26 13:26:00,125000,3,1244.892,2024-09-26,2024-12-18
Duhort-Bachen,40091,40,2023-06-18 19:44:00,100,3,625.0,2025-04-22,2025-09-11
Durban-Corbières,11124,11,2023-04-27 18:02:00,50,1,210.0,2024-07-30,2024-07-30
Dégagnac,46087,46,2023-04-08 17:26:00,10000,1,250.0,2025-08-11,2025-08-11
Elne,66065,66,2023-07-20 21:12:00,10000,7,1196.0,2024-01-25,2026-05-27
Ensisheim,68082,68,2023-07-05 15:07:53,1000,6,10896.0,2024-07-08,2025-10-21
Ensuès-la-Redonne,13033,13,2023-06-29 00:21:00,300,7,6084.0,2023-09-07,2025-12-03
Ensuès-la-Redonne,13033,13,2023-08-18 16:10:00,2,7,6084.0,2023-09-07,2025-12-03
Ensuès-la-Redonne,13033,13,2023-08-23 15:07:00,5,7,6084.0,2023-09-07,2025-12-03
Entrepierres,04075,04,2023-07-25 15:58:00,909,1,100.0,2024-03-06,2024-03-06
Entrevaux,04076,04,2023-03-02 11:43:00,11800,1,99.0,2023-11-27,2023-11-27
Entrevaux,04076,04,2023-04-03 15:19:00,21800,1,99.0,2023-11-27,2023-11-27
Escatalens,82052,82,2023-09-04 17:46:00,981800,1,200.0,2024-02-27,2024-02-27
Escaudes,33155,33,2023-08-21 05:44:07,56000,1,220.0,2025-09-03,2025-09-03
Espira-de-l'Agly,66069,66,2023-01-18 11:36:00,500,2,3153.0,2023-07-06,2025-09-22
Espira-de-l'Agly,66069,66,2023-05-10 05:12:00,30000,2,3153.0,2023-07-06,2025-09-22
Espira-de-l'Agly,66069,66,2023-12-13 15:28:00,19000,1,143.0,2025-09-22,2025-09-22
Eygalières,13034,13,2023-10-02 07:47:00,10,2,510.0,2025-01-10,2025-10-15
Eygliers,05052,05,2023-08-26 12:19:00,15,4,412.0,2025-06-26,2025-12-03
Eyguières,13035,13,2023-10-02 05:25:00,10,12,2584.4,2024-09-18,2026-03-09
Eyzin-Pinet,38160,38,2023-09-05 13:31:00,39665,6,999.6,2024-08-26,2025-11-03
Fabrègues,34095,34,2023-05-29 18:29:00,27,1,88.0,2026-05-11,2026-05-11
Faverges-Seythenex,74123,74,2023-08-31 20:06:00,1,2,375.0,2026-04-16,2026-04-27
Feliceto,2B112,2B,2023-02-19 14:02:00,12000,1,99.99,2024-10-02,2024-10-02
Fey-en-Haye,54193,54,2023-07-14 16:20:00,880000,2,345.0,2026-01-14,2026-01-14
Figanières,83056,83,2023-01-03 15:15:00,2,1,12600.0,2024-01-22,2024-01-22
Figanières,83056,83,2023-01-14 14:32:00,2000,1,12600.0,2024-01-22,2024-01-22
Figanières,83056,83,2023-04-08 15:11:00,200,1,12600.0,2024-01-22,2024-01-22
Figanières,83056,83,2023-12-16 18:45:00,5,1,12600.0,2024-01-22,2024-01-22
Figari,2A114,2A,2023-08-28 10:47:00,10,1,100.0,2025-12-16,2025-12-16
Fitou,11144,11,2023-04-01 15:01:00,400,2,194.0,2025-03-28,2025-11-20
Fitou,11144,11,2023-05-24 22:03:00,500,2,194.0,2025-03-28,2025-11-20
Fitou,11144,11,2023-08-09 14:07:00,1000,2,194.0,2025-03-28,2025-11-20
Fitou,11144,11,2023-08-13 14:59:00,400,2,194.0,2025-03-28,2025-11-20
Fitou,11144,11,2023-12-21 01:31:00,2500,2,194.0,2025-03-28,2025-11-20
Flassans-sur-Issole,83057,83,2023-02-18 18:37:00,5,1,80.0,2025-08-08,2025-08-08
Flassans-sur-Issole,83057,83,2023-11-25 09:59:00,10,1,80.0,2025-08-08,2025-08-08
Flayat,23081,23,2023-07-14 18:00:00,200,7,9649.0,2023-08-29,2026-03-30
Florensac,34101,34,2023-05-29 15:11:00,33814,2,2760.0,2024-06-12,2024-09-02
Florensac,34101,34,2023-07-10 16:02:00,1339,2,2760.0,2024-06-12,2024-09-02
Florensac,34101,34,2023-11-16 16:25:00,10000,2,2760.0,2024-06-12,2024-09-02
Fontainebleau,77186,77,2023-02-09 17:12:00,1800,1,88.0,2025-08-01,2025-08-01
Fontainebleau,77186,77,2023-03-20 15:21:00,15,1,88.0,2025-08-01,2025-08-01
Fontainebleau,77186,77,2023-05-31 07:13:00,20,1,88.0,2025-08-01,2025-08-01
Fontainebleau,77186,77,2023-05-31 17:21:00,2000,1,88.0,2025-08-01,2025-08-01
Fontainebleau,77186,77,2023-05-31 19:36:00,40,1,88.0,2025-08-01,2025-08-01
Fontainebleau,77186,77,2023-06-01 15:06:00,6,1,88.0,2025-08-01,2025-08-01
Fontainebleau,77186,77,2023-07-13 13:52:00,10000,1,88.0,2025-08-01,2025-08-01
Fontainebleau,77186,77,2023-07-30 22:06:05,10,1,88.0,2025-08-01,2025-08-01
Fontainebleau,77186,77,2023-09-04 06:16:00,13000,1,88.0,2025-08-01,2025-08-01
Fontainebleau,77186,77,2023-09-06 15:29:16,2000,1,88.0,2025-08-01,2025-08-01
Fontcouverte,11148,11,2023-03-07 12:19:00,900,2,210.0,2024-03-21,2025-05-14
Fontcouverte,11148,11,2023-06-04 14:07:00,500,2,210.0,2024-03-21,2025-05-14
Fontcouverte,11148,11,2023-09-05 22:41:00,3522,2,210.0,2024-03-21,2025-05-14
Fontcouverte,11148,11,2023-10-28 03:27:00,7,2,210.0,2024-03-21,2025-05-14
Fontcouverte,11148,11,2023-11-01 21:04:00,80,2,210.0,2024-03-21,2025-05-14
Fontcouverte,11148,11,2023-11-03 22:24:00,300,2,210.0,2024-03-21,2025-05-14
Fontvieille,13038,13,2023-03-14 15:49:00,300,3,519.0,2024-04-12,2025-12-15
Fontvieille,13038,13,2023-04-15 14:06:00,15,3,519.0,2024-04-12,2025-12-15
Fontvieille,13038,13,2023-12-07 18:30:00,100,3,519.0,2024-04-12,2025-12-15
Fos-sur-Mer,13039,13,2023-03-24 12:25:00,200,10,8529.6,2023-05-04,2025-11-12
Fos-sur-Mer,13039,13,2023-03-26 10:51:00,50,10,8529.6,2023-05-04,2025-11-12
Fos-sur-Mer,13039,13,2023-04-09 17:16:00,200,10,8529.6,2023-05-04,2025-11-12
Fos-sur-Mer,13039,13,2023-04-10 15:56:00,1,10,8529.6,2023-05-04,2025-11-12
Fos-sur-Mer,13039,13,2023-04-15 15:14:00,1500,10,8529.6,2023-05-04,2025-11-12
Fos-sur-Mer,13039,13,2023-04-16 17:55:00,10,10,8529.6,2023-05-04,2025-11-12
Fos-sur-Mer,13039,13,2023-05-11 22:59:00,100,9,8109.6,2023-08-29,2025-11-12
Fos-sur-Mer,13039,13,2023-06-27 18:44:00,10000,9,8109.6,2023-08-29,2025-11-12
Fos-sur-Mer,13039,13,2023-07-14 22:25:00,200,9,8109.6,2023-08-29,2025-11-12
Fos-sur-Mer,13039,13,2023-08-04 03:45:00,10,9,8109.6,2023-08-29,2025-11-12
Fos-sur-Mer,13039,13,2023-08-04 14:25:00,300,9,8109.6,2023-08-29,2025-11-12
Fos-sur-Mer,13039,13,2023-08-14 16:16:00,500,9,8109.6,2023-08-29,2025-11-12
Fos-sur-Mer,13039,13,2023-09-01 02:13:00,100,8,8043.0,2023-11-20,2025-11-12
Fos-sur-Mer,13039,13,2023-12-21 12:50:00,200,7,7963.0,2024-04-23,2025-11-12
Fougeré,85093,85,2023-06-08 03:54:00,10000,5,1340.0,2025-03-12,2026-04-29
Fox-Amphoux,83060,83,2023-03-08 17:02:00,3,1,248.0,2023-12-15,2023-12-15
Fox-Amphoux,83060,83,2023-03-21 11:14:00,125,1,248.0,2023-12-15,2023-12-15
Fox-Amphoux,83060,83,2023-03-21 18:29:00,100,1,248.0,2023-12-15,2023-12-15
Fréjus,83061,83,2023-01-21 18:09:00,2,9,1280.0,2023-10-06,2026-03-20
Fréjus,83061,83,2023-04-22 15:53:00,350,9,1280.0,2023-10-06,2026-03-20
Fréjus,83061,83,2023-04-24 13:34:00,1,9,1280.0,2023-10-06,2026-03-20
Fréjus,83061,83,2023-05-16 11:56:00,20,9,1280.0,2023-10-06,2026-03-20
Fréjus,83061,83,2023-06-27 16:04:00,20,9,1280.0,2023-10-06,2026-03-20
Fréjus,83061,83,2023-07-31 16:39:00,450,9,1280.0,2023-10-06,2026-03-20
Fréjus,83061,83,2023-08-01 20:36:00,10,9,1280.0,2023-10-06,2026-03-20
Fréjus,83061,83,2023-08-02 20:15:00,800,9,1280.0,2023-10-06,2026-03-20
Fréjus,83061,83,2023-08-04 13:55:00,10,9,1280.0,2023-10-06,2026-03-20
Fréjus,83061,83,2023-08-07 13:16:00,1,9,1280.0,2023-10-06,2026-03-20
Fréjus,83061,83,2023-08-20 22:44:00,3,9,1280.0,2023-10-06,2026-03-20
Fréjus,83061,83,2023-10-09 13:13:00,4,8,1030.0,2024-02-23,2026-03-20
Fréjus,83061,83,2023-12-22 12:19:00,3,8,1030.0,2024-02-23,2026-03-20
Furiani,2B120,2B,2023-02-19 11:38:00,50,11,1296.25,2024-08-08,2026-01-15
Furiani,2B120,2B,2023-03-10 14:40:00,6000,11,1296.25,2024-08-08,2026-01-15
Furiani,2B120,2B,2023-07-25 19:49:00,18000,11,1296.25,2024-08-08,2026-01-15
Fuveau,13040,13,2023-01-29 16:20:00,30,6,616.0,2023-04-03,2025-12-11
Gaillard,74133,74,2023-05-29 16:45:00,10,2,173.0,2024-04-11,2025-10-23
Gap,05061,05,2023-04-08 16:47:00,150,40,8745.05,2023-09-19,2026-05-19
Gap,05061,05,2023-08-07 15:28:00,508,40,8745.05,2023-09-19,2026-05-19
Gardanne,13041,13,2023-01-31 20:54:00,100,13,3370.45,2024-04-25,2026-05-19
Gardanne,13041,13,2023-03-07 13:15:00,1000,13,3370.45,2024-04-25,2026-05-19
Gardanne,13041,13,2023-04-26 10:03:00,30,13,3370.45,2024-04-25,2026-05-19
Gardanne,13041,13,2023-07-26 19:00:00,10,13,3370.45,2024-04-25,2026-05-19
Gardanne,13041,13,2023-08-04 23:15:00,10000,13,3370.45,2024-04-25,2026-05-19
Gardanne,13041,13,2023-08-30 20:29:00,2,13,3370.45,2024-04-25,2026-05-19
Garéoult,83064,83,2023-02-02 22:25:00,10,1,249.99,2023-12-18,2023-12-18
Garéoult,83064,83,2023-12-17 07:58:00,1,1,249.99,2023-12-18,2023-12-18
Gaugeac,24195,24,2023-08-09 18:45:00,50,1,180.0,2024-01-17,2024-01-17
Gevrey-Chambertin,21295,21,2023-07-06 16:40:00,400,9,5274.0,2023-10-17,2026-05-26
Ghisonaccia,2B123,2B,2023-02-06 15:03:00,150,5,422.8,2023-05-03,2025-12-23
Ghisonaccia,2B123,2B,2023-02-20 11:46:00,100,5,422.8,2023-05-03,2025-12-23
Ghisonaccia,2B123,2B,2023-03-14 15:43:00,1500,5,422.8,2023-05-03,2025-12-23
Ghisonaccia,2B123,2B,2023-09-23 14:00:00,1000,4,322.96,2024-02-21,2025-12-23
Ghisonaccia,2B123,2B,2023-11-28 16:31:00,2000,4,322.96,2024-02-21,2025-12-23
Ghisonaccia,2B123,2B,2023-12-02 16:31:00,1000,4,322.96,2024-02-21,2025-12-23
Gignac-la-Nerthe,13043,13,2023-07-05 19:56:00,200,1,250.0,2024-12-11,2024-12-11
Gignac-la-Nerthe,13043,13,2023-07-25 22:30:00,200,1,250.0,2024-12-11,2024-12-11
Gillonnay,38180,38,2023-08-24 13:00:00,85068,5,422.0,2024-07-11,2026-04-30
Ginasservis,83066,83,2023-01-25 15:50:00,50,2,470.0,2024-12-18,2025-09-19
Ginasservis,83066,83,2023-08-18 10:55:00,1,2,470.0,2024-12-18,2025-09-19
Ginasservis,83066,83,2023-08-18 11:02:00,5,2,470.0,2024-12-18,2025-09-19
Ginestet,24197,24,2023-10-05 16:09:00,100,1,249.0,2026-04-23,2026-04-23
Gièvres,41097,41,2023-06-27 13:51:00,10000,2,16654.0,2025-06-10,2026-05-05
Gièvres,41097,41,2023-06-30 22:59:00,80000,2,16654.0,2025-06-10,2026-05-05
Gièvres,41097,41,2023-09-09 18:25:00,500,2,16654.0,2025-06-10,2026-05-05
Gorges du Tarn Causses,48146,48,2023-08-02 16:22:00,1500,2,358.0,2026-05-19,2026-05-19
Goult,84051,84,2023-01-30 15:48:00,9700,2,245.0,2023-09-18,2026-02-05
Grand-Brassac,24200,24,2023-09-09 07:01:00,100,5,1190.0,2024-06-11,2025-01-06
Grand-Champ,56067,56,2023-05-31 09:52:00,20,1,150.0,2024-06-19,2024-06-19
Grans,13044,13,2023-04-18 17:15:00,200,3,2120.0,2024-07-31,2025-06-25
Grans,13044,13,2023-08-05 09:37:00,7000,3,2120.0,2024-07-31,2025-06-25
Grans,13044,13,2023-08-07 18:45:00,20,3,2120.0,2024-07-31,2025-06-25
Grasse,06069,06,2023-07-10 17:30:00,300,9,1611.0,2024-07-09,2026-04-02
Grignols,24205,24,2023-09-05 15:57:00,100000,2,308.0,2023-10-02,2024-10-01
Grimaud,83068,83,2023-03-25 09:32:00,20,5,635.0,2023-12-04,2026-02-12
Grimaud,83068,83,2023-03-28 01:04:00,10000,5,635.0,2023-12-04,2026-02-12
Grimaud,83068,83,2023-04-15 23:50:00,1000,5,635.0,2023-12-04,2026-02-12
Grimaud,83068,83,2023-06-23 17:47:00,6500,5,635.0,2023-12-04,2026-02-12
Grimaud,83068,83,2023-08-03 14:06:00,258,5,635.0,2023-12-04,2026-02-12
Grimaud,83068,83,2023-11-25 00:48:00,14000,5,635.0,2023-12-04,2026-02-12
Groix,56069,56,2023-07-14 11:18:00,50,1,50.0,2024-03-11,2024-03-11
Gruissan,11170,11,2023-02-02 17:36:00,1,2,305.0,2024-04-23,2025-04-02
Gréasque,13046,13,2023-03-27 18:46:00,100,1,198.0,2023-05-05,2023-05-05
Gréoux-les-Bains,04094,04,2023-08-22 16:32:00,4153,4,364.9,2024-09-28,2025-06-13
Guidel,56078,56,2023-07-20 14:20:00,10,3,407.98,2023-08-22,2024-10-14
Générac,33184,33,2023-06-28 19:48:03,5000,1,150.0,2025-11-18,2025-11-18
Hasparren,64256,64,2023-03-15 17:07:22,100,6,934.5,2023-08-18,2025-12-03
Herm,40123,40,2023-08-10 08:07:00,2500,1,250.0,2025-08-19,2025-08-19
Hostens,33202,33,2023-05-06 21:45:04,400,1,200.0,2024-05-15,2024-05-15
Hostens,33202,33,2023-05-26 14:49:35,2000,1,200.0,2024-05-15,2024-05-15
Hourtin,33203,33,2023-06-17 20:00:00,10,5,591.6,2024-03-08,2026-01-22
Hourtin,33203,33,2023-06-17 20:09:35,50,5,591.6,2024-03-08,2026-01-22
Hyères,83069,83,2023-01-31 18:52:00,500,12,1793.0,2023-11-10,2025-10-23
Hyères,83069,83,2023-02-07 15:18:00,10,12,1793.0,2023-11-10,2025-10-23
Hyères,83069,83,2023-03-15 10:49:00,500,12,1793.0,2023-11-10,2025-10-23
Hyères,83069,83,2023-04-14 10:08:00,20,12,1793.0,2023-11-10,2025-10-23
Hyères,83069,83,2023-04-24 17:07:00,1,12,1793.0,2023-11-10,2025-10-23
Hyères,83069,83,2023-04-27 14:04:00,4,12,1793.0,2023-11-10,2025-10-23
Hyères,83069,83,2023-06-08 10:50:00,20,12,1793.0,2023-11-10,2025-10-23
Hyères,83069,83,2023-06-10 15:35:00,100,12,1793.0,2023-11-10,2025-10-23
Hyères,83069,83,2023-06-18 11:33:00,300,12,1793.0,2023-11-10,2025-10-23
Hyères,83069,83,2023-07-21 15:04:00,100,12,1793.0,2023-11-10,2025-10-23
Hyères,83069,83,2023-07-21 17:57:00,1,12,1793.0,2023-11-10,2025-10-23
Hyères,83069,83,2023-07-25 08:09:00,70,12,1793.0,2023-11-10,2025-10-23
Hyères,83069,83,2023-07-26 21:19:00,50,12,1793.0,2023-11-10,2025-10-23
Hyères,83069,83,2023-08-15 15:43:00,150,12,1793.0,2023-11-10,2025-10-23
Hyères,83069,83,2023-08-18 16:10:00,6,12,1793.0,2023-11-10,2025-10-23
Hyères,83069,83,2023-11-28 02:02:00,60,11,1745.0,2024-01-29,2025-10-23
Hyères,83069,83,2023-12-27 17:58:00,100,11,1745.0,2024-01-29,2025-10-23
Hénansal,22077,22,2023-07-23 01:55:00,100,3,502.0,2025-09-18,2026-04-10
Iholdy,64271,64,2023-01-01 18:11:35,10000,10,1951.0,2024-03-20,2026-03-09
Illats,33205,33,2023-08-14 08:07:28,1000,1,250.0,2024-03-20,2024-03-20
Ille-sur-Têt,66088,66,2023-08-04 01:04:00,252600,7,2869.0,2024-07-01,2026-05-21
Imphy,58134,58,2023-07-13 17:37:00,26300,2,499.0,2024-12-02,2024-12-02
Istres,13047,13,2023-01-25 13:26:00,60,11,49299.0,2023-05-09,2026-05-12
Istres,13047,13,2023-02-12 09:54:00,20,11,49299.0,2023-05-09,2026-05-12
Istres,13047,13,2023-02-17 19:52:00,200,11,49299.0,2023-05-09,2026-05-12
Istres,13047,13,2023-04-24 23:30:00,1000,11,49299.0,2023-05-09,2026-05-12
Istres,13047,13,2023-05-08 08:50:00,5,11,49299.0,2023-05-09,2026-05-12
Istres,13047,13,2023-05-18 21:57:00,5,7,1199.0,2024-06-21,2026-05-12
Istres,13047,13,2023-05-31 18:31:00,200,7,1199.0,2024-06-21,2026-05-12
Istres,13047,13,2023-07-23 17:28:00,5,7,1199.0,2024-06-21,2026-05-12
Istres,13047,13,2023-07-30 16:12:00,200,7,1199.0,2024-06-21,2026-05-12
Istres,13047,13,2023-07-30 23:10:00,500,7,1199.0,2024-06-21,2026-05-12
Istres,13047,13,2023-08-04 16:08:00,10000,7,1199.0,2024-06-21,2026-05-12
Istres,13047,13,2023-08-05 17:34:00,2000,7,1199.0,2024-06-21,2026-05-12
Istres,13047,13,2023-08-06 16:14:00,300,7,1199.0,2024-06-21,2026-05-12
Istres,13047,13,2023-08-19 17:09:00,30,7,1199.0,2024-06-21,2026-05-12
Istres,13047,13,2023-08-25 20:44:00,60,7,1199.0,2024-06-21,2026-05-12
Jard-sur-Mer,85114,85,2023-07-22 15:53:00,20,2,313.0,2025-09-03,2026-01-08
Jarjayes,05068,05,2023-03-06 16:33:00,700,2,407.0,2024-06-17,2024-10-02
Jarzé Villages,49163,49,2023-06-01 14:53:00,5000,6,1295.0,2024-01-23,2026-01-15
Jonquières-Saint-Vincent,30135,30,2023-05-02 12:25:00,2850,3,536.0,2024-01-19,2024-09-03
Jonquières-Saint-Vincent,30135,30,2023-05-02 12:25:00,42723,3,536.0,2024-01-19,2024-09-03
Jumelles,27360,27,2023-06-27 12:26:00,10500,1,99.0,2025-08-12,2025-08-12
Juvignac,34123,34,2023-07-24 16:55:00,469,2,284.72,2025-03-10,2025-10-30
Juvignac,34123,34,2023-08-04 00:59:00,5143,2,284.72,2025-03-10,2025-10-30
L'Escarène,06057,06,2023-07-24 11:27:00,100,1,110.0,2026-01-16,2026-01-16
L'Isle-Jourdain,32160,32,2023-05-28 15:55:00,40,4,639.0,2024-07-22,2025-05-26
L'Isle-de-Noé,32159,32,2023-02-20 14:55:00,30000,8,1247.62,2024-01-31,2025-04-24
L'Isle-sur-la-Sorgue,84054,84,2023-04-20 11:58:00,800,12,4256.0,2023-05-11,2026-01-13
La Barde,17033,17,2023-04-13 18:09:00,85000,1,220.0,2026-04-29,2026-04-29
La Bazoge,72024,72,2023-04-19 14:48:00,500,3,579.0,2024-08-30,2025-11-06
La Boissière,34035,34,2023-12-19 22:18:00,469,2,380.0,2025-09-30,2025-12-05
La Cadière-d'Azur,83027,83,2023-03-28 12:41:00,500,1,100.0,2025-12-30,2025-12-30
La Cadière-d'Azur,83027,83,2023-04-27 14:11:00,50,1,100.0,2025-12-30,2025-12-30
La Cadière-d'Azur,83027,83,2023-11-29 20:31:00,100,1,100.0,2025-12-30,2025-12-30
La Chapelle-devant-Bruyères,88089,88,2023-02-19 15:39:00,9,2,370.0,2025-01-30,2025-01-30
La Chapelle-en-Vercors,26074,26,2023-08-25 18:59:00,150,2,190.0,2025-06-19,2026-03-04
La Ciotat,13028,13,2023-05-04 23:19:00,10,10,1610.0,2023-08-16,2025-07-25
La Ciotat,13028,13,2023-07-02 16:07:00,150,10,1610.0,2023-08-16,2025-07-25
La Ciotat,13028,13,2023-08-08 18:45:00,50,10,1610.0,2023-08-16,2025-07-25
La Couronne,16113,16,2023-08-13 18:05:38,30,1,240.0,2025-04-24,2025-04-24
La Crau,83047,83,2023-07-05 13:03:00,50,1,250.0,2025-07-08,2025-07-08
La Crau,83047,83,2023-07-05 17:02:00,50,1,250.0,2025-07-08,2025-07-08
La Crau,83047,83,2023-08-07 13:58:00,600,1,250.0,2025-07-08,2025-07-08
La Crau,83047,83,2023-08-18 16:44:00,20,1,250.0,2025-07-08,2025-07-08
La Fare-les-Oliviers,13037,13,2023-04-09 07:11:00,20,5,694.0,2023-05-10,2025-09-29
La Farlède,83054,83,2023-03-10 15:19:00,900,7,1475.0,2024-10-23,2026-05-18
La Farlède,83054,83,2023-03-10 18:51:00,1,7,1475.0,2024-10-23,2026-05-18
La Farlède,83054,83,2023-08-03 17:53:00,10,7,1475.0,2024-10-23,2026-05-18
La Flèche,72154,72,2023-07-14 13:42:00,25000,17,3026.0,2024-08-27,2026-04-22
La Flèche,72154,72,2023-07-16 19:05:00,1000,17,3026.0,2024-08-27,2026-04-22
La Flèche,72154,72,2023-07-22 12:17:00,1000,17,3026.0,2024-08-27,2026-04-22
La Flèche,72154,72,2023-07-22 21:08:00,20,17,3026.0,2024-08-27,2026-04-22
La Gacilly,56061,56,2023-06-05 19:53:00,200,1,1896.0,2026-03-12,2026-03-12
La Gacilly,56061,56,2023-06-29 20:03:00,1000,1,1896.0,2026-03-12,2026-03-12
La Gacilly,56061,56,2023-07-09 21:29:00,100,1,1896.0,2026-03-12,2026-03-12
La Gacilly,56061,56,2023-08-28 18:56:00,1500,1,1896.0,2026-03-12,2026-03-12
La Garde,83062,83,2023-06-23 21:38:00,5,15,1769.0,2024-04-15,2026-04-01
La Genétouze,17173,17,2023-02-20 16:47:00,16000,3,448.0,2025-03-05,2025-11-05
La Genétouze,17173,17,2023-08-08 04:33:00,6969,3,448.0,2025-03-05,2025-11-05
La Genétouze,17173,17,2023-08-08 04:33:00,15000,3,448.0,2025-03-05,2025-11-05
La Londe-les-Maures,83071,83,2023-04-25 16:49:00,500,4,360.0,2023-09-25,2026-03-25
La Londe-les-Maures,83071,83,2023-04-25 19:03:00,500,4,360.0,2023-09-25,2026-03-25
La Londe-les-Maures,83071,83,2023-04-28 13:31:00,10,4,360.0,2023-09-25,2026-03-25
La Londe-les-Maures,83071,83,2023-07-25 19:05:00,7607,4,360.0,2023-09-25,2026-03-25
La Motte,83085,83,2023-08-01 19:16:00,100,4,1320.0,2024-04-17,2025-12-16
La Possession,97408,974,2023-01-16 13:42:00,2000,4,1208.87,2023-02-21,2024-10-01
La Redorte,11190,11,2023-09-03 21:35:00,150,4,707.0,2024-11-05,2026-01-22
La Redorte,11190,11,2023-10-16 15:16:00,20209,4,707.0,2024-11-05,2026-01-22
La Roche-Chalais,24354,24,2023-03-25 21:54:00,5000,1,220.0,2025-09-03,2025-09-03
La Roche-Chalais,24354,24,2023-04-30 17:00:00,100,1,220.0,2025-09-03,2025-09-03
La Roche-Chalais,24354,24,2023-05-02 21:30:00,127000,1,220.0,2025-09-03,2025-09-03
La Roche-Chalais,24354,24,2023-05-06 18:33:00,80,1,220.0,2025-09-03,2025-09-03
La Roche-Chalais,24354,24,2023-05-26 02:23:00,10000,1,220.0,2025-09-03,2025-09-03
La Roche-Chalais,24354,24,2023-05-26 08:00:00,1,1,220.0,2025-09-03,2025-09-03
La Roque-d'Anthéron,13084,13,2023-09-08 11:46:00,400,3,630.0,2025-01-09,2025-01-20
La Rouquette,12205,12,2023-04-11 20:42:00,55000,2,2107.0,2025-12-31,2026-05-27
La Seyne-sur-Mer,83126,83,2023-07-05 16:35:00,20,9,1637.6,2023-12-22,2026-04-07
La Seyne-sur-Mer,83126,83,2023-07-22 14:58:00,50,9,1637.6,2023-12-22,2026-04-07
La Teste-de-Buch,33529,33,2023-07-11 02:49:00,500,7,1111.5,2023-10-31,2026-01-21
La Teste-de-Buch,33529,33,2023-10-03 00:09:00,12000,7,1111.5,2023-10-31,2026-01-21
La Tranche-sur-Mer,85294,85,2023-07-10 16:55:00,200,4,425.97,2023-09-25,2026-03-20
La Tranche-sur-Mer,85294,85,2023-07-23 14:03:00,300,4,425.97,2023-09-25,2026-03-20
La Valette-du-Var,83144,83,2023-03-15 15:15:00,4,1,95.0,2026-05-27,2026-05-27
La Valette-du-Var,83144,83,2023-11-24 18:16:00,90,1,95.0,2026-05-27,2026-05-27
La Verdière,83146,83,2023-04-11 10:53:00,10,1,94.0,2025-03-03,2025-03-03
La Verdière,83146,83,2023-10-18 21:41:00,250,1,94.0,2025-03-03,2025-03-03
La Ville-Dieu-du-Temple,82096,82,2023-02-18 15:13:00,30000,5,929.8,2023-11-08,2025-08-01
La Vraie-Croix,56261,56,2023-09-09 17:08:00,1500,3,518.0,2025-12-04,2026-04-09
Labastide-Rouairoux,81115,81,2023-03-20 14:42:00,1000,3,495.0,2025-03-21,2025-03-24
Labatut,40132,40,2023-01-01 17:54:00,1000,3,720.0,2025-02-11,2025-08-18
Lablachère,07117,07,2023-09-30 14:05:00,1000,3,322.2,2025-06-11,2026-05-07
Lacanau,33214,33,2023-04-20 18:00:48,500,2,395.0,2025-09-04,2025-09-04
Lacanau,33214,33,2023-06-05 12:56:14,1000,2,395.0,2025-09-04,2025-09-04
Lacanau,33214,33,2023-06-15 11:54:41,300,2,395.0,2025-09-04,2025-09-04
Lacanau,33214,33,2023-06-17 18:11:00,500,2,395.0,2025-09-04,2025-09-04
Lacaze,81125,81,2023-09-09 13:39:00,80000,1,230.0,2026-01-19,2026-01-19
Lacrouzette,81128,81,2023-04-20 16:08:00,10000,5,676.0,2024-11-07,2026-04-13
Lacépède,47125,47,2023-02-07 17:16:26,100,3,278.0,2025-09-23,2025-10-01
Ladignac-le-Long,87082,87,2023-09-04 12:06:57,1,2,357.0,2023-10-11,2025-10-29
Lafarre,43109,43,2023-10-07 17:12:00,2000,2,210.0,2024-02-14,2024-05-13
Lahourcade,64306,64,2023-01-05 11:57:34,10,1,88.0,2023-02-08,2023-02-08
Laillé,35139,35,2023-05-27 15:52:00,100,4,449.0,2025-04-28,2026-04-16
Laluque,40142,40,2023-06-20 11:45:00,3,1,12540.0,2025-12-11,2025-12-11
Laluque,40142,40,2023-07-30 20:35:00,15,1,12540.0,2025-12-11,2025-12-11
Laluque,40142,40,2023-08-23 18:07:00,700,1,12540.0,2025-12-11,2025-12-11
Lamanon,13049,13,2023-04-21 17:30:00,100,4,7149.6,2023-10-24,2026-04-29
Lamarche,88258,88,2023-06-10 13:09:00,50,3,654.0,2024-07-17,2025-12-02
Lambesc,13050,13,2023-01-23 16:10:00,300,7,1226.9,2024-01-05,2026-01-08
Lambesc,13050,13,2023-04-13 16:56:00,200,7,1226.9,2024-01-05,2026-01-08
Lambesc,13050,13,2023-06-16 19:07:00,10,7,1226.9,2024-01-05,2026-01-08
Lambesc,13050,13,2023-07-20 14:54:00,750,7,1226.9,2024-01-05,2026-01-08
Lambesc,13050,13,2023-08-08 20:45:00,100,7,1226.9,2024-01-05,2026-01-08
Lambesc,13050,13,2023-12-26 11:12:00,500,7,1226.9,2024-01-05,2026-01-08
Lanarce,07130,07,2023-09-12 17:51:00,3200,1,110.0,2025-06-26,2025-06-26
Lançon-Provence,13051,13,2023-07-20 10:52:00,20,7,1225.0,2024-01-15,2026-04-23
Lançon-Provence,13051,13,2023-07-27 13:15:00,338500,7,1225.0,2024-01-15,2026-04-23
Lançon-Provence,13051,13,2023-08-16 13:36:00,10,7,1225.0,2024-01-15,2026-04-23
Lançon-Provence,13051,13,2023-08-16 14:41:00,100,7,1225.0,2024-01-15,2026-04-23
Lançon-Provence,13051,13,2023-08-16 17:02:00,50,7,1225.0,2024-01-15,2026-04-23
Lançon-Provence,13051,13,2023-08-25 15:10:00,20,7,1225.0,2024-01-15,2026-04-23
Lançon-Provence,13051,13,2023-08-28 21:54:00,5,7,1225.0,2024-01-15,2026-04-23
Lançon-Provence,13051,13,2023-09-03 21:24:00,50,7,1225.0,2024-01-15,2026-04-23
Laroque-de-Fa,11191,11,2023-07-12 18:39:00,1000,1,250.0,2025-06-26,2025-06-26
Laruscade,33233,33,2023-03-06 22:52:07,200,2,168.0,2024-07-04,2024-12-26
Latour-de-Carol,66095,66,2023-10-02 15:45:00,10000,3,580.0,2025-01-14,2026-02-12
Laudun-l'Ardoise,30141,30,2023-08-10 13:00:00,7744,1,80.0,2024-02-12,2024-02-12
Laurac-en-Vivarais,07134,07,2023-08-15 21:45:00,4000,1,133.3,2025-08-27,2025-08-27
Laurac-en-Vivarais,07134,07,2023-09-12 01:32:00,800,1,133.3,2025-08-27,2025-08-27
Lauraguel,11197,11,2023-03-21 13:52:00,500,4,599.77,2023-10-27,2025-06-02
Laure-Minervois,11198,11,2023-07-25 16:59:00,150,1,158.0,2025-09-03,2025-09-03
Laval,53130,53,2023-04-29 16:59:00,10000,15,2518.6,2023-06-26,2026-04-28
Lavernat,72160,72,2023-07-14 13:02:00,4000,1,250.0,2025-08-11,2025-08-11
Le Bar-sur-Loup,06010,06,2023-06-10 13:31:00,2,3,1060.0,2023-11-15,2025-10-07
Le Barp,33029,33,2023-09-25 23:32:27,50,7,1143.0,2023-11-24,2026-01-21
Le Beausset,83016,83,2023-03-08 14:36:00,2,4,560.0,2024-06-06,2025-12-30
Le Beausset,83016,83,2023-06-23 20:37:00,1,4,560.0,2024-06-06,2025-12-30
Le Beausset,83016,83,2023-08-19 16:10:00,393,4,560.0,2024-06-06,2025-12-30
Le Boulou,66024,66,2023-07-15 00:11:00,5000,6,960.7,2025-08-22,2026-05-27
Le Breil-sur-Mérize,72046,72,2023-05-27 20:34:00,20,1,82.8,2023-11-21,2023-11-21
Le Breil-sur-Mérize,72046,72,2023-06-15 12:30:00,800,1,82.8,2023-11-21,2023-11-21
Le Buisson-de-Cadouin,24068,24,2023-04-19 13:02:00,5000,3,456.5,2024-03-15,2026-02-19
Le Cannet,06030,06,2023-07-17 19:02:00,20,3,262.36,2023-09-19,2025-06-23
Le Cannet,06030,06,2023-09-08 14:41:00,1000,3,262.36,2023-09-19,2025-06-23
Le Cannet-des-Maures,83031,83,2023-04-11 16:08:00,1,4,435.0,2024-03-26,2026-03-02
Le Cannet-des-Maures,83031,83,2023-05-04 16:35:00,100,4,435.0,2024-03-26,2026-03-02
Le Cannet-des-Maures,83031,83,2023-08-02 14:36:00,5,4,435.0,2024-03-26,2026-03-02
Le Chaffaut-Saint-Jurson,04046,04,2023-08-23 17:55:00,5154,1,100.0,2024-11-06,2024-11-06
Le Chastang,19048,19,2023-02-14 14:26:32,300,1,100.0,2026-04-28,2026-04-28
Le Cheylas,38100,38,2023-08-14 16:18:00,60,4,659.0,2023-10-15,2025-05-27
Le Clerjus,88108,88,2023-07-04 20:00:00,100,1,235.0,2025-07-29,2025-07-29
Le Creusot,71153,71,2023-06-29 17:12:00,800,1,100.0,2024-08-02,2024-08-02
Le Luc,83073,83,2023-05-07 15:37:00,10,5,742.0,2023-10-18,2026-02-18
Le Luc,83073,83,2023-08-02 10:26:00,10,5,742.0,2023-10-18,2026-02-18
Le Luc,83073,83,2023-08-15 23:12:00,3,5,742.0,2023-10-18,2026-02-18
Le Luc,83073,83,2023-09-07 17:19:00,200,5,742.0,2023-10-18,2026-02-18
Le Mans,72181,72,2023-03-02 17:44:00,250,27,10173.0,2023-03-09,2026-05-13
Le Mans,72181,72,2023-06-09 01:17:00,10,25,7123.0,2023-07-06,2026-05-13
Le Mans,72181,72,2023-08-18 20:02:00,400,23,6933.0,2023-09-08,2026-05-13
Le Mans,72181,72,2023-08-25 17:47:00,8,23,6933.0,2023-09-08,2026-05-13
Le Muy,83086,83,2023-06-10 13:07:00,2500,2,336.0,2024-09-20,2025-02-20
Le Muy,83086,83,2023-06-30 23:02:00,50,2,336.0,2024-09-20,2025-02-20
Le Muy,83086,83,2023-07-13 19:47:00,180,2,336.0,2024-09-20,2025-02-20
Le Muy,83086,83,2023-07-25 19:14:00,3,2,336.0,2024-09-20,2025-02-20
Le Muy,83086,83,2023-08-25 15:01:00,20,2,336.0,2024-09-20,2025-02-20
Le Palais,56152,56,2023-06-25 03:35:00,500,2,349.0,2025-10-16,2026-04-08
Le Pian-Médoc,33322,33,2023-06-07 23:51:48,5000,3,1314.0,2025-02-17,2025-06-06
Le Pompidou,48115,48,2023-12-26 13:03:00,6674,1,98.0,2024-05-21,2024-05-21
Le Poët,05103,05,2023-08-16 16:47:00,4100,8,1580.89,2024-03-14,2026-04-01
Le Pradet,83098,83,2023-06-20 20:04:00,10,3,297.0,2024-07-25,2025-09-22
Le Pradet,83098,83,2023-06-27 14:08:00,300,3,297.0,2024-07-25,2025-09-22
Le Puy-Sainte-Réparade,13080,13,2023-01-20 17:03:00,15,2,390.0,2025-02-20,2025-09-23
Le Rove,13088,13,2023-08-18 22:32:00,5,2,306.0,2024-09-11,2025-03-04
Le Rove,13088,13,2023-10-11 03:55:00,10,2,306.0,2024-09-11,2025-03-04
Le Saint,56201,56,2023-06-07 14:04:00,100,4,705.0,2024-06-26,2025-06-25
Le Saint,56201,56,2023-06-07 14:55:00,3000,4,705.0,2024-06-26,2025-06-25
Le Soler,66195,66,2023-08-11 14:20:00,30600,5,617.0,2025-02-24,2026-04-23
Le Teil,07319,07,2023-05-05 19:29:00,100,2,205.0,2024-11-25,2025-07-29
Le Temple,33528,33,2023-06-04 10:15:18,3000,1,249.8,2025-10-13,2025-10-13
Le Tholonet,13109,13,2023-04-02 17:25:00,400,1,119.0,2025-02-25,2025-02-25
Le Val,83143,83,2023-01-31 15:49:00,500,2,290.0,2025-01-09,2025-07-30
Le Val,83143,83,2023-03-11 17:18:00,3500,2,290.0,2025-01-09,2025-07-30
Le Val,83143,83,2023-05-06 12:12:00,30,2,290.0,2025-01-09,2025-07-30
Le Val,83143,83,2023-08-23 04:42:00,200,2,290.0,2025-01-09,2025-07-30
Lecci,2A139,2A,2023-11-16 11:23:00,50,1,100.0,2024-04-17,2024-04-17
Lelin-Lapujolle,32209,32,2023-09-11 20:47:00,200,3,436.8,2023-11-23,2026-03-20
Lencloître,86128,86,2023-08-09 20:45:00,300,1,180.0,2025-04-10,2025-04-10
Les Angles,66004,66,2023-10-09 16:56:00,3,1,90.0,2024-06-25,2024-06-25
Les Arcs,83004,83,2023-03-09 11:13:00,500,9,2387.0,2023-07-20,2026-05-18
Les Arcs,83004,83,2023-04-15 15:50:00,10,9,2387.0,2023-07-20,2026-05-18
Les Arcs,83004,83,2023-04-18 15:51:00,21,9,2387.0,2023-07-20,2026-05-18
Les Arcs,83004,83,2023-05-02 17:31:00,50,9,2387.0,2023-07-20,2026-05-18
Les Arcs,83004,83,2023-07-11 16:16:00,2707,9,2387.0,2023-07-20,2026-05-18
Les Arcs,83004,83,2023-07-20 10:14:00,30,8,2217.0,2023-11-07,2026-05-18
Les Arcs,83004,83,2023-07-25 11:16:00,31,8,2217.0,2023-11-07,2026-05-18
Les Arcs,83004,83,2023-07-25 12:58:00,5,8,2217.0,2023-11-07,2026-05-18
Les Arcs,83004,83,2023-07-25 13:00:00,1426,8,2217.0,2023-11-07,2026-05-18
Les Arcs,83004,83,2023-08-07 16:35:00,4520,8,2217.0,2023-11-07,2026-05-18
Les Arcs,83004,83,2023-08-15 20:28:00,50,8,2217.0,2023-11-07,2026-05-18
Les Arcs,83004,83,2023-09-25 15:34:00,25,8,2217.0,2023-11-07,2026-05-18
Les Arcs,83004,83,2023-09-25 16:03:00,100,8,2217.0,2023-11-07,2026-05-18
Les Côtes-d'Arey,38131,38,2023-02-18 12:16:00,75,2,364.0,2024-07-24,2025-03-31
Les Fougerêts,56060,56,2023-06-13 23:16:00,50,1,99.0,2024-08-26,2024-08-26
Les Pennes-Mirabeau,13071,13,2023-01-27 18:53:00,10,6,708.0,2024-12-26,2026-05-22
Les Pennes-Mirabeau,13071,13,2023-04-10 21:16:00,10,6,708.0,2024-12-26,2026-05-22
Les Pennes-Mirabeau,13071,13,2023-05-03 13:05:00,43400,6,708.0,2024-12-26,2026-05-22
Les Pennes-Mirabeau,13071,13,2023-05-06 14:25:00,5000,6,708.0,2024-12-26,2026-05-22
Les Pennes-Mirabeau,13071,13,2023-05-10 14:45:00,300,6,708.0,2024-12-26,2026-05-22
Les Pennes-Mirabeau,13071,13,2023-06-26 11:15:00,20,6,708.0,2024-12-26,2026-05-22
Les Pennes-Mirabeau,13071,13,2023-07-03 11:58:00,10,6,708.0,2024-12-26,2026-05-22
Les Pennes-Mirabeau,13071,13,2023-07-26 16:30:00,3000,6,708.0,2024-12-26,2026-05-22
Les Pennes-Mirabeau,13071,13,2023-07-30 12:51:00,18000,6,708.0,2024-12-26,2026-05-22
Les Pennes-Mirabeau,13071,13,2023-08-23 16:15:00,8800,6,708.0,2024-12-26,2026-05-22
Les Pennes-Mirabeau,13071,13,2023-09-04 12:05:00,3000,6,708.0,2024-12-26,2026-05-22
Les Salles-du-Gardon,30307,30,2023-03-12 16:31:00,1000,2,470.0,2026-04-15,2026-04-23
Lespignan,34135,34,2023-05-18 06:44:00,16310,3,389.0,2023-07-18,2025-10-08
Lespignan,34135,34,2023-10-22 07:46:00,616,2,279.0,2024-11-29,2025-10-08
Lestrade-et-Thouels,12129,12,2023-08-19 19:58:00,1000,6,1108.0,2025-03-26,2025-10-03
Letia,2A141,2A,2023-04-01 16:08:00,25000,1,248.0,2023-12-01,2023-12-01
Leucate,11202,11,2023-06-15 20:35:00,40,2,972.0,2023-08-25,2025-11-14
Limoges,87085,87,2023-08-14 13:53:23,1,31,4883.3,2023-09-14,2026-05-29
Limoux,11206,11,2023-10-08 12:15:00,600,8,3191.0,2024-01-17,2026-04-21
Linguizzetta,2B143,2B,2023-05-11 14:07:00,80,3,1663.0,2023-08-01,2024-05-28
Linguizzetta,2B143,2B,2023-07-22 14:28:00,150,3,1663.0,2023-08-01,2024-05-28
Linguizzetta,2B143,2B,2023-07-29 14:34:00,600,3,1663.0,2023-08-01,2024-05-28
Linguizzetta,2B143,2B,2023-08-08 14:30:00,10,2,200.0,2023-11-22,2024-05-28
Linguizzetta,2B143,2B,2023-08-12 10:17:00,20,2,200.0,2023-11-22,2024-05-28
Linguizzetta,2B143,2B,2023-08-21 13:20:00,20,2,200.0,2023-11-22,2024-05-28
Linguizzetta,2B143,2B,2023-08-21 13:26:00,77000,2,200.0,2023-11-22,2024-05-28
Linguizzetta,2B143,2B,2023-08-22 16:05:00,50,2,200.0,2023-11-22,2024-05-28
Linguizzetta,2B143,2B,2023-09-08 08:07:00,30,2,200.0,2023-11-22,2024-05-28
Linguizzetta,2B143,2B,2023-10-02 08:43:00,10,2,200.0,2023-11-22,2024-05-28
Linguizzetta,2B143,2B,2023-10-03 18:53:00,11000,2,200.0,2023-11-22,2024-05-28
Linguizzetta,2B143,2B,2023-10-04 12:14:00,10,2,200.0,2023-11-22,2024-05-28
Linguizzetta,2B143,2B,2023-10-13 10:40:00,5,2,200.0,2023-11-22,2024-05-28
Linguizzetta,2B143,2B,2023-10-21 16:05:00,500,2,200.0,2023-11-22,2024-05-28
Linguizzetta,2B143,2B,2023-10-22 15:01:00,5000,2,200.0,2023-11-22,2024-05-28
Linguizzetta,2B143,2B,2023-10-27 14:48:00,300,2,200.0,2023-11-22,2024-05-28
Linguizzetta,2B143,2B,2023-10-27 22:50:00,3100,2,200.0,2023-11-22,2024-05-28
Linguizzetta,2B143,2B,2023-10-31 15:44:00,300,2,200.0,2023-11-22,2024-05-28
Linguizzetta,2B143,2B,2023-11-28 16:41:00,10000,1,100.0,2024-05-28,2024-05-28
Linguizzetta,2B143,2B,2023-11-29 14:48:00,1000,1,100.0,2024-05-28,2024-05-28
Linguizzetta,2B143,2B,2023-12-02 13:26:00,600,1,100.0,2024-05-28,2024-05-28
Lit-et-Mixe,40157,40,2023-03-04 17:12:00,20,2,419.0,2025-09-22,2025-12-10
Locmaria,56114,56,2023-08-26 03:40:00,20000,1,60.0,2024-11-07,2024-11-07
Locmaria,56114,56,2023-08-26 03:50:00,20000,1,60.0,2024-11-07,2024-11-07
Locqueltas,56120,56,2023-01-28 16:05:00,800,2,95.0,2024-09-17,2025-11-17
Lodève,34142,34,2023-03-30 15:31:00,2746,2,299.0,2024-01-10,2026-04-28
Lodève,34142,34,2023-04-05 17:57:00,384,2,299.0,2024-01-10,2026-04-28
Lodève,34142,34,2023-04-06 19:39:00,394,2,299.0,2024-01-10,2026-04-28
Lodève,34142,34,2023-08-05 11:36:00,1560,2,299.0,2024-01-10,2026-04-28
Loisin,74150,74,2023-07-17 21:42:00,10,1,250.0,2024-02-14,2024-02-14
Longeville-sur-Mer,85127,85,2023-08-30 19:23:00,20,3,503.0,2025-02-24,2025-11-07
Lorgues,83072,83,2023-01-25 15:59:00,5,2,242.0,2025-05-02,2025-08-05
Lorgues,83072,83,2023-02-25 16:14:00,1,2,242.0,2025-05-02,2025-08-05
Lorgues,83072,83,2023-05-09 16:06:00,500,2,242.0,2025-05-02,2025-08-05
Lorgues,83072,83,2023-05-29 10:57:00,100,2,242.0,2025-05-02,2025-08-05
Lorgues,83072,83,2023-06-02 16:19:00,1,2,242.0,2025-05-02,2025-08-05
Losse,40158,40,2023-08-24 12:55:00,37000,2,314.0,2023-09-19,2024-08-29
Losse,40158,40,2023-09-12 09:52:00,1,2,314.0,2023-09-19,2024-08-29
Losse,40158,40,2023-09-14 14:04:00,700,2,314.0,2023-09-19,2024-08-29
Loubieng,64349,64,2023-10-12 16:24:00,1000,4,612.0,2024-11-20,2025-12-23
Loupian,34143,34,2023-08-13 20:03:00,3000,1,250.0,2025-07-11,2025-07-11
Loupian,34143,34,2023-10-06 16:10:00,34252,1,250.0,2025-07-11,2025-07-11
Louviers,27375,27,2023-07-03 20:08:00,10000,3,582.0,2023-10-26,2026-02-12
Louviers,27375,27,2023-07-04 15:56:00,20,3,582.0,2023-10-26,2026-02-12
Luc,48086,48,2023-05-06 16:10:00,300,2,360.0,2025-06-13,2025-06-13
Luc-sur-Orbieu,11210,11,2023-07-12 12:03:00,150,1,100.0,2025-06-19,2025-06-19
Luc-sur-Orbieu,11210,11,2023-08-05 10:20:00,500,1,100.0,2025-06-19,2025-06-19
Luc-sur-Orbieu,11210,11,2023-08-06 22:05:00,5000,1,100.0,2025-06-19,2025-06-19
Luc-sur-Orbieu,11210,11,2023-08-29 21:24:00,150,1,100.0,2025-06-19,2025-06-19
Lucciana,2B148,2B,2023-07-30 23:00:00,20,6,717.81,2024-01-03,2026-02-18
Lucciana,2B148,2B,2023-11-30 12:44:00,500,6,717.81,2024-01-03,2026-02-18
Ludon-Médoc,33256,33,2023-06-11 13:48:59,100,5,982.0,2024-06-12,2025-11-18
Lumigny-Nesles-Ormeaux,77264,77,2023-06-11 19:50:00,600,1,160.0,2024-04-10,2024-04-10
Lunas,24246,24,2023-02-11 14:01:00,5000,3,498.0,2025-07-31,2026-02-19
Lunel-Viel,34146,34,2023-08-01 07:30:00,4526,3,452.0,2024-09-18,2026-04-01
Lunel-Viel,34146,34,2023-09-19 12:03:00,28985,3,452.0,2024-09-18,2026-04-01
Lussas,07145,07,2023-02-21 17:24:00,7500,2,189.8,2023-12-27,2025-05-21
Lège-Cap-Ferret,33236,33,2023-02-26 09:37:31,1,1,85.0,2025-01-06,2025-01-06
Lézignan-Corbières,11203,11,2023-02-17 23:13:00,3000,13,2100.8,2023-02-21,2026-04-24
Lézignan-Corbières,11203,11,2023-03-31 15:58:00,600,12,2001.0,2024-12-31,2026-04-24
Lézignan-Corbières,11203,11,2023-04-12 19:34:00,200,12,2001.0,2024-12-31,2026-04-24
Lézignan-Corbières,11203,11,2023-06-27 16:24:00,89954,12,2001.0,2024-12-31,2026-04-24
Lézignan-Corbières,11203,11,2023-07-09 11:02:00,1500,12,2001.0,2024-12-31,2026-04-24
Lézignan-Corbières,11203,11,2023-08-29 23:01:00,500,12,2001.0,2024-12-31,2026-04-24
Lézignan-Corbières,11203,11,2023-11-19 17:06:00,4000,12,2001.0,2024-12-31,2026-04-24
Magalas,34147,34,2023-02-04 15:39:00,12094,4,504.70000000000005,2023-11-07,2026-01-30
Magalas,34147,34,2023-05-18 21:23:00,5027,4,504.70000000000005,2023-11-07,2026-01-30
Maine-de-Boixe,16200,16,2023-07-22 23:30:13,5000,7,1599.0,2024-10-22,2025-12-17
Maisse,91359,91,2023-07-14 15:13:00,300300,1,220.0,2025-03-03,2025-03-03
Malves-en-Minervois,11215,11,2023-10-31 11:01:00,40,1,2740.0,2025-11-18,2025-11-18
Mandelieu-la-Napoule,06079,06,2023-04-03 13:08:00,20,1,110.0,2024-02-12,2024-02-12
Mandelieu-la-Napoule,06079,06,2023-08-25 14:54:00,100,1,110.0,2024-02-12,2024-02-12
Manosque,04112,04,2023-02-01 13:38:00,900,30,5848.3,2023-03-29,2026-02-16
Marcols-les-Eaux,07149,07,2023-04-11 18:57:00,1500,1,66.6,2023-12-05,2023-12-05
Marcols-les-Eaux,07149,07,2023-07-20 16:38:00,400,1,66.6,2023-12-05,2023-12-05
Marcols-les-Eaux,07149,07,2023-08-10 18:13:00,20,1,66.6,2023-12-05,2023-12-05
Marcols-les-Eaux,07149,07,2023-08-12 11:13:00,2000,1,66.6,2023-12-05,2023-12-05
Marcols-les-Eaux,07149,07,2023-08-22 17:25:00,20000,1,66.6,2023-12-05,2023-12-05
Margaux-Cantenac,33268,33,2023-05-01 17:16:53,10,1,99.9,2023-06-13,2023-06-13
Marguerittes,30156,30,2023-01-20 17:53:00,1000,15,2282.0,2024-04-09,2026-05-05
Marigné-Laillé,72187,72,2023-03-01 15:11:00,2000,3,383.0,2024-10-16,2026-05-07
Martignas-sur-Jalle,33273,33,2023-03-30 12:38:00,1000,1,4000.0,2023-07-04,2023-07-04
Martigues,13056,13,2023-02-08 10:18:00,2,5,616.0,2023-09-01,2025-06-30
Martigues,13056,13,2023-02-18 16:44:00,100,5,616.0,2023-09-01,2025-06-30
Martigues,13056,13,2023-05-29 11:44:00,5,5,616.0,2023-09-01,2025-06-30
Martigues,13056,13,2023-07-19 15:21:00,10,5,616.0,2023-09-01,2025-06-30
Martigues,13056,13,2023-07-21 21:27:00,20,5,616.0,2023-09-01,2025-06-30
Martigues,13056,13,2023-07-24 19:05:00,300,5,616.0,2023-09-01,2025-06-30
Martigues,13056,13,2023-08-05 21:44:00,100,5,616.0,2023-09-01,2025-06-30
Martigues,13056,13,2023-08-06 22:43:00,500,5,616.0,2023-09-01,2025-06-30
Martigues,13056,13,2023-08-10 12:38:00,50,5,616.0,2023-09-01,2025-06-30
Martigues,13056,13,2023-08-14 20:18:00,500,5,616.0,2023-09-01,2025-06-30
Martigues,13056,13,2023-08-18 08:30:00,5,5,616.0,2023-09-01,2025-06-30
Martigues,13056,13,2023-09-30 20:02:00,2000,4,506.0,2024-03-28,2025-06-30
Martigues,13056,13,2023-10-29 14:20:00,5,4,506.0,2024-03-28,2025-06-30
Marvejols,48092,48,2023-08-18 19:48:00,2000,1,88.0,2026-01-21,2026-01-21
Marvejols,48092,48,2023-08-19 18:51:00,500,1,88.0,2026-01-21,2026-01-21
Marvejols,48092,48,2023-09-02 14:50:00,200,1,88.0,2026-01-21,2026-01-21
Massegros Causses Gorges,48094,48,2023-04-09 17:50:00,10000,4,751.0,2024-08-20,2025-09-18
Massoulès,47162,47,2023-04-09 19:27:32,2500,1,88.0,2025-01-29,2025-01-29
Massoulès,47162,47,2023-10-09 15:00:01,10000,1,88.0,2025-01-29,2025-01-29
Maussane-les-Alpilles,13058,13,2023-03-20 14:04:00,10,2,156.0,2023-10-04,2025-05-22
Mauvezin-sur-Gupie,47163,47,2023-02-14 14:15:22,30000,2,500.0,2024-05-22,2024-06-07
Mayet,72191,72,2023-03-29 18:36:00,10,2,220.0,2025-10-29,2026-01-19
Mazan-l'Abbaye,07154,07,2023-09-06 13:17:00,25000,1,249.9,2024-05-16,2024-05-16
Mazerolles,16213,16,2023-04-09 00:00:51,100,2,382.0,2024-05-17,2024-07-24
Meilhan,40180,40,2023-08-10 01:35:00,2000,7,1157.0,2024-04-15,2026-01-16
Meilhards,19131,19,2023-04-10 12:49:57,500,11,1834.4,2024-09-12,2026-03-09
Mercurol-Veaunes,26179,26,2023-08-14 17:27:00,1000,8,1318.3,2024-01-31,2026-01-22
Mesland,41137,41,2023-07-23 06:10:00,50,1,125.0,2026-05-12,2026-05-12
Mesnil-en-Ouche,27049,27,2023-07-10 16:24:00,1000,5,808.0,2023-07-26,2026-05-21
Messanges,40181,40,2023-06-15 20:23:00,10,4,889.0,2023-11-16,2026-02-11
Metz,57463,57,2023-07-14 19:04:00,300,22,3432.0,2023-10-04,2026-04-30
Meyreuil,13060,13,2023-04-09 02:48:00,100,3,401.1,2023-11-17,2025-04-03
Meyreuil,13060,13,2023-08-20 10:28:00,50,3,401.1,2023-11-17,2025-04-03
Meyrueis,48096,48,2023-02-19 14:22:00,150000,1,110.0,2025-09-05,2025-09-05
Meyrueis,48096,48,2023-02-20 14:20:00,631000,1,110.0,2025-09-05,2025-09-05
Meyrueis,48096,48,2023-08-12 17:40:00,1000,1,110.0,2025-09-05,2025-09-05
Mialet,24269,24,2023-09-27 13:24:00,200,1,110.0,2023-11-09,2023-11-09
Migné-Auxances,86158,86,2023-07-15 19:37:00,40,3,16225.48,2024-07-24,2025-01-13
Milhaud,30169,30,2023-07-16 17:55:00,4180,2,144.0,2025-07-02,2025-08-28
Millac,86159,86,2023-07-19 17:11:00,10000,4,959.62,2023-10-20,2026-02-05
Millau,12145,12,2023-07-23 14:28:00,21500,13,2316.8,2024-06-04,2026-04-01
Millau,12145,12,2023-07-28 16:10:00,10000,13,2316.8,2024-06-04,2026-04-01
Millay,58168,58,2023-05-30 15:40:00,1000,3,343.78,2023-11-02,2025-05-20
Mimet,13062,13,2023-03-29 22:13:00,20,1,102.0,2025-12-09,2025-12-09
Mimet,13062,13,2023-04-08 10:58:00,20,1,102.0,2025-12-09,2025-12-09
Mimet,13062,13,2023-08-04 22:31:00,2,1,102.0,2025-12-09,2025-12-09
Mimet,13062,13,2023-08-12 18:51:00,5,1,102.0,2025-12-09,2025-12-09
Mimet,13062,13,2023-11-29 11:02:00,200,1,102.0,2025-12-09,2025-12-09
Mimizan,40184,40,2023-07-12 15:55:00,2660,4,984.0,2024-04-25,2025-06-11
Mimizan,40184,40,2023-07-14 08:09:00,4000,4,984.0,2024-04-25,2025-06-11
Minzac,24272,24,2023-08-24 00:47:00,10000,1,210.0,2024-04-10,2024-04-10
Mios,33284,33,2023-05-15 18:21:51,200,4,882.0,2025-03-21,2026-05-28
Mirabeau,04122,04,2023-05-14 17:22:00,10,1,133.0,2025-10-20,2025-10-20
Mirabel,07159,07,2023-08-14 14:05:00,300,3,389.0,2025-10-09,2025-10-22
Miramas,13063,13,2023-02-11 19:02:00,50,3,610.0,2023-05-16,2024-05-10
Miramas,13063,13,2023-04-18 07:51:00,5,3,610.0,2023-05-16,2024-05-10
Miramas,13063,13,2023-05-07 19:11:00,10,3,610.0,2023-05-16,2024-05-10
Miramas,13063,13,2023-06-29 23:40:00,800,2,360.0,2023-11-28,2024-05-10
Miramas,13063,13,2023-07-02 07:20:00,5,2,360.0,2023-11-28,2024-05-10
Miramas,13063,13,2023-07-02 21:47:00,50,2,360.0,2023-11-28,2024-05-10
Miramas,13063,13,2023-07-04 21:37:00,30,2,360.0,2023-11-28,2024-05-10
Miramas,13063,13,2023-07-31 19:25:00,50,2,360.0,2023-11-28,2024-05-10
Moliets-et-Maa,40187,40,2023-09-07 13:09:00,50,2,185.0,2025-07-24,2025-09-22
Molières-Cavaillac,30170,30,2023-02-16 15:21:00,367,1,115.0,2024-08-08,2024-08-08
Mondragon,84078,84,2023-04-14 13:51:00,40,6,7332.0,2023-05-23,2026-04-07
Monfaucon,24277,24,2023-02-15 11:47:00,10000,9,1840.4,2023-09-13,2025-12-31
Monnerville,91414,91,2023-07-14 15:02:00,20300,1,240.0,2025-01-08,2025-01-08
Monsempron-Libos,47179,47,2023-03-17 17:45:46,150,2,400.0,2025-02-17,2025-02-17
Monsteroux-Milieu,38244,38,2023-08-24 16:18:00,50,1,220.0,2023-09-29,2023-09-29
Mont-de-Marsan,40192,40,2023-08-18 10:53:00,1,8,2071.6,2024-04-16,2026-04-14
Mont-de-Marsan,40192,40,2023-09-29 22:47:00,50,8,2071.6,2024-04-16,2026-04-14
Mont-de-Marsan,40192,40,2023-10-04 01:52:00,1000,8,2071.6,2024-04-16,2026-04-14
Montauroux,83081,83,2023-04-03 18:42:00,2,2,189.0,2024-12-17,2025-10-08
Montauroux,83081,83,2023-07-04 16:21:00,520,2,189.0,2024-12-17,2025-10-08
Montauroux,83081,83,2023-07-25 15:06:00,5,2,189.0,2024-12-17,2025-10-08
Montauroux,83081,83,2023-08-30 22:01:00,1483,2,189.0,2024-12-17,2025-10-08
Montayral,47185,47,2023-02-10 16:01:08,300,6,1089.0,2023-11-14,2026-03-20
Montayral,47185,47,2023-11-18 15:55:06,5,5,839.0,2024-01-11,2026-03-20
Montblanc,34166,34,2023-07-23 19:44:00,870,3,486.0,2023-12-08,2025-03-10
Montbron,16223,16,2023-04-08 23:26:41,2000,10,1739.3600000000001,2023-09-28,2026-01-27
Montferrier-sur-Lez,34169,34,2023-09-10 15:21:00,46013,1,60.0,2025-03-07,2025-03-07
Montfrin,30179,30,2023-03-12 22:57:00,3000,3,570.0,2024-09-10,2026-05-28
Montfrin,30179,30,2023-09-08 17:00:00,645,3,570.0,2024-09-10,2026-05-28
Montgaillard,81178,81,2023-09-09 12:44:00,15000,1,80.0,2024-07-10,2024-07-10
Montgenèvre,05085,05,2023-08-09 12:45:00,600,1,94.0,2025-06-25,2025-06-25
Montguyon,17241,17,2023-09-04 23:28:00,2570,4,720.0,2025-02-19,2026-04-09
Montignac-Lascaux,24291,24,2023-10-07 18:07:00,20000,4,627.2,2024-04-19,2026-05-11
Montignargues,30180,30,2023-07-23 11:28:00,759,1,37.0,2024-07-02,2024-07-02
Montignargues,30180,30,2023-07-23 13:00:00,7893,1,37.0,2024-07-02,2024-07-02
Montignargues,30180,30,2023-08-19 14:20:00,809,1,37.0,2024-07-02,2024-07-02
Montjardin,11249,11,2023-02-15 12:40:00,5000,1,90.0,2023-04-05,2023-04-05
Montmaur,05087,05,2023-04-06 15:41:00,600,11,1542.0,2023-06-20,2025-08-20
Montolieu,11253,11,2023-07-08 17:18:00,300,2,7955.0,2024-07-23,2024-07-24
Montpellier,34172,34,2023-04-05 18:24:00,2,30,4310.6,2023-05-19,2026-05-27
Montredon-des-Corbières,11255,11,2023-07-05 11:46:00,1135517,8,5495.3,2024-02-05,2026-05-21
Montrichard Val de Cher,41151,41,2023-07-24 13:36:00,25,1,48.6,2025-01-23,2025-01-23
Montrodat,48103,48,2023-08-17 15:21:00,50000,2,500.0,2025-07-15,2026-01-14
Montréal,32290,32,2023-05-28 16:53:00,200,12,2404.0,2023-12-07,2025-12-17
Montélimar,26198,26,2023-07-22 16:36:00,1000,27,5238.3,2023-09-13,2026-05-06
Morcenx-la-Nouvelle,40197,40,2023-03-04 19:09:00,500,8,24332.0,2023-03-07,2025-12-16
Morosaglia,2B169,2B,2023-03-26 17:34:00,358700,1,100.0,2024-08-21,2024-08-21
Mouans-Sartoux,06084,06,2023-09-08 14:59:00,2000,2,438.3,2024-02-15,2024-12-02
Mougins,06085,06,2023-02-12 18:03:00,500,7,677.8199999999999,2023-03-31,2026-03-19
Mougins,06085,06,2023-06-27 14:25:00,100,6,585.0,2023-10-17,2026-03-19
Mougins,06085,06,2023-06-28 16:03:00,200,6,585.0,2023-10-17,2026-03-19
Mougins,06085,06,2023-07-03 14:00:00,100,6,585.0,2023-10-17,2026-03-19
Moulès-et-Baucels,34174,34,2023-07-29 18:28:00,9828,2,198.0,2024-08-16,2024-12-03
Mouriès,13065,13,2023-02-04 05:32:00,954400,3,558.0,2024-04-17,2026-01-07
Mouriès,13065,13,2023-04-06 14:37:00,4300,3,558.0,2024-04-17,2026-01-07
Moussan,11258,11,2023-06-07 18:56:00,138,3,539.22,2025-04-23,2025-04-23
Moussan,11258,11,2023-07-21 17:35:00,509,3,539.22,2025-04-23,2025-04-23
Moustiers-Sainte-Marie,04135,04,2023-02-15 13:22:00,16200,1,160.0,2025-02-06,2025-02-06
Muzillac,56143,56,2023-05-24 17:12:00,5000,6,1188.0,2024-08-05,2026-03-11
Mèze,34157,34,2023-07-12 15:53:00,85434,5,662.0,2024-01-03,2025-01-21
Mézos,40182,40,2023-07-24 17:24:00,4000,2,160.0,2023-10-11,2024-07-26
Naintré,86174,86,2023-08-09 16:01:00,5000,3,699.3199999999999,2025-07-22,2026-01-29
Nans-les-Pins,83087,83,2023-10-05 15:04:00,200,2,350.0,2025-06-13,2026-01-21
Nant,12168,12,2023-08-08 16:24:00,10000,2,305.0,2025-01-14,2025-05-20
Narbonne,11262,11,2023-01-12 01:10:00,150,23,14817.4,2023-01-31,2026-03-06
Narbonne,11262,11,2023-01-31 20:15:00,30,22,14776.4,2023-02-28,2026-03-06
Narbonne,11262,11,2023-05-10 19:52:00,80,19,14321.4,2023-10-24,2026-03-06
Narbonne,11262,11,2023-10-07 13:36:00,25980,19,14321.4,2023-10-24,2026-03-06
Narbonne,11262,11,2023-11-15 08:48:00,15,17,12885.4,2024-01-11,2026-03-06
Narbonne,11262,11,2023-12-21 17:50:00,400,17,12885.4,2024-01-11,2026-03-06
Narbonne,11262,11,2023-12-21 19:54:00,87028,17,12885.4,2024-01-11,2026-03-06
Nassandres sur Risle,27425,27,2023-06-12 18:56:00,20,2,334.0,2024-11-13,2026-01-05
Naves,19146,19,2023-04-10 12:14:38,300,4,687.0,2023-06-05,2025-05-27
Nice,06088,06,2023-04-01 03:11:00,46900,9,2088.0,2024-05-24,2026-01-26
Nice,06088,06,2023-04-01 16:27:00,91200,9,2088.0,2024-05-24,2026-01-26
Nice,06088,06,2023-06-02 20:50:00,20,9,2088.0,2024-05-24,2026-01-26
Nice,06088,06,2023-07-03 16:00:00,7200,9,2088.0,2024-05-24,2026-01-26
Nice,06088,06,2023-07-14 00:25:00,500,9,2088.0,2024-05-24,2026-01-26
Nice,06088,06,2023-08-07 10:22:00,2000,9,2088.0,2024-05-24,2026-01-26
Niederbronn-les-Bains,67324,67,2023-02-27 14:43:00,20000,3,849.7,2025-01-01,2025-01-21
Niederbronn-les-Bains,67324,67,2023-03-01 17:42:00,1,3,849.7,2025-01-01,2025-01-21
Nissan-lez-Enserune,34183,34,2023-02-28 23:29:00,2846,7,1306.0,2024-02-27,2025-12-03
Nissan-lez-Enserune,34183,34,2023-05-08 19:47:00,14837,7,1306.0,2024-02-27,2025-12-03
Nissan-lez-Enserune,34183,34,2023-07-21 17:29:00,335000,7,1306.0,2024-02-27,2025-12-03
Nivillac,56147,56,2023-07-15 22:56:00,500,8,1092.0,2023-08-29,2026-01-13
Noaillan,33307,33,2023-07-07 11:32:00,4000,1,125.0,2024-06-05,2024-06-05
Notre-Dame-de-Bondeville,76474,76,2023-06-14 20:35:00,2,1,250.0,2024-02-27,2024-02-27
Noyant-Villages,49228,49,2023-07-20 05:57:00,20000,22,8136.8,2023-07-26,2026-04-20
Noyers,45230,45,2023-06-07 19:35:00,500,3,508.4,2023-10-02,2025-04-22
Névian,11264,11,2023-04-24 15:44:00,2600,1,230.0,2023-05-15,2023-05-15
Nîmes,30189,30,2023-04-22 16:42:00,1000,34,6760.3,2023-06-29,2026-05-19
Nîmes,30189,30,2023-12-16 11:20:00,1000,32,6552.6,2024-02-15,2026-05-19
Occhiatana,2B182,2B,2023-06-20 21:29:00,30,2,200.0,2023-11-23,2025-03-25
Occhiatana,2B182,2B,2023-07-10 15:44:00,1500,2,200.0,2023-11-23,2025-03-25
Olemps,12174,12,2023-08-23 18:12:00,5000,3,969.6800000000001,2024-02-08,2026-02-26
Oletta,2B185,2B,2023-04-13 12:22:00,500,3,298.0,2023-11-20,2025-04-15
Oletta,2B185,2B,2023-06-18 13:39:00,50,3,298.0,2023-11-20,2025-04-15
Oletta,2B185,2B,2023-07-21 19:37:00,1000,3,298.0,2023-11-20,2025-04-15
Oletta,2B185,2B,2023-07-26 11:45:00,1000,3,298.0,2023-11-20,2025-04-15
Oletta,2B185,2B,2023-08-06 11:55:00,2500,3,298.0,2023-11-20,2025-04-15
Oletta,2B185,2B,2023-08-15 13:39:00,3000,3,298.0,2023-11-20,2025-04-15
Oletta,2B185,2B,2023-08-27 13:10:00,50,3,298.0,2023-11-20,2025-04-15
Oletta,2B185,2B,2023-09-17 14:30:00,500,3,298.0,2023-11-20,2025-04-15
Oletta,2B185,2B,2023-10-01 14:09:00,1500,3,298.0,2023-11-20,2025-04-15
Oletta,2B185,2B,2023-10-15 13:35:00,15000,3,298.0,2023-11-20,2025-04-15
Olette,66125,66,2023-08-10 13:09:00,50,1,4070.0,2026-01-06,2026-01-06
Ollioules,83090,83,2023-05-16 23:30:00,10,1,95.0,2026-01-19,2026-01-19
Olmi-Cappella,2B190,2B,2023-01-13 17:40:00,300,1,100.0,2024-02-27,2024-02-27
Olmi-Cappella,2B190,2B,2023-04-26 15:45:00,5000,1,100.0,2024-02-27,2024-02-27
Olmi-Cappella,2B190,2B,2023-10-05 13:42:00,500,1,100.0,2024-02-27,2024-02-27
Olmi-Cappella,2B190,2B,2023-11-21 11:59:00,28000,1,100.0,2024-02-27,2024-02-27
Olonzac,34189,34,2023-02-04 14:21:00,4108,3,2475.0,2024-05-28,2026-01-21
Onesse-Laharie,40210,40,2023-02-12 14:44:00,2312,11,2269.0,2023-04-13,2026-01-20
Opoul-Périllos,66127,66,2023-07-27 21:51:00,1000,1,99.0,2024-09-16,2024-09-16
Orbec,14478,14,2023-06-08 22:43:00,10,4,742.0,2026-01-20,2026-03-12
Orgon,13067,13,2023-09-01 14:57:00,400,4,645.0,2024-01-15,2026-04-27
Orignolles,17269,17,2023-06-18 16:50:00,585,2,470.0,2025-12-17,2025-12-23
Orignolles,17269,17,2023-06-27 07:16:00,2160,2,470.0,2025-12-17,2025-12-23
Ormoy-la-Rivière,91469,91,2023-07-16 12:25:00,240000,1,180.0,2024-11-12,2024-11-12
Ornaisons,11267,11,2023-11-26 16:52:00,10464,3,525.0,2025-01-17,2026-03-30
Ortaffa,66129,66,2023-06-27 15:28:00,17300,1,1935.0,2025-04-24,2025-04-24
Ouveillan,11269,11,2023-03-06 12:35:00,51157,1,3240.0,2024-08-21,2024-08-21
Ouveillan,11269,11,2023-03-29 14:20:00,200,1,3240.0,2024-08-21,2024-08-21
Palasca,2B199,2B,2023-06-21 12:00:00,700,1,99.0,2024-10-23,2024-10-23
Palasca,2B199,2B,2023-12-21 12:42:00,300,1,99.0,2024-10-23,2024-10-23
Parempuyre,33312,33,2023-09-06 19:43:47,30,1,56.0,2026-02-11,2026-02-11
Parempuyre,33312,33,2023-09-06 19:43:47,70,1,56.0,2026-02-11,2026-02-11
Parempuyre,33312,33,2023-09-06 19:43:47,100,1,56.0,2026-02-11,2026-02-11
Passy,74208,74,2023-04-08 16:50:00,20,2,415.0,2024-07-22,2025-04-24
Passy,74208,74,2023-07-21 02:53:00,10,2,415.0,2024-07-22,2025-04-24
Pauillac,33314,33,2023-07-18 21:31:25,6,2,380.0,2024-01-09,2024-11-20
Paulhan,34194,34,2023-04-06 17:28:00,5597,4,720.5,2025-06-06,2025-08-06
Paulhan,34194,34,2023-04-15 15:49:00,10000,4,720.5,2025-06-06,2025-08-06
Paulhan,34194,34,2023-09-11 17:42:00,6358,4,720.5,2025-06-06,2025-08-06
Pays de Belvès,24035,24,2023-03-04 14:42:00,5000,7,7641.0,2024-01-04,2025-06-18
Pennautier,11279,11,2023-08-25 18:58:00,650,1,88.0,2025-02-10,2025-02-10
Pennautier,11279,11,2023-09-24 18:15:00,10,1,88.0,2025-02-10,2025-02-10
Pennautier,11279,11,2023-09-30 18:20:00,5,1,88.0,2025-02-10,2025-02-10
Penta-di-Casinca,2B207,2B,2023-12-02 12:34:00,1000,1,100.0,2024-02-13,2024-02-13
Pessan,32312,32,2023-01-06 14:04:00,10000,7,1400.0,2024-04-26,2026-03-30
Petit-Palais-et-Cornemps,33320,33,2023-03-06 15:19:52,10000,2,302.0,2026-01-29,2026-04-15
Petit-Palais-et-Cornemps,33320,33,2023-04-08 11:17:25,200,2,302.0,2026-01-29,2026-04-15
Peyre en Aubrac,48009,48,2023-08-17 11:35:00,50,17,3300.0,2023-09-11,2026-05-05
Peyriac-Minervois,11286,11,2023-04-05 18:49:00,5000,5,701.8,2024-07-05,2026-03-09
Peyriac-de-Mer,11285,11,2023-02-02 14:47:00,70020,1,220.0,2025-07-10,2025-07-10
Peyriac-de-Mer,11285,11,2023-02-18 10:31:00,50,1,220.0,2025-07-10,2025-07-10
Peyriac-de-Mer,11285,11,2023-07-14 23:52:00,2500,1,220.0,2025-07-10,2025-07-10
Peyriac-de-Mer,11285,11,2023-07-31 12:27:00,20,1,220.0,2025-07-10,2025-07-10
Peyriac-de-Mer,11285,11,2023-09-17 11:31:00,1,1,220.0,2025-07-10,2025-07-10
Peyruis,04149,04,2023-12-20 22:40:00,30,7,945.3,2024-01-03,2025-09-18
Pianottoli-Caldarello,2A215,2A,2023-07-12 17:27:00,204,2,199.98,2024-04-10,2024-12-04
Pianottoli-Caldarello,2A215,2A,2023-07-26 16:57:00,40000,2,199.98,2024-04-10,2024-12-04
Pianottoli-Caldarello,2A215,2A,2023-09-10 11:01:00,10,2,199.98,2024-04-10,2024-12-04
Pierrefeu-du-Var,83091,83,2023-02-12 15:22:00,100,1,212.0,2024-03-26,2024-03-26
Pierrefeu-du-Var,83091,83,2023-03-29 15:21:00,500,1,212.0,2024-03-26,2024-03-26
Pierrefeu-du-Var,83091,83,2023-05-30 13:37:00,180,1,212.0,2024-03-26,2024-03-26
Pierrefeu-du-Var,83091,83,2023-08-07 12:52:00,15,1,212.0,2024-03-26,2024-03-26
Pierrefeu-du-Var,83091,83,2023-08-07 19:55:00,2,1,212.0,2024-03-26,2024-03-26
Pierrefeu-du-Var,83091,83,2023-10-27 14:51:00,450,1,212.0,2024-03-26,2024-03-26
Pierrefeu-du-Var,83091,83,2023-11-28 08:55:00,30,1,212.0,2024-03-26,2024-03-26
Pierric,44123,44,2023-06-27 18:49:00,10000,6,901.0,2023-10-27,2026-05-04
Pietralba,2B223,2B,2023-07-10 10:02:00,500,3,299.96999999999997,2024-06-14,2025-09-17
Pietralba,2B223,2B,2023-11-15 08:04:00,5000,3,299.96999999999997,2024-06-14,2025-09-17
Pinel-Hauterive,47206,47,2023-08-16 20:45:17,40,7,616.0,2024-10-23,2026-01-22
Piolenc,84091,84,2023-04-01 17:45:00,1,11,1820.0,2023-11-28,2026-01-28
Piolenc,84091,84,2023-08-08 20:14:00,50,11,1820.0,2023-11-28,2026-01-28
Piolenc,84091,84,2023-09-08 18:39:00,1,11,1820.0,2023-11-28,2026-01-28
Piolenc,84091,84,2023-10-16 10:37:00,2,11,1820.0,2023-11-28,2026-01-28
Piève,2B230,2B,2023-03-25 17:35:00,5000,2,1816.2,2023-10-05,2024-11-01
Piégros-la-Clastre,26234,26,2023-05-04 14:45:00,400,1,90.0,2026-05-13,2026-05-13
Plaisance,12183,12,2023-04-07 16:18:00,50000,2,366.9,2025-05-27,2025-05-27
Plouharnel,56168,56,2023-08-10 02:16:00,10,1,120.0,2024-01-04,2024-01-04
Plouédern,29181,29,2023-02-15 15:02:00,2000,3,620.0,2023-11-30,2025-12-30
Pluherlin,56171,56,2023-09-04 12:58:00,80000,2,347.0,2024-12-03,2025-11-20
Poliénas,38310,38,2023-08-18 14:06:00,500,5,618.8,2023-11-03,2026-01-20
Pomerol,33328,33,2023-09-20 07:42:10,50,1,50.0,2023-09-29,2023-09-29
Ponlat-Taillebourg,31430,31,2023-02-17 16:00:00,10000,1,81.0,2026-03-11,2026-03-11
Pontenx-les-Forges,40229,40,2023-04-20 15:49:00,2,4,592.0,2025-03-10,2026-05-11
Pontivy,56178,56,2023-09-28 20:05:00,250,2,170.0,2025-12-23,2026-03-17
Pontlevoy,41180,41,2023-07-23 11:08:00,2,6,989.0,2024-08-21,2025-11-12
Pontonx-sur-l'Adour,40230,40,2023-09-18 15:09:00,40460,4,700.0,2023-10-17,2026-01-19
Pontonx-sur-l'Adour,40230,40,2023-10-05 16:17:00,1,4,700.0,2023-10-17,2026-01-19
Port-Sainte-Marie,47210,47,2023-04-09 16:57:12,10000,6,1010.0,2023-07-04,2025-12-09
Porte-de-Benauge,33008,33,2023-02-14 15:16:15,5000,1,14835.0,2026-01-22,2026-01-22
Porto-Vecchio,2A247,2A,2023-02-20 20:03:00,10,13,6382.919999999999,2023-03-28,2026-01-06
Porto-Vecchio,2A247,2A,2023-09-21 19:07:00,380,10,5982.94,2023-11-07,2026-01-06
Porto-Vecchio,2A247,2A,2023-11-16 10:49:00,2638,9,5882.95,2024-12-04,2026-01-06
Porto-Vecchio,2A247,2A,2023-12-02 20:20:00,50,9,5882.95,2024-12-04,2026-01-06
Pouillon,40233,40,2023-08-09 17:56:00,6000,7,1131.9,2023-10-25,2026-04-08
Pouligny-Saint-Pierre,36165,36,2023-07-14 15:01:00,10000,8,1275.8,2023-09-05,2026-05-21
Poullignac,16267,16,2023-08-23 20:41:14,1000,1,9000.0,2024-12-10,2024-12-10
Poullignac,16267,16,2023-10-06 12:57:58,300,1,9000.0,2024-12-10,2024-12-10
Pourrières,83097,83,2023-01-29 15:23:00,300,2,500.0,2024-05-13,2025-06-12
Pourrières,83097,83,2023-03-26 18:57:00,20,2,500.0,2024-05-13,2025-06-12
Pourrières,83097,83,2023-04-07 13:12:00,200,2,500.0,2024-05-13,2025-06-12
Pourrières,83097,83,2023-04-21 10:49:00,60,2,500.0,2024-05-13,2025-06-12
Pourrières,83097,83,2023-11-26 16:05:00,30,2,500.0,2024-05-13,2025-06-12
Poussan,34213,34,2023-05-08 16:14:00,5157,2,199.0,2024-11-21,2025-03-05
Poussan,34213,34,2023-06-21 15:51:00,93959,2,199.0,2024-11-21,2025-03-05
Poussan,34213,34,2023-07-04 22:21:00,3,2,199.0,2024-11-21,2025-03-05
Poussan,34213,34,2023-07-08 06:33:00,30,2,199.0,2024-11-21,2025-03-05
Poussan,34213,34,2023-07-31 15:50:00,6614,2,199.0,2024-11-21,2025-03-05
Pouydesseaux,40234,40,2023-04-08 17:06:00,1500,2,199.0,2024-08-29,2025-12-15
Prades,66149,66,2023-03-15 11:41:00,3000,3,394.8,2024-10-15,2025-10-22
Prades,66149,66,2023-10-05 20:39:00,300,3,394.8,2024-10-15,2025-10-22
Prads-Haute-Bléone,04155,04,2023-12-27 00:00:00,61829,1,110.0,2025-01-14,2025-01-14
Prads-Haute-Bléone,04155,04,2023-12-27 00:00:00,97200,1,110.0,2025-01-14,2025-01-14
Pranles,07184,07,2023-03-26 15:14:00,1500,1,203.5,2026-05-27,2026-05-27
Prayssas,47213,47,2023-02-18 22:20:23,100,7,1600.0,2024-01-30,2026-01-14
Preuilly,18186,18,2023-09-29 06:08:00,10,1,100.0,2025-03-21,2025-03-21
Prinsuéjols-Malbouzon,48087,48,2023-09-07 17:55:00,150,3,428.3,2024-12-10,2026-03-11
Prévenchères,48119,48,2023-07-15 13:28:00,200,3,673.0,2024-10-23,2025-03-27
Prévenchères,48119,48,2023-08-19 15:18:00,500,3,673.0,2024-10-23,2025-03-27
Puget-sur-Argens,83099,83,2023-02-07 11:50:00,300,10,1424.0,2023-05-31,2026-02-11
Puget-sur-Argens,83099,83,2023-06-04 17:57:00,70,9,1344.0,2023-07-18,2026-02-11
Puget-sur-Argens,83099,83,2023-07-15 13:04:00,7103,9,1344.0,2023-07-18,2026-02-11
Puget-sur-Argens,83099,83,2023-07-31 16:46:00,257,7,964.0,2023-09-29,2026-02-11
Puget-sur-Argens,83099,83,2023-08-25 12:46:00,555,7,964.0,2023-09-29,2026-02-11
Puget-sur-Argens,83099,83,2023-08-26 15:10:00,3,7,964.0,2023-09-29,2026-02-11
Puisserguier,34225,34,2023-05-11 17:11:00,2404,4,634.0,2024-04-30,2025-09-22
Pujo-le-Plan,40238,40,2023-09-11 21:06:00,150,2,406.0,2024-05-15,2025-11-26
Pujols,47215,47,2023-02-12 15:15:45,200,8,1160.0,2024-01-24,2026-05-12
Puy-Saint-Martin,26258,26,2023-07-10 15:46:00,600,2,299.8,2024-02-16,2024-04-08
Puycapel,15027,15,2023-03-05 17:04:00,250,5,894.0,2024-05-14,2025-11-03
Puylaurens,81219,81,2023-09-05 15:41:00,20000,6,621.0,2024-09-02,2026-05-06
Puyvert,84095,84,2023-07-20 19:02:00,150,3,255.6,2023-09-29,2026-01-26
Pélissanne,13069,13,2023-06-23 14:37:00,8000,4,396.0,2024-02-08,2025-03-21
Pénestin,56155,56,2023-06-04 09:54:00,20,1,55.0,2025-10-21,2025-10-21
Pézenas,34199,34,2023-05-03 12:36:00,10574,2,231.0,2024-03-19,2026-01-07
Queyrac,33348,33,2023-02-13 11:58:00,20,6,702.0,2024-12-26,2026-02-27
Quimper,29232,29,2023-04-10 04:08:00,5,13,2255.0,2023-05-02,2025-10-16
Quimper,29232,29,2023-05-29 07:50:00,2,12,2120.0,2023-06-20,2025-10-16
Quimper,29232,29,2023-10-17 19:04:00,60,10,1924.0,2024-03-07,2025-10-16
Quistinic,56188,56,2023-04-18 11:55:00,500,2,357.0,2025-04-03,2025-12-10
Raismes,59491,59,2023-05-25 15:37:00,5000,2,209.65,2023-08-09,2025-09-25
Rambervillers,88367,88,2023-04-22 22:05:00,20,5,790.0,2024-02-16,2026-05-28
Raon-l'Étape,88372,88,2023-06-09 14:58:00,2,2,307.0,2024-08-29,2025-01-27
Raon-l'Étape,88372,88,2023-06-16 14:10:00,500,2,307.0,2024-08-29,2025-01-27
Reignac,33351,33,2023-05-18 17:55:26,4000,8,1107.76,2024-03-13,2026-05-28
Reignac,33351,33,2023-08-10 17:20:00,10000,8,1107.76,2024-03-13,2026-05-28
Retournac,43162,43,2023-08-17 18:01:00,5000,2,500.0,2025-04-16,2025-04-16
Reuilly,27489,27,2023-07-11 15:58:00,50000,1,99.0,2026-05-05,2026-05-05
Revest-les-Roches,06100,06,2023-02-12 17:16:00,50,1,88.0,2024-09-17,2024-09-17
Rians,83104,83,2023-08-05 19:00:00,676,3,398.0,2023-08-18,2025-03-17
Ribeyret,05117,05,2023-03-07 12:35:00,25904,4,11030.0,2024-04-29,2025-12-15
Ribeyret,05117,05,2023-03-31 08:26:00,1000,4,11030.0,2024-04-29,2025-12-15
Rion-des-Landes,40243,40,2023-08-23 18:11:00,40800,8,14635.0,2023-11-16,2026-02-06
Rocbaron,83106,83,2023-03-09 11:09:00,40,3,452.0,2025-11-06,2026-04-23
Rocbaron,83106,83,2023-08-13 15:08:00,33,3,452.0,2025-11-06,2026-04-23
Rochemaure,07191,07,2023-09-07 14:13:00,400,1,228.0,2025-08-12,2025-08-12
Rochessauve,07194,07,2023-02-17 11:38:00,20000,3,529.0,2024-09-25,2026-05-27
Rodès,66165,66,2023-10-10 15:03:00,40,1,250.0,2025-10-08,2025-10-08
Rognac,13081,13,2023-04-25 12:36:00,10,3,581.0,2025-08-27,2026-01-05
Rognac,13081,13,2023-08-06 15:44:00,208000,3,581.0,2025-08-27,2026-01-05
Rognes,13082,13,2023-01-31 07:04:00,200,1,165.0,2023-03-23,2023-03-23
Rognes,13082,13,2023-03-12 20:04:00,50,1,165.0,2023-03-23,2023-03-23
Roquebrune-sur-Argens,83107,83,2023-01-19 14:13:00,60,8,1639.8,2023-02-27,2025-12-08
Roquebrune-sur-Argens,83107,83,2023-02-08 10:22:00,5,8,1639.8,2023-02-27,2025-12-08
Roquebrune-sur-Argens,83107,83,2023-03-15 15:55:00,2,7,1419.8,2023-03-29,2025-12-08
Roquebrune-sur-Argens,83107,83,2023-04-13 18:51:00,20,6,579.8,2023-07-25,2025-12-08
Roquebrune-sur-Argens,83107,83,2023-05-10 14:42:00,50,6,579.8,2023-07-25,2025-12-08
Roquebrune-sur-Argens,83107,83,2023-07-25 16:04:00,74,5,497.0,2024-09-25,2025-12-08
Roquebrune-sur-Argens,83107,83,2023-07-31 00:56:00,8229,5,497.0,2024-09-25,2025-12-08
Roquebrune-sur-Argens,83107,83,2023-08-03 19:29:00,2,5,497.0,2024-09-25,2025-12-08
Roquebrune-sur-Argens,83107,83,2023-10-02 17:06:00,20,5,497.0,2024-09-25,2025-12-08
Roquebrune-sur-Argens,83107,83,2023-12-18 12:13:00,80,5,497.0,2024-09-25,2025-12-08
Roquebrune-sur-Argens,83107,83,2023-12-21 14:29:00,80,5,497.0,2024-09-25,2025-12-08
Roquefort,40245,40,2023-10-18 20:16:00,10,2,121.0,2025-12-02,2026-04-16
Roquefort-la-Bédoule,13085,13,2023-07-02 00:04:00,10,1,50.0,2026-01-15,2026-01-15
Roquefort-la-Bédoule,13085,13,2023-07-07 14:28:00,150,1,50.0,2026-01-15,2026-01-15
Roquefort-la-Bédoule,13085,13,2023-07-13 16:06:00,500,1,50.0,2026-01-15,2026-01-15
Roquefort-la-Bédoule,13085,13,2023-10-18 08:12:00,5,1,50.0,2026-01-15,2026-01-15
Roquevaire,13086,13,2023-02-10 10:18:00,200,1,230.0,2025-06-05,2025-06-05
Roquevaire,13086,13,2023-03-12 15:31:00,200,1,230.0,2025-06-05,2025-06-05
Roquevaire,13086,13,2023-05-07 16:27:00,10,1,230.0,2025-06-05,2025-06-05
Roquevaire,13086,13,2023-06-28 14:22:00,200,1,230.0,2025-06-05,2025-06-05
Rostrenen,22266,22,2023-07-23 11:30:00,50,1,250.0,2026-01-27,2026-01-27
Rougiers,83110,83,2023-05-13 13:21:00,1,1,249.9,2024-10-07,2024-10-07
Rougiers,83110,83,2023-12-28 17:24:00,4,1,249.9,2024-10-07,2024-10-07
Roujan,34237,34,2023-02-03 19:12:00,44773,4,1000.0,2025-04-15,2025-06-30
Roujan,34237,34,2023-02-27 08:51:00,11257,4,1000.0,2025-04-15,2025-06-30
Roujan,34237,34,2023-07-13 16:24:00,1932,4,1000.0,2025-04-15,2025-06-30
Rousset,13087,13,2023-04-28 17:26:00,300,2,300.0,2024-07-01,2025-02-12
Rousset,13087,13,2023-12-26 02:35:00,20,2,300.0,2024-07-01,2025-02-12
Roussillon,84102,84,2023-03-04 16:01:00,50,1,800.0,2023-10-20,2023-10-20
Roussillon,38344,38,2023-03-04 18:54:00,80,4,688.75,2023-04-27,2026-01-19
Ruaudin,72260,72,2023-03-02 12:59:00,300,6,1151.0,2023-11-28,2026-03-23
Ruaudin,72260,72,2023-06-24 23:23:00,10,6,1151.0,2023-11-28,2026-03-23
Ruaudin,72260,72,2023-06-25 23:33:00,100,6,1151.0,2023-11-28,2026-03-23
Ruffiac,56200,56,2023-07-07 17:00:00,6000,6,898.0,2023-12-04,2026-05-12
Ruoms,07201,07,2023-07-26 18:18:00,500,3,316.6,2023-08-29,2025-05-14
Réotier,05116,05,2023-08-06 14:58:00,11100,1,99.9,2024-09-02,2024-09-02
Sablet,84104,84,2023-09-08 16:02:00,5,1,210.0,2023-10-23,2023-10-23
Sabres,40246,40,2023-08-13 23:40:00,995,2,450.0,2025-10-10,2026-02-23
Saint-André,66168,66,2023-07-21 16:29:00,300,1,4576.0,2025-06-02,2025-06-02
Saint-André,66168,66,2023-08-04 22:00:00,63300,1,4576.0,2025-06-02,2025-06-02
Saint-André-de-Najac,12210,12,2023-09-04 17:19:00,120000,1,88.0,2025-09-24,2025-09-24
Saint-Antonin-du-Var,83154,83,2023-03-04 12:41:00,500,1,99.0,2024-08-02,2024-08-02
Saint-Antonin-du-Var,83154,83,2023-05-29 13:36:00,3000,1,99.0,2024-08-02,2024-08-02
Saint-Antonin-du-Var,83154,83,2023-11-20 14:02:00,1500,1,99.0,2024-08-02,2024-08-02
Saint-Auban,06116,06,2023-04-01 14:41:00,95200,1,95.0,2025-11-18,2025-11-18
Saint-Auban,06116,06,2023-04-01 16:00:00,1500,1,95.0,2025-11-18,2025-11-18
Saint-Auban,06116,06,2023-04-01 17:00:00,40,1,95.0,2025-11-18,2025-11-18
Saint-Auban,06116,06,2023-11-24 11:43:00,50,1,95.0,2025-11-18,2025-11-18
Saint-Aubin-de-Médoc,33376,33,2023-09-03 20:22:40,31,3,416.0,2023-11-22,2025-09-01
Saint-Baslemont,88411,88,2023-06-06 17:10:00,9600,1,160.0,2025-05-22,2025-05-22
Saint-Baslemont,88411,88,2023-06-11 15:43:00,2500,1,160.0,2025-05-22,2025-05-22
Saint-Baudille-de-la-Tour,38365,38,2023-09-12 04:14:00,600,1,220.0,2024-05-27,2024-05-27
Saint-Bonnet-en-Champsaur,05132,05,2023-08-24 13:41:00,12600,4,427.0,2023-09-27,2024-02-29
Saint-Bris-le-Vineux,89337,89,2023-07-07 08:22:00,600,2,426.5,2023-11-17,2024-06-26
Saint-Bris-le-Vineux,89337,89,2023-07-09 05:35:00,100,2,426.5,2023-11-17,2024-06-26
Saint-Cannat,13091,13,2023-03-22 14:13:00,1000,4,415.8,2023-06-12,2026-01-21
Saint-Cannat,13091,13,2023-05-01 18:04:00,10,4,415.8,2023-06-12,2026-01-21
Saint-Cannat,13091,13,2023-06-23 17:30:00,30,3,239.8,2025-09-19,2026-01-21
Saint-Cannat,13091,13,2023-08-12 15:08:00,10,3,239.8,2025-09-19,2026-01-21
Saint-Cannat,13091,13,2023-09-05 14:56:00,3000,3,239.8,2025-09-19,2026-01-21
Saint-Cannat,13091,13,2023-09-05 15:59:00,300,3,239.8,2025-09-19,2026-01-21
Saint-Cannat,13091,13,2023-10-14 14:52:00,4,3,239.8,2025-09-19,2026-01-21
Saint-Cannat,13091,13,2023-10-15 17:50:00,50,3,239.8,2025-09-19,2026-01-21
Saint-Caprais-de-Lerm,47234,47,2023-02-09 14:23:11,20,2,330.0,2023-04-27,2023-04-27
Saint-Cernin,15175,15,2023-09-07 15:31:00,40000,6,1048.0,2025-03-11,2026-03-24
Saint-Cernin,15175,15,2023-09-10 10:29:00,20,6,1048.0,2025-03-11,2026-03-24
Saint-Chamas,13092,13,2023-03-29 13:17:00,100,2,229.0,2025-03-14,2025-11-20
Saint-Chamas,13092,13,2023-10-01 00:17:00,10,2,229.0,2025-03-14,2025-11-20
Saint-Christoly-de-Blaye,33382,33,2023-08-11 02:37:00,1500,2,318.0,2025-01-15,2025-03-27
Saint-Cyprien,24396,24,2023-02-08 17:10:00,10000,1,220.0,2025-04-28,2025-04-28
Saint-Cyr-sur-Mer,83112,83,2023-03-10 16:25:00,6000,2,146.0,2026-03-13,2026-03-16
Saint-Cyr-sur-Mer,83112,83,2023-03-18 11:39:00,1,2,146.0,2026-03-13,2026-03-16
Saint-Césaire-de-Gauzignan,30240,30,2023-02-14 19:23:00,1000,1,60.0,2026-03-04,2026-03-04
Saint-Césaire-de-Gauzignan,30240,30,2023-07-25 18:00:00,3147,1,60.0,2026-03-04,2026-03-04
Saint-Cézaire-sur-Siagne,06118,06,2023-08-10 12:05:00,70,2,133.0,2024-01-31,2025-07-17
Saint-Denis-de-Pile,33393,33,2023-07-26 17:40:46,20,7,1376.9,2024-01-24,2026-02-05
Saint-Denis-de-Pile,33393,33,2023-08-19 16:36:38,2000,7,1376.9,2024-01-24,2026-02-05
Saint-Denis-de-Pile,33393,33,2023-08-22 17:30:00,900,7,1376.9,2024-01-24,2026-02-05
Saint-Didier-sur-Arroux,71407,71,2023-09-03 15:38:00,500,1,99.9,2023-12-11,2023-12-11
Saint-Dié-des-Vosges,88413,88,2023-03-15 17:22:00,3,3,1120.0,2024-09-20,2026-04-10
Saint-Dié-des-Vosges,88413,88,2023-07-21 12:15:00,1,3,1120.0,2024-09-20,2026-04-10
Saint-Estève-Janson,13093,13,2023-08-20 08:33:00,10,3,310.0,2025-03-04,2026-02-25
Saint-Front-de-Pradoux,24409,24,2023-06-17 12:25:00,3500,1,180.0,2024-12-04,2024-12-04
Saint-Genest-d'Ambière,86221,86,2023-04-23 17:44:00,2,1,230.0,2024-03-25,2024-03-25
Saint-Geoirs,38387,38,2023-08-19 13:36:00,500,1,220.0,2024-07-24,2024-07-24
Saint-Geours-de-Maremne,40261,40,2023-08-25 13:27:00,100,24,3739.6,2023-11-15,2026-05-29
Saint-Goazec,29249,29,2023-06-07 16:13:00,80000,3,315.0,2025-01-09,2025-11-17
Saint-Gor,40262,40,2023-07-07 16:16:00,2000,4,675.0,2024-07-09,2026-03-11
Saint-Hilaire,43193,43,2023-10-09 14:22:00,5000,2,479.0,2025-04-23,2025-07-29
Saint-Hilaire-de-Riez,85226,85,2023-01-24 10:26:00,10,12,2499.0,2023-03-20,2026-05-28
Saint-Hilaire-de-Riez,85226,85,2023-07-23 04:18:00,200,10,2059.0,2023-07-28,2026-05-28
Saint-Jean-Saint-Nicolas,05145,05,2023-02-12 13:24:00,1300,2,332.0,2024-09-03,2025-11-25
Saint-Jean-d'Illac,33422,33,2023-03-29 02:38:08,1500,4,597.0,2023-05-02,2026-04-10
Saint-Jean-de-Monts,85234,85,2023-03-21 15:39:00,40,7,1235.0,2023-09-07,2026-01-21
Saint-Jean-de-Monts,85234,85,2023-06-14 18:06:00,100,7,1235.0,2023-09-07,2026-01-21
Saint-Jean-de-la-Motte,72291,72,2023-02-27 15:03:00,1000,1,190.0,2026-03-16,2026-03-16
Saint-Jeannet,04181,04,2023-04-07 18:42:00,700,2,299.99,2024-11-06,2025-03-14
Saint-Julien,83113,83,2023-01-24 17:55:00,5,2,150.0,2025-10-02,2026-01-07
Saint-Julien-en-Born,40266,40,2023-09-10 14:24:00,100,2,193.0,2024-01-31,2024-08-27
Saint-Laurent-Médoc,33424,33,2023-06-17 17:05:00,2000,15,2432.6,2023-07-12,2025-12-30
Saint-Laurent-Médoc,33424,33,2023-08-22 15:50:11,3000,12,1989.0,2024-04-24,2025-12-30
Saint-Laurent-de-Céris,16329,16,2023-07-21 16:58:34,15300,2,258.0,2024-03-25,2026-01-07
Saint-Laurent-de-la-Cabrerisse,11351,11,2023-02-17 16:25:00,12000,1,90.0,2023-02-27,2023-02-27
Saint-Laurent-de-la-Cabrerisse,11351,11,2023-02-22 18:33:00,2500,1,90.0,2023-02-27,2023-02-27
Saint-Louis,97414,974,2023-09-25 05:34:00,270000,2,399.63,2024-05-06,2025-08-14
Saint-Léger-Magnazeix,87160,87,2023-09-15 18:24:32,10700,9,1395.5,2024-07-30,2026-02-17
Saint-Léger-de-Peyre,48168,48,2023-09-10 16:03:00,6476,2,475.0,2024-12-10,2025-10-21
Saint-Marcel-lès-Annonay,07265,07,2023-08-21 20:06:00,100,4,775.0,2023-10-25,2025-01-23
Saint-Marcel-sur-Aude,11353,11,2023-03-19 19:27:00,50,3,272.0,2023-03-29,2024-11-13
Saint-Marcel-sur-Aude,11353,11,2023-07-18 22:57:00,22640,1,62.0,2024-11-13,2024-11-13
Saint-Marcel-sur-Aude,11353,11,2023-07-21 16:31:00,85900,1,62.0,2024-11-13,2024-11-13
Saint-Mars-la-Brière,72300,72,2023-06-17 17:50:00,2000,1,4290.0,2026-03-18,2026-03-18
Saint-Martial-le-Mont,23214,23,2023-02-21 13:52:00,2000,1,198.0,2024-05-06,2024-05-06
Saint-Maurice-de-Lignon,43211,43,2023-08-20 22:32:00,5000,6,853.8,2023-09-26,2026-01-20
Saint-Maximin-la-Sainte-Baume,83116,83,2023-01-24 19:26:00,10,5,4413.0,2023-04-04,2025-08-01
Saint-Maximin-la-Sainte-Baume,83116,83,2023-04-18 16:28:00,5000,4,1913.0,2024-08-28,2025-08-01
Saint-Maximin-la-Sainte-Baume,83116,83,2023-05-07 18:37:00,300,4,1913.0,2024-08-28,2025-08-01
Saint-Maximin-la-Sainte-Baume,83116,83,2023-08-14 20:00:00,63,4,1913.0,2024-08-28,2025-08-01
Saint-Maximin-la-Sainte-Baume,83116,83,2023-09-12 14:13:00,4,4,1913.0,2024-08-28,2025-08-01
Saint-Maximin-la-Sainte-Baume,83116,83,2023-11-28 10:35:00,20,4,1913.0,2024-08-28,2025-08-01
Saint-Mitre-les-Remparts,13098,13,2023-03-31 18:34:00,1000,2,187.0,2024-06-04,2024-08-29
Saint-Mitre-les-Remparts,13098,13,2023-08-06 22:03:00,100,2,187.0,2024-06-04,2024-08-29
Saint-Mitre-les-Remparts,13098,13,2023-09-12 06:03:00,100,2,187.0,2024-06-04,2024-08-29
Saint-Mitre-les-Remparts,13098,13,2023-10-23 16:30:00,300,2,187.0,2024-06-04,2024-08-29
Saint-Nazaire-d'Aude,11360,11,2023-06-19 14:46:00,19900,1,110.0,2026-04-28,2026-04-28
Saint-Nazaire-d'Aude,11360,11,2023-07-13 14:55:00,200,1,110.0,2026-04-28,2026-04-28
Saint-Nazaire-d'Aude,11360,11,2023-09-04 15:34:00,262939,1,110.0,2026-04-28,2026-04-28
Saint-Nazaire-des-Gardies,30289,30,2023-05-06 14:38:00,76,2,189.8,2024-07-15,2025-03-13
Saint-Nazaire-des-Gardies,30289,30,2023-06-30 19:51:00,1000,2,189.8,2024-07-15,2025-03-13
Saint-Palais-de-Négrignac,17378,17,2023-07-29 01:00:00,283,1,175.0,2026-04-08,2026-04-08
Saint-Palais-de-Négrignac,17378,17,2023-07-29 01:00:00,624,1,175.0,2026-04-08,2026-04-08
Saint-Papoul,11361,11,2023-02-10 18:40:00,100,3,599.7,2025-04-29,2026-04-08
Saint-Pardon-de-Conques,33457,33,2023-03-17 13:48:30,2500,1,165.0,2025-07-17,2025-07-17
Saint-Paul-le-Froid,48174,48,2023-07-30 14:28:00,4000,1,200.0,2024-11-18,2024-11-18
Saint-Paul-le-Froid,48174,48,2023-12-27 14:55:00,10000,1,200.0,2024-11-18,2024-11-18
Saint-Philippe-d'Aiguille,33461,33,2023-02-16 17:16:44,300,1,50.0,2023-09-12,2023-09-12
Saint-Pompont,24488,24,2023-02-17 13:01:00,40000,4,447.8,2024-03-04,2025-01-08
Saint-Péray,07281,07,2023-08-03 15:58:00,100,3,253.0,2024-01-24,2025-05-06
Saint-Quentin-la-Poterie,30295,30,2023-09-02 17:20:00,2834,2,400.0,2024-06-18,2024-12-19
Saint-Raphaël,83118,83,2023-05-07 16:05:00,250,2,165.0,2025-09-23,2026-04-02
Saint-Raphaël,83118,83,2023-07-08 00:00:00,8,2,165.0,2025-09-23,2026-04-02
Saint-Raphaël,83118,83,2023-08-07 11:02:00,997,2,165.0,2025-09-23,2026-04-02
Saint-Raphaël,83118,83,2023-08-08 08:37:00,1,2,165.0,2025-09-23,2026-04-02
Saint-Raphaël,83118,83,2023-08-15 11:49:00,1,2,165.0,2025-09-23,2026-04-02
Saint-Raphaël,83118,83,2023-09-13 14:22:00,40,2,165.0,2025-09-23,2026-04-02
Saint-Raphaël,83118,83,2023-11-26 18:03:00,150,2,165.0,2025-09-23,2026-04-02
Saint-Raphaël,83118,83,2023-11-27 01:33:00,10,2,165.0,2025-09-23,2026-04-02
Saint-Raphaël,83118,83,2023-12-24 11:04:00,15,2,165.0,2025-09-23,2026-04-02
Saint-Robert,19239,19,2023-09-15 16:08:00,2500,1,250.0,2024-11-15,2024-11-15
Saint-Rémy,12242,12,2023-09-01 22:24:00,100,5,829.0,2025-03-03,2025-10-27
Saint-Rémy-de-Provence,13100,13,2023-02-05 12:17:00,100,19,2952.0,2023-03-24,2026-04-21
Saint-Rémy-de-Provence,13100,13,2023-05-15 16:30:00,2000,18,2853.0,2023-06-28,2026-04-21
Saint-Rémy-de-Provence,13100,13,2023-07-22 15:32:00,1000,17,2600.0,2023-12-12,2026-04-21
Saint-Rémy-de-Provence,13100,13,2023-08-13 17:44:00,100,17,2600.0,2023-12-12,2026-04-21
Saint-Rémy-de-Provence,13100,13,2023-10-28 18:34:00,100,17,2600.0,2023-12-12,2026-04-21
Saint-Salvadour,19240,19,2023-05-03 15:43:52,700,2,479.0,2025-01-21,2026-04-23
Saint-Savin,38455,38,2023-01-29 06:43:00,1,4,8514.0,2024-03-26,2025-07-25
Saint-Sernin-sur-Rance,12248,12,2023-02-19 18:50:00,5000,1,344.0,2024-04-18,2024-04-18
Saint-Servais,22328,22,2023-06-27 15:45:00,20000,1,235.0,2026-02-23,2026-02-23
Saint-Siffret,30299,30,2023-04-07 17:10:00,1000,2,152.0,2025-06-06,2025-10-30
Saint-Sulpice-et-Cameyrac,33483,33,2023-07-11 19:38:12,100,3,624.99,2024-01-11,2025-02-04
Saint-Vallier,26333,26,2023-06-17 14:44:00,50,3,261.0,2024-10-01,2026-04-01
Saint-Vallier,16357,16,2023-07-14 23:22:22,1000,2,445.0,2026-01-23,2026-01-23
Saint-Vallier-de-Thiey,06130,06,2023-03-10 14:02:00,413600,1,77.0,2023-11-29,2023-11-29
Saint-Vincent-d'Olargues,34291,34,2023-02-04 14:16:00,1024,1,100.0,2025-02-18,2025-02-18
Saint-Vincent-de-Paul,40283,40,2023-09-10 01:17:00,80000,2,400.0,2024-07-05,2024-07-05
Saint-Vincent-de-Reins,69240,69,2023-10-13 10:49:00,20000,2,375.0,2026-04-27,2026-04-27
Saint-Étienne-de-Lugdarès,07232,07,2023-12-18 14:11:00,50000,1,90.0,2024-10-29,2024-10-29
Saint-Étienne-du-Rouvray,76575,76,2023-04-08 19:30:00,1000,5,758.0,2024-03-06,2026-02-27
Saint-Étienne-du-Rouvray,76575,76,2023-06-26 05:12:00,300,5,758.0,2024-03-06,2026-02-27
Sainte-Anastasie-sur-Issole,83111,83,2023-11-16 20:00:00,100,1,90.0,2025-06-19,2025-06-19
Sainte-Fortunade,19203,19,2023-06-12 16:39:52,1,3,730.0,2024-02-28,2025-09-03
Sainte-Gemme,36193,36,2023-10-08 16:35:00,40000,4,749.0,2025-05-19,2025-10-28
Sainte-Gemme,36193,36,2023-10-12 16:44:00,5000,4,749.0,2025-05-19,2025-10-28
Sainte-Hélène,33417,33,2023-02-10 13:42:00,20,3,508.0,2023-11-28,2024-10-28
Sainte-Hélène,33417,33,2023-03-28 15:26:01,25000,3,508.0,2023-11-28,2024-10-28
Sainte-Maxime,83115,83,2023-03-10 14:38:00,2000,1,249.0,2024-09-18,2024-09-18
Sainte-Maxime,83115,83,2023-05-10 15:09:00,10,1,249.0,2024-09-18,2024-09-18
Sainte-Maxime,83115,83,2023-07-12 13:51:00,537,1,249.0,2024-09-18,2024-09-18
Sainte-Maxime,83115,83,2023-08-01 10:44:00,50,1,249.0,2024-09-18,2024-09-18
Sainte-Montaine,18227,18,2023-09-20 15:35:00,100,2,430.0,2024-11-18,2024-11-18
Sainte-Rose,97419,974,2023-12-03 13:52:00,1619,1,100.0,2024-10-15,2024-10-15
Salaunes,33494,33,2023-06-19 15:49:40,20,1,160.0,2024-09-12,2024-09-12
Salbris,41232,41,2023-04-04 15:36:00,200,2,355.12,2025-02-13,2025-07-01
Salernes,83121,83,2023-01-14 19:49:00,1,3,13849.0,2023-10-25,2025-03-06
Salernes,83121,83,2023-01-24 12:10:00,50,3,13849.0,2023-10-25,2025-03-06
Salernes,83121,83,2023-05-28 18:34:00,50,3,13849.0,2023-10-25,2025-03-06
Salernes,83121,83,2023-09-09 13:44:00,2000,3,13849.0,2023-10-25,2025-03-06
Salernes,83121,83,2023-11-24 13:25:00,4,2,13750.0,2025-03-06,2025-03-06
Sallebœuf,33496,33,2023-10-08 11:03:45,10,1,170.0,2024-08-07,2024-08-07
Salles,33498,33,2023-09-07 14:06:59,200,3,350.0,2024-07-30,2025-11-06
Salles,33498,33,2023-10-08 14:06:00,84000,3,350.0,2024-07-30,2025-11-06
Salles-d'Aude,11370,11,2023-07-06 17:21:00,19710,1,220.0,2025-03-03,2025-03-03
Salles-d'Aude,11370,11,2023-09-28 20:58:00,100,1,220.0,2025-03-03,2025-03-03
Sallèles-d'Aude,11369,11,2023-05-26 20:23:00,15,4,4490.0,2024-01-18,2025-11-13
Sallèles-d'Aude,11369,11,2023-05-31 21:14:00,50,4,4490.0,2024-01-18,2025-11-13
Sallèles-d'Aude,11369,11,2023-06-16 19:28:00,10,4,4490.0,2024-01-18,2025-11-13
Sallèles-d'Aude,11369,11,2023-07-07 11:01:00,11000,4,4490.0,2024-01-18,2025-11-13
Salon-de-Provence,13103,13,2023-02-23 18:33:00,10,20,5572.0,2023-07-04,2026-04-28
Salon-de-Provence,13103,13,2023-06-25 16:34:00,300,20,5572.0,2023-07-04,2026-04-28
Salon-de-Provence,13103,13,2023-10-21 14:41:00,200,18,2475.0,2023-11-21,2026-04-28
Salviac,46297,46,2023-04-06 12:17:00,200,3,480.0,2025-06-17,2026-05-20
Saléon,05159,05,2023-08-17 20:41:00,1,2,348.0,2023-11-15,2025-01-28
San-Nicolao,2B313,2B,2023-09-05 08:05:00,200,2,146.0,2025-01-02,2025-12-02
Santo-Pietro-di-Tenda,2B314,2B,2023-02-08 11:37:00,40,4,383.71000000000004,2023-05-25,2023-10-26
Santo-Pietro-di-Tenda,2B314,2B,2023-02-08 11:37:00,50,4,383.71000000000004,2023-05-25,2023-10-26
Santo-Pietro-di-Tenda,2B314,2B,2023-03-16 14:41:00,500,4,383.71000000000004,2023-05-25,2023-10-26
Santo-Pietro-di-Tenda,2B314,2B,2023-04-05 18:27:00,1000,4,383.71000000000004,2023-05-25,2023-10-26
Santo-Pietro-di-Tenda,2B314,2B,2023-04-18 14:21:00,20,4,383.71000000000004,2023-05-25,2023-10-26
Santo-Pietro-di-Tenda,2B314,2B,2023-07-22 06:07:00,490,3,283.81,2023-09-26,2023-10-26
Santo-Pietro-di-Tenda,2B314,2B,2023-09-09 11:26:00,20000,3,283.81,2023-09-26,2023-10-26
Sarbazan,40288,40,2023-06-18 20:36:00,5,1,140.0,2026-04-24,2026-04-24
Sarrola-Carcopino,2A271,2A,2023-03-25 14:53:00,10,9,875.55,2024-04-16,2026-02-18
Sarrola-Carcopino,2A271,2A,2023-08-07 12:16:00,10000,9,875.55,2024-04-16,2026-02-18
Sarrola-Carcopino,2A271,2A,2023-08-25 12:10:00,37000,9,875.55,2024-04-16,2026-02-18
Saulce-sur-Rhône,26337,26,2023-08-25 08:15:00,500,5,548.0,2024-06-06,2025-08-19
Saulcy-sur-Meurthe,88445,88,2023-07-08 15:43:00,2,2,215.0,2025-02-07,2026-04-17
Sauveterre-de-Guyenne,33506,33,2023-10-08 18:25:03,50,3,570.0,2024-04-30,2026-01-12
Seiches-sur-le-Loir,49333,49,2023-07-30 18:24:00,20,5,408.0,2024-09-13,2026-04-14
Seillons-Source-d'Argens,83125,83,2023-02-02 17:57:00,5,1,50.0,2023-04-14,2023-04-14
Seillons-Source-d'Argens,83125,83,2023-02-21 15:43:00,1500,1,50.0,2023-04-14,2023-04-14
Septfonds,82179,82,2023-08-23 12:52:00,445800,3,399.0,2024-02-28,2025-09-17
Septèmes-les-Vallons,13106,13,2023-01-05 16:55:00,1000,1,5610.0,2026-05-21,2026-05-21
Septèmes-les-Vallons,13106,13,2023-07-17 00:40:00,500,1,5610.0,2026-05-21,2026-05-21
Septèmes-les-Vallons,13106,13,2023-07-20 15:15:00,50,1,5610.0,2026-05-21,2026-05-21
Septèmes-les-Vallons,13106,13,2023-07-22 19:30:00,2,1,5610.0,2026-05-21,2026-05-21
Septèmes-les-Vallons,13106,13,2023-07-30 00:16:00,15,1,5610.0,2026-05-21,2026-05-21
Septèmes-les-Vallons,13106,13,2023-08-01 20:52:00,6000,1,5610.0,2026-05-21,2026-05-21
Serra-di-Ferro,2A276,2A,2023-08-15 16:06:00,50,3,299.0,2024-07-02,2024-10-16
Servian,34300,34,2023-05-18 14:02:00,510,6,2995.0,2024-01-11,2026-05-18
Servian,34300,34,2023-06-23 16:39:00,151503,6,2995.0,2024-01-11,2026-05-18
Sigean,11379,11,2023-04-12 00:27:00,300,4,974.0,2025-09-12,2026-04-14
Sigean,11379,11,2023-05-19 15:24:00,3000,4,974.0,2025-09-12,2026-04-14
Sigean,11379,11,2023-05-23 23:46:00,500,4,974.0,2025-09-12,2026-04-14
Signes,83127,83,2023-03-07 15:44:00,1500,17,9183.9,2023-07-19,2026-05-27
Signes,83127,83,2023-07-06 18:04:00,50,17,9183.9,2023-07-19,2026-05-27
Signes,83127,83,2023-09-04 12:04:00,10,14,8884.0,2023-10-03,2026-05-27
Sillars,86262,86,2023-09-20 15:42:00,20,5,1173.3,2024-06-21,2026-03-03
Simiane-Collongue,13107,13,2023-08-03 21:53:00,500,1,77.0,2025-01-03,2025-01-03
Simiane-Collongue,13107,13,2023-08-04 21:05:00,300,1,77.0,2025-01-03,2025-01-03
Simiane-Collongue,13107,13,2023-08-04 21:22:00,300,1,77.0,2025-01-03,2025-01-03
Simiane-Collongue,13107,13,2023-08-04 21:44:00,100,1,77.0,2025-01-03,2025-01-03
Simiane-Collongue,13107,13,2023-08-04 22:40:00,200,1,77.0,2025-01-03,2025-01-03
Simiane-Collongue,13107,13,2023-10-16 03:34:00,20,1,77.0,2025-01-03,2025-01-03
Six-Fours-les-Plages,83129,83,2023-05-29 19:13:00,1,3,452.25,2024-08-02,2024-12-26
Six-Fours-les-Plages,83129,83,2023-07-30 14:27:00,5213,3,452.25,2024-08-02,2024-12-26
Solignac-sur-Loire,43241,43,2023-08-11 17:42:00,500,2,479.9,2024-11-13,2026-03-20
Solliès-Pont,83130,83,2023-07-09 20:10:00,10,4,546.0,2023-08-11,2025-03-13
Solliès-Pont,83130,83,2023-08-20 18:07:00,100,3,447.0,2024-08-19,2025-03-13
Solliès-Pont,83130,83,2023-09-02 18:30:00,20,3,447.0,2024-08-19,2025-03-13
Solliès-Pont,83130,83,2023-09-19 10:57:00,250,3,447.0,2024-08-19,2025-03-13
Solliès-Pont,83130,83,2023-12-22 17:53:00,25,3,447.0,2024-08-19,2025-03-13
Solliès-Toucas,83131,83,2023-04-12 16:54:00,50,4,540.0,2025-06-12,2026-01-22
Sorges et Ligueux en Périgord,24540,24,2023-04-19 14:33:00,800,2,400.0,2025-02-17,2025-02-17
Sorgues,84129,84,2023-03-26 17:27:00,20,9,1093.0,2024-02-13,2026-04-22
Souleuvre en Bocage,14061,14,2023-08-24 21:44:00,70,8,3873.8,2023-12-12,2026-05-27
Sourzac,24543,24,2023-09-09 13:03:00,200,2,2750.0,2024-11-15,2025-08-07
Soustons,40310,40,2023-04-21 20:43:00,150,5,1498.0,2023-06-16,2026-01-19
Soustons,40310,40,2023-09-25 17:06:00,4120,4,1388.0,2024-05-16,2026-01-19
Soustons,40310,40,2023-10-09 16:11:00,500,4,1388.0,2024-05-16,2026-01-19
Soyaux,16374,16,2023-04-09 13:34:43,300,7,1231.0,2024-09-23,2026-05-29
Sumène,30325,30,2023-02-14 09:25:00,81134,1,110.0,2025-04-15,2025-04-15
Surzur,56248,56,2023-07-07 17:53:00,50,7,1072.0,2024-11-20,2025-10-02
Suze-la-Rousse,26345,26,2023-04-28 21:13:00,50,3,399.75,2023-10-18,2026-02-03
Sète,34301,34,2023-12-31 03:09:00,200,10,1255.0,2024-02-14,2026-03-10
Sénas,13105,13,2023-05-09 19:20:00,10,17,13288.0,2023-06-09,2025-12-24
Sérent,56244,56,2023-09-26 16:39:00,2,3,555.0,2025-09-11,2026-02-25
Sévérac d'Aveyron,12270,12,2023-08-15 17:58:00,2000,18,3023.8,2024-01-24,2026-05-20
Tachoires,32438,32,2023-04-11 18:09:00,15000,3,473.0,2023-08-30,2026-02-17
Tallone,2B320,2B,2023-04-14 20:06:00,5000,2,166.0,2024-10-16,2025-04-03
Tarascon,13108,13,2023-02-06 17:32:00,30,16,8876.0,2023-12-21,2026-04-28
Tarascon,13108,13,2023-06-26 04:44:00,300,16,8876.0,2023-12-21,2026-04-28
Tarascon,13108,13,2023-07-08 14:40:00,200,16,8876.0,2023-12-21,2026-04-28
Tarascon,13108,13,2023-08-04 17:33:00,3000,16,8876.0,2023-12-21,2026-04-28
Tartas,40313,40,2023-09-25 16:26:00,20,6,760.0,2023-12-04,2025-12-16
Tavernes,83135,83,2023-04-15 09:35:00,5,2,297.8,2024-08-29,2026-03-27
Terrasson-Lavilledieu,24547,24,2023-06-26 15:14:40,1500,3,419.82,2024-01-10,2026-01-21
Thiézac,15236,15,2023-05-02 17:30:00,15000,7,1314.0,2024-12-12,2026-05-21
Thoard,04217,04,2023-03-02 12:56:00,2400,1,150.0,2024-04-09,2024-04-09
Thoard,04217,04,2023-08-08 17:34:00,20,1,150.0,2024-04-09,2024-04-09
Thonon-les-Bains,74281,74,2023-05-23 02:30:00,1,6,921.8,2023-12-20,2026-05-20
Thorame-Basse,04218,04,2023-08-23 16:33:00,2000,6,1209.55,2024-11-14,2025-11-18
Tonneins,47310,47,2023-10-02 16:37:38,3000,3,421.0,2024-11-05,2026-04-29
Torreilles,66212,66,2023-02-05 15:06:00,254700,2,2294.9,2023-08-21,2024-09-24
Torreilles,66212,66,2023-04-05 17:07:00,160600,2,2294.9,2023-08-21,2024-09-24
Torsac,16382,16,2023-08-08 17:57:50,50,1,200.0,2024-12-23,2024-12-23
Toulon,83137,83,2023-05-16 23:55:00,2,3,1154.0,2024-01-15,2025-03-14
Toulon,83137,83,2023-05-29 00:59:00,70,3,1154.0,2024-01-15,2025-03-14
Toulon,83137,83,2023-06-11 05:11:00,200,3,1154.0,2024-01-15,2025-03-14
Toulon,83137,83,2023-07-14 21:01:00,10,3,1154.0,2024-01-15,2025-03-14
Toulon,83137,83,2023-07-15 21:23:00,100,3,1154.0,2024-01-15,2025-03-14
Toulon,83137,83,2023-07-20 23:25:00,150,3,1154.0,2024-01-15,2025-03-14
Toulon,83137,83,2023-07-21 00:08:00,15,3,1154.0,2024-01-15,2025-03-14
Toulon,83137,83,2023-07-21 04:26:00,200,3,1154.0,2024-01-15,2025-03-14
Toulon,83137,83,2023-07-30 00:03:00,5,3,1154.0,2024-01-15,2025-03-14
Toulon,83137,83,2023-08-08 14:22:00,1,3,1154.0,2024-01-15,2025-03-14
Toulon,83137,83,2023-08-10 12:05:00,300,3,1154.0,2024-01-15,2025-03-14
Toulon,83137,83,2023-08-15 13:30:00,1000,3,1154.0,2024-01-15,2025-03-14
Toulon,83137,83,2023-09-07 17:06:00,1,3,1154.0,2024-01-15,2025-03-14
Tourbes,34311,34,2023-07-08 14:24:00,1894,2,525.0,2025-07-11,2025-07-11
Tourouzelle,11393,11,2023-03-03 15:28:00,5476,2,187.8,2023-08-22,2025-01-09
Tourrette-Levens,06147,06,2023-07-26 02:11:00,70200,3,193.0,2024-07-10,2025-04-07
Tourves,83140,83,2023-02-15 13:34:00,8000,5,855.0,2023-10-11,2025-06-04
Tourves,83140,83,2023-04-08 17:51:00,15000,5,855.0,2023-10-11,2025-06-04
Tourves,83140,83,2023-04-11 14:37:00,100,5,855.0,2023-10-11,2025-06-04
Tourves,83140,83,2023-04-15 12:44:00,50,5,855.0,2023-10-11,2025-06-04
Tourves,83140,83,2023-05-11 21:07:00,30,5,855.0,2023-10-11,2025-06-04
Tourves,83140,83,2023-08-04 21:52:00,200,5,855.0,2023-10-11,2025-06-04
Tralonca,2B329,2B,2023-08-25 17:30:00,6900,4,333.62,2023-11-23,2025-06-04
Trans-en-Provence,83141,83,2023-03-27 20:08:00,15,1,88.0,2024-07-22,2024-07-22
Trans-en-Provence,83141,83,2023-04-18 10:27:00,150,1,88.0,2024-07-22,2024-07-22
Trans-en-Provence,83141,83,2023-06-04 18:15:00,10,1,88.0,2024-07-22,2024-07-22
Trans-en-Provence,83141,83,2023-12-21 16:30:00,10,1,88.0,2024-07-22,2024-07-22
Treignac,19269,19,2023-12-15 17:55:27,1,2,5859.0,2025-05-22,2025-06-25
Tremblay-les-Villages,28393,28,2023-07-18 21:02:00,27000,3,409.0,2025-11-24,2026-02-18
Trept,38515,38,2023-09-05 01:31:00,4000,2,350.0,2024-02-02,2026-05-29
Tresques,30331,30,2023-04-09 17:45:00,200,4,444.8,2024-04-09,2025-05-28
Tresserre,66214,66,2023-03-29 12:33:00,31140,1,2795.0,2023-06-20,2023-06-20
Trets,13110,13,2023-02-06 22:28:00,300,10,1856.9,2024-07-30,2026-01-20
Trets,13110,13,2023-04-27 11:27:00,100,10,1856.9,2024-07-30,2026-01-20
Trets,13110,13,2023-07-26 22:56:00,1200,10,1856.9,2024-07-30,2026-01-20
Trets,13110,13,2023-10-17 15:13:00,200,10,1856.9,2024-07-30,2026-01-20
Trèbes,11397,11,2023-10-17 11:47:00,250,5,1090.0,2024-11-14,2026-04-08
Trèbes,11397,11,2023-10-20 17:47:00,100,5,1090.0,2024-11-14,2026-04-08
Tuchan,11401,11,2023-12-07 09:26:00,15,3,271.8,2025-04-01,2026-02-03
Ucciani,2A330,2A,2023-02-17 18:46:00,100,1,99.0,2025-01-28,2025-01-28
Ucel,07325,07,2023-03-06 12:08:00,500,1,100.0,2023-08-10,2023-08-10
Uchaux,84135,84,2023-12-04 10:26:00,100,1,200.0,2025-01-23,2025-01-23
Upaix,05173,05,2023-02-05 16:09:00,20,7,2387.0,2023-08-24,2025-12-01
Vabres-l'Abbaye,12286,12,2023-08-23 19:41:00,35000,5,773.0,2024-03-19,2025-09-25
Vachères,04227,04,2023-03-28 13:25:00,6000,1,88.0,2023-08-16,2023-08-16
Val-Couesnon,35004,35,2023-07-02 22:07:00,300,10,1737.99,2023-08-08,2026-03-19
Val-de-Dagne,11251,11,2023-04-10 12:40:00,200,1,250.0,2025-11-26,2025-11-26
Val-de-Livenne,33380,33,2023-08-10 17:57:22,1000,4,693.0,2025-09-24,2026-03-12
Val-de-Livenne,33380,33,2023-08-10 17:57:22,4000,4,693.0,2025-09-24,2026-03-12
Val-de-Livenne,33380,33,2023-08-10 17:57:22,5000,4,693.0,2025-09-24,2026-03-12
Val-de-Livenne,33380,33,2023-09-26 18:43:43,10,4,693.0,2025-09-24,2026-03-12
Val-de-Livenne,33380,33,2023-09-26 18:43:43,200,4,693.0,2025-09-24,2026-03-12
Valbonne,06152,06,2023-07-11 18:38:00,30,9,900.94,2023-10-18,2026-03-24
Valbonne,06152,06,2023-08-16 00:22:00,20,9,900.94,2023-10-18,2026-03-24
Valderoure,06154,06,2023-08-25 11:52:00,500,1,110.0,2025-09-15,2025-09-15
Vallères,37264,37,2023-05-18 15:28:00,200,3,589.0,2024-10-22,2026-04-09
Valserres,05176,05,2023-07-22 21:01:00,2,1,100.0,2025-01-29,2025-01-29
Valvignères,07332,07,2023-07-28 16:23:00,40000,3,294.98,2023-10-19,2026-01-07
Vannes,56260,56,2023-02-13 13:13:00,15000,6,1480.2,2023-10-16,2026-04-16
Vannes,56260,56,2023-06-13 17:31:00,600,6,1480.2,2023-10-16,2026-04-16
Vaunaveys-la-Rochette,26365,26,2023-08-05 15:32:00,10000,6,721.0,2024-01-03,2025-10-30
Vauvert,30341,30,2023-06-22 15:48:00,10,12,2872.0,2024-11-18,2026-03-17
Velaux,13112,13,2023-05-08 14:42:00,250,1,88.0,2024-04-04,2024-04-04
Velaux,13112,13,2023-07-25 17:30:00,15500,1,88.0,2024-04-04,2024-04-04
Velaux,13112,13,2023-07-25 18:50:00,2,1,88.0,2024-04-04,2024-04-04
Velaux,13112,13,2023-08-18 15:00:00,11200,1,88.0,2024-04-04,2024-04-04
Vence,06157,06,2023-01-19 15:08:00,50000,2,242.0,2024-02-05,2024-05-14
Vence,06157,06,2023-02-01 11:34:00,180900,2,242.0,2024-02-05,2024-05-14
Vence,06157,06,2023-08-26 12:26:00,47500,2,242.0,2024-02-05,2024-05-14
Vendays-Montalivet,33540,33,2023-04-05 15:59:38,3000,3,469.99,2024-03-04,2026-03-02
Vendémian,34328,34,2023-05-29 16:23:00,358,2,198.4,2024-08-08,2025-02-06
Venelles,13113,13,2023-08-04 19:13:00,50,1,145.0,2026-03-12,2026-03-12
Venelles,13113,13,2023-08-15 14:13:00,70,1,145.0,2026-03-12,2026-03-12
Venelles,13113,13,2023-09-07 14:56:00,2,1,145.0,2026-03-12,2026-03-12
Ventabren,13114,13,2023-02-03 13:57:00,200,2,460.0,2025-01-06,2025-01-06
Ventabren,13114,13,2023-02-28 17:15:00,10,2,460.0,2025-01-06,2025-01-06
Ventabren,13114,13,2023-08-28 17:15:00,10,2,460.0,2025-01-06,2025-01-06
Ventabren,13114,13,2023-08-29 09:09:00,5,2,460.0,2025-01-06,2025-01-06
Ventavon,05178,05,2023-08-13 20:14:00,10000,5,639.0,2023-09-20,2026-04-02
Venterol,26367,26,2023-08-07 20:46:00,30,1,143.0,2025-06-23,2025-06-23
Vernosc-lès-Annonay,07337,07,2023-08-19 17:18:00,500,2,275.8,2025-02-12,2026-04-16
Vero,2A345,2A,2023-09-28 13:10:00,500,1,91.67,2024-11-28,2024-11-28
Verrières,12291,12,2023-08-21 12:03:00,10000,1,200.0,2026-02-16,2026-02-16
Vescovato,2B346,2B,2023-08-10 10:52:00,300,3,259.64,2023-11-21,2025-04-02
Vescovato,2B346,2B,2023-08-15 14:45:00,2000,3,259.64,2023-11-21,2025-04-02
Vescovato,2B346,2B,2023-11-15 16:30:00,600,3,259.64,2023-11-21,2025-04-02
Vezzani,2B347,2B,2023-11-14 12:27:00,3000,1,37.0,2025-07-17,2025-07-17
Vias,34332,34,2023-07-06 00:48:00,1557,7,6001.0,2023-07-12,2026-04-10
Vidauban,83148,83,2023-01-13 18:18:00,10,3,455.0,2025-01-31,2026-01-30
Vidauban,83148,83,2023-04-21 13:14:00,600,3,455.0,2025-01-31,2026-01-30
Vidauban,83148,83,2023-09-03 13:53:00,800,3,455.0,2025-01-31,2026-01-30
Vielle-Soubiran,40327,40,2023-07-29 02:52:00,6000,2,480.0,2024-04-22,2025-04-24
Vigeois,19285,19,2023-10-05 18:39:16,1,4,920.0,2024-03-13,2026-03-12
Villardonnel,11413,11,2023-03-23 18:36:00,500,2,345.0,2023-07-20,2024-07-12
Villardonnel,11413,11,2023-08-24 04:02:00,1025,1,100.0,2024-07-12,2024-07-12
Villars,84145,84,2023-08-19 14:43:00,1200,2,315.0,2024-03-07,2025-06-19
Ville-di-Paraso,2B352,2B,2023-03-07 06:54:00,10000,1,99.99,2023-07-20,2023-07-20
Villecroze,83149,83,2023-01-30 20:15:00,20,1,275.0,2023-09-13,2023-09-13
Villecroze,83149,83,2023-02-12 17:20:00,1500,1,275.0,2023-09-13,2023-09-13
Villecroze,83149,83,2023-07-30 11:38:00,392,1,275.0,2023-09-13,2023-09-13
Villedieu,84146,84,2023-07-06 21:39:00,14700,1,55.0,2026-05-07,2026-05-07
Villefloure,11423,11,2023-07-14 12:21:00,5000,2,440.0,2026-01-20,2026-01-20
Villegly,11426,11,2023-04-01 14:30:00,200,2,11968.0,2024-05-22,2024-05-22
Villegly,11426,11,2023-10-06 17:32:00,500,2,11968.0,2024-05-22,2024-05-22
Villelaure,84147,84,2023-10-31 18:20:00,50,2,451.0,2023-12-07,2026-05-05
Villeneuve-Minervois,11433,11,2023-09-09 02:45:00,700,4,699.2,2024-01-10,2026-05-15
Villeneuve-lès-Béziers,34336,34,2023-07-03 15:46:00,153997,5,702.5,2023-09-05,2026-01-15
Villeneuve-lès-Béziers,34336,34,2023-08-05 02:23:00,124422,5,702.5,2023-09-05,2026-01-15
Villespy,11439,11,2023-03-01 14:22:00,25,1,250.0,2025-07-22,2025-07-22
Vinassan,11441,11,2023-04-16 13:14:00,600,2,360.0,2025-10-16,2025-10-16
Vincey,88513,88,2023-06-09 16:16:00,10000,2,166.6,2023-11-16,2025-02-20
Vinezac,07343,07,2023-08-07 16:02:00,5000,1,250.0,2024-11-05,2024-11-05
Vinon-sur-Verdon,83150,83,2023-04-09 16:59:00,100000,4,478.0,2023-08-17,2025-01-16
Vinon-sur-Verdon,83150,83,2023-09-19 14:52:00,1000,3,380.0,2024-04-10,2025-01-16
Vitrac-Saint-Vincent,16416,16,2023-03-04 13:28:36,2000,1,88.0,2024-09-26,2024-09-26
Vitrolles,13117,13,2023-07-06 16:35:00,3,29,3788.6,2023-07-26,2026-05-07
Vitrolles,13117,13,2023-08-21 10:41:00,10,27,3352.6,2023-11-13,2026-05-07
Vitrolles,13117,13,2023-08-23 15:07:00,50,27,3352.6,2023-11-13,2026-05-07
Viuz-en-Sallaz,74311,74,2023-10-18 10:20:00,6,1,50.0,2024-03-28,2024-03-28
Viviez,12305,12,2023-08-20 16:01:00,119200,1,80.0,2023-11-15,2023-11-15
Vivonne,86293,86,2023-05-29 17:27:00,200,13,2845.66,2023-11-29,2025-12-22
Vogüé,07348,07,2023-08-19 22:15:00,2000,2,190.0,2024-09-03,2025-01-06
Voutezac,19288,19,2023-09-30 07:02:08,1,1,99.0,2024-05-23,2024-05-23
Ychoux,40332,40,2023-08-20 18:07:00,60,7,1776.0,2023-08-31,2026-03-02
Ychoux,40332,40,2023-10-08 19:43:00,100,6,1684.0,2024-02-21,2026-03-02
Ychoux,40332,40,2023-10-15 14:10:00,10,6,1684.0,2024-02-21,2026-03-02
Ytrac,15267,15,2023-02-11 18:33:00,20000,13,2393.8,2024-01-29,2026-02-26
Yviers,16424,16,2023-07-29 02:58:44,15000,1,250.0,2025-09-02,2025-09-02
Yvrac-et-Malleyrand,16425,16,2023-10-16 12:03:15,5000,3,750.0,2023-11-27,2026-05-05
Yzeures-sur-Creuse,37282,37,2023-05-19 15:23:00,20000,7,1180.0,2024-10-03,2026-02-18
Écommoy,72124,72,2023-06-27 17:20:00,500,3,405.0,2024-02-02,2026-03-24
Écommoy,72124,72,2023-08-01 08:57:00,20,3,405.0,2024-02-02,2026-03-24
Étauliers,33159,33,2023-04-20 13:22:29,3000,3,750.0,2023-09-28,2025-12-29
Évenos,83053,83,2023-07-22 17:32:00,20,1,80.0,2024-02-19,2024-02-19
Évreux,27229,27,2023-06-14 20:10:00,15000,5,1045.0,2023-11-24,2025-05-26
