Commune,Code INSEE,Département,Date_du_Feu,Surface_Brûlée_m2,Nombre_de_Parcs_Solaires,Puissance_Totale_kW,Premiere_Mise_en_Service,Derniere_Mise_en_Service
Abeilhan,34001,34,2021-09-28 10:52:00,17280,1,100.0,2024-05-15,2024-05-15
Abeilhan,34001,34,2021-10-13 18:15:00,16365,1,100.0,2024-05-15,2024-05-15
Afa,2A001,2A,2021-10-11 10:52:00,35400,3,299.83,2021-12-14,2024-05-23
Afa,2A001,2A,2021-10-16 14:05:00,3000,3,299.83,2021-12-14,2024-05-23
Affieux,19001,19,2021-02-10 22:01:00,5,1,100.0,2022-02-04,2022-02-04
Aghione,2B002,2B,2021-05-19 11:06:00,5000,11,1308.06,2021-06-28,2025-10-09
Aghione,2B002,2B,2021-07-14 10:14:00,33400,10,1208.46,2021-10-13,2025-10-09
Aiglun,04001,04,2021-08-07 19:37:00,2500,5,650.3,2023-04-20,2026-02-06
Aimargues,30006,30,2021-06-22 17:20:00,118341,18,2128.9,2022-04-28,2026-05-11
Ainhoa,64014,64,2021-04-01 20:26:52,20000,1,90.0,2025-05-22,2025-05-22
Aix-en-Provence,13001,13,2021-03-22 05:19:00,20,17,2294.32,2022-03-31,2025-12-11
Aix-en-Provence,13001,13,2021-03-27 15:48:00,100,17,2294.32,2022-03-31,2025-12-11
Aix-en-Provence,13001,13,2021-03-27 16:41:00,500,17,2294.32,2022-03-31,2025-12-11
Aix-en-Provence,13001,13,2021-03-27 17:25:00,20,17,2294.32,2022-03-31,2025-12-11
Aix-en-Provence,13001,13,2021-04-06 14:37:00,30000,17,2294.32,2022-03-31,2025-12-11
Aix-en-Provence,13001,13,2021-04-09 19:30:00,40,17,2294.32,2022-03-31,2025-12-11
Aix-en-Provence,13001,13,2021-05-07 10:53:00,100,17,2294.32,2022-03-31,2025-12-11
Aix-en-Provence,13001,13,2021-05-18 06:01:00,50,17,2294.32,2022-03-31,2025-12-11
Aix-en-Provence,13001,13,2021-06-15 15:15:00,500,17,2294.32,2022-03-31,2025-12-11
Aix-en-Provence,13001,13,2021-06-30 13:37:00,100,17,2294.32,2022-03-31,2025-12-11
Aix-en-Provence,13001,13,2021-07-11 23:04:00,100,17,2294.32,2022-03-31,2025-12-11
Aix-en-Provence,13001,13,2021-07-20 17:00:00,300,17,2294.32,2022-03-31,2025-12-11
Aix-en-Provence,13001,13,2021-07-21 12:35:00,50,17,2294.32,2022-03-31,2025-12-11
Aix-en-Provence,13001,13,2021-07-25 00:43:00,490,17,2294.32,2022-03-31,2025-12-11
Aix-en-Provence,13001,13,2021-08-02 16:33:00,60,17,2294.32,2022-03-31,2025-12-11
Aix-en-Provence,13001,13,2021-08-03 09:37:00,3,17,2294.32,2022-03-31,2025-12-11
Aix-en-Provence,13001,13,2021-08-14 08:24:00,100,17,2294.32,2022-03-31,2025-12-11
Aix-en-Provence,13001,13,2021-08-19 00:08:00,100,17,2294.32,2022-03-31,2025-12-11
Aix-en-Provence,13001,13,2021-08-21 17:30:00,10000,17,2294.32,2022-03-31,2025-12-11
Aix-en-Provence,13001,13,2021-08-30 15:18:00,50,17,2294.32,2022-03-31,2025-12-11
Ajaccio,2A004,2A,2021-06-01 13:57:00,15,14,1190.37,2022-03-30,2025-06-17
Ajaccio,2A004,2A,2021-06-25 15:27:00,54000,14,1190.37,2022-03-30,2025-06-17
Ajaccio,2A004,2A,2021-08-20 17:00:00,1,14,1190.37,2022-03-30,2025-06-17
Ajaccio,2A004,2A,2021-08-27 13:55:00,300,14,1190.37,2022-03-30,2025-06-17
Ajaccio,2A004,2A,2021-09-30 14:33:00,2200,14,1190.37,2022-03-30,2025-06-17
Alata,2A006,2A,2021-02-25 12:28:00,60,2,174.7,2023-05-17,2024-11-19
Alata,2A006,2A,2021-03-16 15:30:00,100,2,174.7,2023-05-17,2024-11-19
Alata,2A006,2A,2021-06-14 18:11:00,1,2,174.7,2023-05-17,2024-11-19
Alata,2A006,2A,2021-07-07 12:37:00,15,2,174.7,2023-05-17,2024-11-19
Alata,2A006,2A,2021-07-09 18:29:00,70000,2,174.7,2023-05-17,2024-11-19
Alata,2A006,2A,2021-10-10 12:48:00,157305,2,174.7,2023-05-17,2024-11-19
Albertacce,2B007,2B,2021-02-27 18:13:00,30000,5,486.03999999999996,2021-03-18,2025-07-02
Albertacce,2B007,2B,2021-05-26 11:15:00,150,4,392.84,2021-11-03,2025-07-02
Albertacce,2B007,2B,2021-08-03 15:44:00,2,4,392.84,2021-11-03,2025-07-02
Albertacce,2B007,2B,2021-10-26 15:16:00,100,4,392.84,2021-11-03,2025-07-02
Allas-les-Mines,24006,24,2021-03-28 11:29:00,5000,1,150.0,2025-05-26,2025-05-26
Allauch,13002,13,2021-08-17 15:41:00,2261,4,328.0,2024-10-28,2025-11-21
Allauch,13002,13,2021-08-20 15:15:00,10,4,328.0,2024-10-28,2025-11-21
Allauch,13002,13,2021-09-01 18:00:00,3500,4,328.0,2024-10-28,2025-11-21
Alleuze,15002,15,2021-08-22 15:02:00,40,1,100.0,2025-09-16,2025-09-16
Allonnes,49002,49,2021-08-23 14:48:00,30000,5,729.0,2021-11-23,2025-10-08
Allonnes,49002,49,2021-09-09 16:34:00,800,5,729.0,2021-11-23,2025-10-08
Alzon,30009,30,2021-04-05 16:51:00,7000,1,100.0,2022-05-16,2022-05-16
Alénya,66002,66,2021-04-18 12:38:00,20000,1,3828.0,2021-10-26,2021-10-26
Alénya,66002,66,2021-08-28 19:51:00,75000,1,3828.0,2021-10-26,2021-10-26
Aléria,2B009,2B,2021-01-29 13:07:00,300,15,1383.96,2021-06-02,2025-04-08
Ambialet,81010,81,2021-03-30 11:29:00,2000,3,381.0,2022-06-01,2025-07-11
Andernos-les-Bains,33005,33,2021-10-19 14:10:00,10000,2,252.0,2021-12-30,2022-03-21
Andoins,64021,64,2021-04-14 17:22:53,10,1,180.0,2025-10-06,2025-10-06
Anglards-de-Salers,15006,15,2021-04-02 12:40:00,500,10,1989.0,2021-11-25,2026-04-13
Anglet,64024,64,2021-06-15 17:08:28,10,10,1359.0,2022-01-03,2025-10-28
Antibes,06004,06,2021-08-05 18:50:00,300,6,895.0,2022-10-24,2026-03-25
Anzat-le-Luguet,63006,63,2021-02-25 13:51:00,90000,1,249.8,2025-03-06,2025-03-06
Anzat-le-Luguet,63006,63,2021-03-06 14:35:00,80000,1,249.8,2025-03-06,2025-03-06
Appietto,2A017,2A,2021-02-05 14:33:00,760,1,100.0,2024-04-16,2024-04-16
Appietto,2A017,2A,2021-02-23 17:18:00,1,1,100.0,2024-04-16,2024-04-16
Appietto,2A017,2A,2021-03-23 18:01:00,700,1,100.0,2024-04-16,2024-04-16
Appietto,2A017,2A,2021-07-21 10:45:00,1,1,100.0,2024-04-16,2024-04-16
Appietto,2A017,2A,2021-07-29 17:25:00,37000,1,100.0,2024-04-16,2024-04-16
Appietto,2A017,2A,2021-07-29 17:25:00,357000,1,100.0,2024-04-16,2024-04-16
Appietto,2A017,2A,2021-08-08 11:25:00,1,1,100.0,2024-04-16,2024-04-16
Appietto,2A017,2A,2021-08-24 11:27:00,25000,1,100.0,2024-04-16,2024-04-16
Apt,84003,84,2021-07-06 11:41:00,7800,10,1068.0,2022-08-01,2025-10-21
Apt,84003,84,2021-07-16 13:35:00,3300,10,1068.0,2022-08-01,2025-10-21
Apt,84003,84,2021-08-07 11:02:00,10700,10,1068.0,2022-08-01,2025-10-21
Aramon,30012,30,2021-06-13 10:21:00,21661,2,4065.0,2023-04-11,2025-11-13
Aramon,30012,30,2021-07-18 16:11:00,449,2,4065.0,2023-04-11,2025-11-13
Aramon,30012,30,2021-08-08 17:32:00,37,2,4065.0,2023-04-11,2025-11-13
Arandon-Passins,38297,38,2021-09-11 20:47:00,5,4,16862.0,2022-06-22,2025-06-10
Argeliers,11012,11,2021-01-20 17:38:00,18000,1,292.0,2023-02-21,2023-02-21
Argeliers,11012,11,2021-02-09 17:49:00,57200,1,292.0,2023-02-21,2023-02-21
Argeliers,11012,11,2021-04-08 15:15:00,10016,1,292.0,2023-02-21,2023-02-21
Argeliers,11012,11,2021-04-08 15:15:00,21800,1,292.0,2023-02-21,2023-02-21
Argeliers,11012,11,2021-04-08 17:19:00,30080,1,292.0,2023-02-21,2023-02-21
Argelès-sur-Mer,66008,66,2021-04-19 13:53:00,3000,9,1196.0,2023-01-25,2026-03-06
Argelès-sur-Mer,66008,66,2021-07-16 10:19:00,15000,9,1196.0,2023-01-25,2026-03-06
Argelès-sur-Mer,66008,66,2021-08-16 19:15:00,5000,9,1196.0,2023-01-25,2026-03-06
Argenton,47013,47,2021-02-27 15:04:01,800,2,330.0,2024-06-21,2025-01-22
Argenton,47013,47,2021-04-19 17:50:58,1500,2,330.0,2024-06-21,2025-01-22
Arles,13004,13,2021-06-28 09:51:00,400,40,7076.9,2021-07-19,2026-04-16
Arles,13004,13,2021-07-11 20:05:00,700,40,7076.9,2021-07-19,2026-04-16
Arles,13004,13,2021-08-20 21:51:00,10,37,6776.9,2021-11-08,2026-04-16
Armissan,11014,11,2021-01-05 16:47:00,100,4,337.32,2022-03-02,2025-11-18
Armissan,11014,11,2021-01-06 18:18:00,10,4,337.32,2022-03-02,2025-11-18
Armissan,11014,11,2021-06-12 14:04:00,9070,4,337.32,2022-03-02,2025-11-18
Arsac,33012,33,2021-05-18 19:23:00,200,3,730.0,2023-01-19,2026-02-26
Arthémonay,26014,26,2021-04-04 12:43:00,100,1,44.28,2021-12-16,2021-12-16
Arveyres,33015,33,2021-08-23 11:44:00,15,2,431.0,2022-06-29,2022-11-22
Arvieu,12011,12,2021-03-05 17:00:00,70000,11,1896.0,2021-10-20,2026-04-24
Arès,33011,33,2021-08-23 16:33:00,5000,2,409.0,2024-01-30,2024-09-06
Arès,33011,33,2021-09-07 03:12:00,15000,2,409.0,2024-01-30,2024-09-06
Aspremont,05008,05,2021-04-01 19:42:00,3300,1,200.0,2025-05-20,2025-05-20
Assac,81019,81,2021-07-18 15:39:00,10000,6,988.0,2022-06-22,2026-02-18
Athée-sur-Cher,37008,37,2021-04-08 14:01:00,2000,3,660.0,2025-03-26,2025-09-01
Aubagne,13005,13,2021-07-01 14:25:00,1200,16,2066.9,2022-03-22,2026-04-01
Aubagne,13005,13,2021-07-08 18:50:00,20,16,2066.9,2022-03-22,2026-04-01
Aubagne,13005,13,2021-07-08 20:29:00,50,16,2066.9,2022-03-22,2026-04-01
Aubagne,13005,13,2021-07-13 17:38:00,200,16,2066.9,2022-03-22,2026-04-01
Aubagne,13005,13,2021-07-16 11:25:00,30,16,2066.9,2022-03-22,2026-04-01
Aubagne,13005,13,2021-08-11 14:50:00,800,16,2066.9,2022-03-22,2026-04-01
Aubagne,13005,13,2021-10-07 08:26:00,300,16,2066.9,2022-03-22,2026-04-01
Aurice,40020,40,2021-04-07 15:42:00,20000,1,250.0,2025-12-17,2025-12-17
Auriol,13007,13,2021-03-04 08:05:00,300,1,80.0,2022-01-25,2022-01-25
Auriol,13007,13,2021-03-25 17:27:00,1000,1,80.0,2022-01-25,2022-01-25
Auriol,13007,13,2021-04-06 16:45:00,803300,1,80.0,2022-01-25,2022-01-25
Auriol,13007,13,2021-06-13 19:34:00,40,1,80.0,2022-01-25,2022-01-25
Auriol,13007,13,2021-07-09 13:50:00,150,1,80.0,2022-01-25,2022-01-25
Auriol,13007,13,2021-07-16 11:55:00,20,1,80.0,2022-01-25,2022-01-25
Autignac,34018,34,2021-08-23 12:36:00,12554,1,100.0,2025-10-24,2025-10-24
Avensan,33022,33,2021-04-01 00:53:00,20000,2,215.0,2021-08-17,2025-11-21
Avensan,33022,33,2021-04-03 16:19:00,3038300,2,215.0,2021-08-17,2025-11-21
Avignonet,38023,38,2021-09-14 15:32:00,1,1,115.0,2024-08-19,2024-08-19
Bages,66011,66,2021-06-15 12:55:00,30000,7,1202.0,2023-07-27,2025-09-22
Bagnols-sur-Cèze,30028,30,2021-03-28 20:06:00,2500,3,423.0,2021-04-27,2026-03-17
Baho,66012,66,2021-06-03 19:00:00,10000,4,4586.0,2023-01-26,2024-11-27
Baho,66012,66,2021-07-08 15:01:00,5000,4,4586.0,2023-01-26,2024-11-27
Baho,66012,66,2021-07-08 19:03:00,2000,4,4586.0,2023-01-26,2024-11-27
Baho,66012,66,2021-07-19 13:17:00,304530,4,4586.0,2023-01-26,2024-11-27
Baixas,66014,66,2021-08-17 14:58:00,4000,1,90.0,2022-08-29,2022-08-29
Ballan-Miré,37018,37,2021-03-26 14:49:00,400,6,1219.78,2021-10-06,2025-10-15
Ban-de-Laveline,88032,88,2021-04-01 14:40:00,500,2,485.0,2024-01-25,2025-09-17
Banne,07024,07,2021-04-02 16:54:00,10000,1,264.0,2024-11-20,2024-11-20
Banne,07024,07,2021-04-13 16:09:00,124000,1,264.0,2024-11-20,2024-11-20
Banyuls-dels-Aspres,66015,66,2021-06-01 15:33:00,4000,4,12322.0,2021-09-22,2025-11-17
Banyuls-dels-Aspres,66015,66,2021-06-09 12:12:00,30000,4,12322.0,2021-09-22,2025-11-17
Barbentane,13010,13,2021-09-06 20:14:00,15,4,789.6,2022-09-28,2026-02-20
Barguelonne-en-Quercy,46263,46,2021-04-19 16:09:00,5000,1,89.0,2022-09-29,2022-09-29
Barjols,83012,83,2021-08-25 19:29:00,300,1,90.0,2025-04-28,2025-04-28
Bastelica,2A031,2A,2021-02-27 12:56:00,1,2,184.14,2021-06-23,2025-11-06
Bastelica,2A031,2A,2021-04-26 16:20:00,200,2,184.14,2021-06-23,2025-11-06
Bastelicaccia,2A032,2A,2021-10-04 12:13:00,1335,2,186.39,2022-04-27,2022-04-27
Bastelicaccia,2A032,2A,2021-10-12 14:48:00,1000,2,186.39,2022-04-27,2022-04-27
Bastia,2B033,2B,2021-02-04 17:10:00,10000,8,799.4200000000001,2021-06-23,2025-12-18
Bastia,2B033,2B,2021-09-06 15:54:00,4000,7,699.58,2023-05-16,2025-12-18
Baugé-en-Anjou,49018,49,2021-09-02 19:40:00,10000,32,5736.0,2022-01-24,2026-03-27
Bayonne,64102,64,2021-03-22 15:18:26,2,6,518.6,2021-09-02,2026-05-11
Beaucaire,30032,30,2021-08-17 16:45:00,10744,17,41267.9,2021-09-07,2026-05-19
Beaujeu,04024,04,2021-08-01 16:59:00,6500,1,175.0,2024-10-24,2024-10-24
Beaumes-de-Venise,84012,84,2021-08-17 01:59:00,2397000,2,250.0,2025-04-29,2025-09-19
Beaurepaire,38034,38,2021-07-27 16:03:00,300,6,929.0,2022-02-22,2025-01-27
Belin-Béliet,33042,33,2021-04-06 06:20:00,25000,2,148.6,2021-05-06,2023-04-20
Bellefontaine,97234,972,2021-02-12 10:21:00,2000,1,36.27,2022-11-23,2022-11-23
Bellefontaine,88048,88,2021-03-06 15:36:00,2,1,136.0,2024-12-19,2024-12-19
Bernis,30036,30,2021-04-20 18:40:00,700,3,462.0,2023-06-21,2025-09-10
Berre-l'Étang,13014,13,2021-05-29 22:38:00,200,12,6503.6,2022-05-30,2026-04-15
Berre-l'Étang,13014,13,2021-07-15 17:20:00,100,12,6503.6,2022-05-30,2026-04-15
Berre-l'Étang,13014,13,2021-07-23 05:34:00,70,12,6503.6,2022-05-30,2026-04-15
Bersac-sur-Rivalier,87013,87,2021-04-14 16:00:00,200,6,686.4,2022-11-17,2025-03-12
Berzème,07032,07,2021-03-31 16:59:00,15000,5,403.5,2021-06-16,2025-04-30
Bessas,07033,07,2021-08-30 14:32:00,1000,1,99.0,2022-02-25,2022-02-25
Beynac,87015,87,2021-04-22 23:46:00,2000,4,750.0,2023-05-15,2025-10-14
Beynes,04028,04,2021-03-04 12:49:00,12300,2,189.0,2023-04-26,2024-07-18
Bidarray,64124,64,2021-03-30 17:10:01,500,1,159.0,2026-02-13,2026-02-13
Biganos,33051,33,2021-04-02 22:04:00,200,2,224.0,2025-01-31,2025-02-05
Billère,64129,64,2021-10-26 08:16:30,4,2,244.0,2023-10-17,2025-02-25
Biscarrosse,40046,40,2021-04-04 08:56:00,200,4,610.4,2021-10-19,2025-05-19
Biscarrosse,40046,40,2021-06-13 16:37:00,30000,4,610.4,2021-10-19,2025-05-19
Blanquefort,33056,33,2021-10-18 16:04:00,500,15,16429.0,2022-02-26,2026-05-05
Blois,41018,41,2021-04-05 19:07:00,200,10,2991.0,2023-04-27,2026-01-21
Blois,41018,41,2021-04-19 09:05:00,21,10,2991.0,2023-04-27,2026-01-21
Blois,41018,41,2021-04-25 15:04:00,40,10,2991.0,2023-04-27,2026-01-21
Blois,41018,41,2021-08-21 21:22:00,10,10,2991.0,2023-04-27,2026-01-21
Blois,41018,41,2021-08-22 06:47:00,10,10,2991.0,2023-04-27,2026-01-21
Blois,41018,41,2021-09-08 06:24:00,30,10,2991.0,2023-04-27,2026-01-21
Blond,87018,87,2021-04-08 19:24:00,1500,8,1350.0,2021-06-02,2025-10-24
Bogny-sur-Meuse,08081,08,2021-04-26 13:46:00,65000,1,97.0,2024-10-29,2024-10-29
Boissières,46032,46,2021-05-04 18:47:00,3000,1,88.0,2022-05-25,2022-05-25
Boissières,46032,46,2021-08-24 18:27:00,3800,1,88.0,2022-05-25,2022-05-25
Bollène,84019,84,2021-08-06 11:19:00,2,7,5073.0,2024-03-18,2025-07-07
Bonifacio,2A041,2A,2021-02-18 22:16:00,20,5,499.56,2022-04-26,2023-09-28
Bonneuil-Matours,86032,86,2021-09-18 10:23:28,900,1,353.33,2025-05-27,2025-05-27
Borgo,2B042,2B,2021-09-07 14:01:00,12000,19,1826.12,2022-02-01,2025-08-28
Bormes-les-Mimosas,83019,83,2021-10-20 12:50:00,1000,1,110.0,2025-11-07,2025-11-07
Boscamnant,17055,17,2021-03-17 17:55:00,20000,1,101.0,2024-11-15,2024-11-15
Bouc-Bel-Air,13015,13,2021-08-09 16:24:00,9100,3,720.0,2024-04-09,2025-08-12
Bouc-Bel-Air,13015,13,2021-08-09 19:11:00,300,3,720.0,2024-04-09,2025-08-12
Bouc-Bel-Air,13015,13,2021-08-11 13:59:00,2,3,720.0,2024-04-09,2025-08-12
Boucau,64140,64,2021-03-10 16:25:40,10,1,90.0,2025-03-04,2025-03-04
Bouillac,82020,82,2021-08-19 15:39:00,20000,5,948.0,2023-02-01,2025-10-08
Boulazac Isle Manoire,24053,24,2021-04-15 17:44:00,100000,18,3469.36,2021-06-24,2025-12-19
Boulazac Isle Manoire,24053,24,2021-04-19 17:21:00,1000,18,3469.36,2021-06-24,2025-12-19
Boulbon,13017,13,2021-08-29 17:51:00,300,1,119.0,2025-08-20,2025-08-20
Bourdeilles,24055,24,2021-03-01 19:14:00,3000,3,470.0,2021-03-16,2025-08-11
Bourideys,33068,33,2021-04-07 18:53:00,3000,1,250.0,2025-01-09,2025-01-09
Bouzy-la-Forêt,45049,45,2021-03-28 15:37:00,5000,6,1176.2,2023-12-12,2025-09-18
Bouzy-la-Forêt,45049,45,2021-08-14 17:37:00,400,6,1176.2,2023-12-12,2025-09-18
Bozouls,12033,12,2021-02-27 16:00:00,1000,14,2171.0,2022-03-01,2026-05-11
Brain-sur-Allonnes,49041,49,2021-04-07 22:00:00,10000,5,836.0,2021-04-16,2026-03-04
Brain-sur-Allonnes,49041,49,2021-04-08 14:21:00,4000,5,836.0,2021-04-16,2026-03-04
Brain-sur-Allonnes,49041,49,2021-04-09 18:33:00,30000,5,836.0,2021-04-16,2026-03-04
Brain-sur-Allonnes,49041,49,2021-04-19 16:41:00,40000,4,737.0,2021-06-21,2026-03-04
Brain-sur-Allonnes,49041,49,2021-04-20 14:36:00,5000,4,737.0,2021-06-21,2026-03-04
Brain-sur-Allonnes,49041,49,2021-04-25 14:35:00,15000,4,737.0,2021-06-21,2026-03-04
Brain-sur-Allonnes,49041,49,2021-08-24 22:45:00,10000,3,648.0,2022-04-07,2026-03-04
Brain-sur-Allonnes,49041,49,2021-09-04 18:25:00,5000,3,648.0,2022-04-07,2026-03-04
Brain-sur-Allonnes,49041,49,2021-09-05 15:39:00,10000,3,648.0,2022-04-07,2026-03-04
Brain-sur-Allonnes,49041,49,2021-09-07 10:14:00,20000,3,648.0,2022-04-07,2026-03-04
Brain-sur-Allonnes,49041,49,2021-09-16 18:44:00,5000,3,648.0,2022-04-07,2026-03-04
Bras,83021,83,2021-04-06 13:04:00,20000,5,7908.0,2021-07-30,2026-05-26
Brens,81038,81,2021-05-08 18:03:00,200,5,825.0,2024-12-11,2026-05-12
Brié-et-Angonnes,38059,38,2021-03-25 17:49:00,50,2,350.0,2023-12-06,2025-06-24
Bruyères,88078,88,2021-02-21 16:45:00,2,1,45.0,2023-06-12,2023-06-12
Bréziers,05022,05,2021-03-30 16:55:00,11200,5,673.9,2023-05-24,2024-11-07
Budelière,23035,23,2021-04-27 14:03:00,500,5,1067.8,2022-06-09,2026-05-27
Buzy,64157,64,2021-04-05 15:33:35,300,5,809.0,2022-06-29,2026-02-16
Bèze,21071,21,2021-04-27 17:27:00,10000,1,82.8,2023-04-11,2023-04-11
Bélus,40034,40,2021-08-27 17:46:00,1000,2,470.0,2024-07-15,2024-10-23
Béziers,34032,34,2021-06-12 15:32:00,41598,35,7208.6,2022-03-07,2026-04-29
Béziers,34032,34,2021-06-16 13:55:00,9013,35,7208.6,2022-03-07,2026-04-29
Cabasse,83026,83,2021-04-13 16:15:00,1500,1,100.0,2025-10-08,2025-10-08
Cabriès,13019,13,2021-07-07 16:48:00,100,2,270.2,2024-05-21,2025-06-11
Cabriès,13019,13,2021-07-13 17:46:00,50,2,270.2,2024-05-21,2025-06-11
Cabriès,13019,13,2021-07-22 15:24:00,200,2,270.2,2024-05-21,2025-06-11
Cabriès,13019,13,2021-07-24 00:37:00,1000,2,270.2,2024-05-21,2025-06-11
Cabriès,13019,13,2021-07-26 15:41:00,18800,2,270.2,2024-05-21,2025-06-11
Cabriès,13019,13,2021-08-14 23:11:00,4,2,270.2,2024-05-21,2025-06-11
Cabriès,13019,13,2021-08-15 15:05:00,100,2,270.2,2024-05-21,2025-06-11
Cabriès,13019,13,2021-08-30 12:09:00,50,2,270.2,2024-05-21,2025-06-11
Cadaujac,33080,33,2021-04-09 00:57:00,5000,1,46.0,2024-10-29,2024-10-29
Cadenet,84026,84,2021-07-22 04:14:00,1000,5,646.0,2022-01-07,2024-12-16
Cagnes-sur-Mer,06027,06,2021-08-20 03:50:00,1000,4,493.7,2022-09-05,2024-12-11
Calcatoggio,2A048,2A,2021-03-30 16:39:00,10000,1,99.76,2024-10-24,2024-10-24
Calcatoggio,2A048,2A,2021-06-18 13:10:00,100,1,99.76,2024-10-24,2024-10-24
Calcatoggio,2A048,2A,2021-07-29 20:02:00,200,1,99.76,2024-10-24,2024-10-24
Calcatoggio,2A048,2A,2021-08-24 12:37:00,140,1,99.76,2024-10-24,2024-10-24
Calcatoggio,2A048,2A,2021-10-12 15:51:00,4,1,99.76,2024-10-24,2024-10-24
Calcatoggio,2A048,2A,2021-10-19 11:04:00,5,1,99.76,2024-10-24,2024-10-24
Calce,66030,66,2021-02-05 17:48:00,2500,2,165.0,2025-10-16,2025-10-23
Calce,66030,66,2021-04-09 15:54:00,5000,2,165.0,2025-10-16,2025-10-23
Calenzana,2B049,2B,2021-02-17 16:12:00,3000,4,361.49,2021-09-21,2023-12-23
Calenzana,2B049,2B,2021-03-22 17:35:00,3000,4,361.49,2021-09-21,2023-12-23
Calenzana,2B049,2B,2021-06-13 14:39:00,15000,4,361.49,2021-09-21,2023-12-23
Calenzana,2B049,2B,2021-06-18 15:29:00,8000,4,361.49,2021-09-21,2023-12-23
Callas,83028,83,2021-06-29 15:48:00,200,1,149.0,2023-10-16,2023-10-16
Callian,83029,83,2021-09-20 19:37:00,2,2,480.0,2025-02-12,2025-02-12
Calvi,2B050,2B,2021-10-26 12:45:00,5000,8,799.87,2023-02-21,2025-11-20
Cambayrac,46050,46,2021-02-27 18:26:00,200,1,186.0,2024-07-24,2024-07-24
Camps-la-Source,83030,83,2021-03-29 14:30:00,1500,1,250.0,2024-04-15,2024-04-15
Campsas,82027,82,2021-03-29 13:56:00,400,5,942.0,2023-07-07,2025-05-27
Canale-di-Verde,2B057,2B,2021-05-31 13:25:00,20000,7,658.4200000000001,2021-10-13,2023-12-27
Candé-sur-Beuvron,41029,41,2021-08-28 09:37:00,3,1,80.0,2024-09-30,2024-09-30
Canet-en-Roussillon,66037,66,2021-06-14 16:09:00,10000,9,1397.6,2021-09-13,2026-01-05
Canet-en-Roussillon,66037,66,2021-08-23 14:27:00,20000,9,1397.6,2021-09-13,2026-01-05
Canet-en-Roussillon,66037,66,2021-09-29 16:22:00,10000,8,1298.6,2023-04-11,2026-01-05
Cantoin,12051,12,2021-04-09 19:00:00,10000,4,796.0,2024-02-09,2024-04-22
Canéjan,33090,33,2021-05-03 09:37:00,20,6,911.0,2022-07-18,2026-02-16
Capavenir Vosges,88465,88,2021-04-07 17:30:00,7500,7,746.6,2024-03-19,2026-05-15
Capendu,11068,11,2021-05-08 07:31:00,20,5,758.4,2022-09-02,2026-02-19
Capendu,11068,11,2021-05-09 00:57:00,2000,5,758.4,2022-09-02,2026-02-19
Capendu,11068,11,2021-05-18 23:02:00,173,5,758.4,2022-09-02,2026-02-19
Capendu,11068,11,2021-05-19 22:11:00,1500,5,758.4,2022-09-02,2026-02-19
Capendu,11068,11,2021-05-25 21:03:00,2821,5,758.4,2022-09-02,2026-02-19
Capendu,11068,11,2021-06-06 16:18:00,7723,5,758.4,2022-09-02,2026-02-19
Carcassonne,11069,11,2021-04-26 15:28:00,6000,36,8607.48,2021-11-02,2026-05-26
Carcassonne,11069,11,2021-06-22 17:37:00,4,36,8607.48,2021-11-02,2026-05-26
Carcassonne,11069,11,2021-06-29 18:58:00,10593,36,8607.48,2021-11-02,2026-05-26
Carcassonne,11069,11,2021-06-30 18:16:00,5156,36,8607.48,2021-11-02,2026-05-26
Carcassonne,11069,11,2021-07-01 21:04:00,6668,36,8607.48,2021-11-02,2026-05-26
Carcassonne,11069,11,2021-07-08 12:10:00,20,36,8607.48,2021-11-02,2026-05-26
Carcassonne,11069,11,2021-07-09 12:03:00,1797,36,8607.48,2021-11-02,2026-05-26
Carcassonne,11069,11,2021-07-24 18:15:00,4554,36,8607.48,2021-11-02,2026-05-26
Carcassonne,11069,11,2021-07-24 22:09:00,415,36,8607.48,2021-11-02,2026-05-26
Carcassonne,11069,11,2021-07-25 19:36:00,6963,36,8607.48,2021-11-02,2026-05-26
Carcassonne,11069,11,2021-07-25 20:41:00,15,36,8607.48,2021-11-02,2026-05-26
Carcassonne,11069,11,2021-07-26 00:35:00,1,36,8607.48,2021-11-02,2026-05-26
Carcassonne,11069,11,2021-07-27 14:07:00,6183,36,8607.48,2021-11-02,2026-05-26
Carcassonne,11069,11,2021-07-27 20:51:00,10,36,8607.48,2021-11-02,2026-05-26
Carcassonne,11069,11,2021-08-12 21:33:00,10,36,8607.48,2021-11-02,2026-05-26
Carcassonne,11069,11,2021-08-16 05:55:00,150,36,8607.48,2021-11-02,2026-05-26
Carcassonne,11069,11,2021-08-18 14:30:00,9424,36,8607.48,2021-11-02,2026-05-26
Carcassonne,11069,11,2021-08-19 16:54:00,630,36,8607.48,2021-11-02,2026-05-26
Carcassonne,11069,11,2021-08-20 17:38:00,2403,36,8607.48,2021-11-02,2026-05-26
Carcassonne,11069,11,2021-08-22 03:57:00,350,36,8607.48,2021-11-02,2026-05-26
Carcassonne,11069,11,2021-08-22 13:11:00,2160,36,8607.48,2021-11-02,2026-05-26
Carcassonne,11069,11,2021-08-22 13:43:00,3220,36,8607.48,2021-11-02,2026-05-26
Carcassonne,11069,11,2021-08-22 15:07:00,11088,36,8607.48,2021-11-02,2026-05-26
Carcassonne,11069,11,2021-08-23 19:53:00,8755,36,8607.48,2021-11-02,2026-05-26
Carcassonne,11069,11,2021-08-28 10:51:00,2417,36,8607.48,2021-11-02,2026-05-26
Cargèse,2A065,2A,2021-05-10 13:41:00,50,1,99.0,2022-05-05,2022-05-05
Carnoules,83033,83,2021-05-20 16:31:00,20,3,398.0,2022-06-21,2025-05-05
Cars,33100,33,2021-04-22 12:29:00,500,4,869.0,2023-07-10,2025-08-07
Casseneuil,47049,47,2021-04-23 14:26:02,8,6,957.8,2024-06-13,2026-03-10
Cast,29025,29,2021-04-30 14:50:00,250,1,89.0,2023-01-04,2023-01-04
Castagniers,06034,06,2021-03-30 18:37:00,1000,1,238.0,2021-09-17,2021-09-17
Castellane,04039,04,2021-02-25 15:05:00,11600,2,198.45,2022-05-17,2024-10-30
Castellare-di-Casinca,2B077,2B,2021-10-13 14:26:00,10000,3,299.6,2022-12-01,2023-07-19
Castelnau-d'Aude,11077,11,2021-03-16 15:27:00,16700,1,3630.0,2024-11-18,2024-11-18
Castelnau-d'Aude,11077,11,2021-03-23 17:35:00,61434,1,3630.0,2024-11-18,2024-11-18
Castelnou,66044,66,2021-04-05 07:34:00,2000,2,375.0,2025-08-12,2025-08-12
Castelnou,66044,66,2021-07-13 01:54:00,2000,2,375.0,2025-08-12,2025-08-12
Castillon-du-Gard,30073,30,2021-01-29 11:07:00,40000,1,70.0,2025-03-10,2025-03-10
Caux,34063,34,2021-06-23 21:19:00,6465,1,250.0,2024-12-06,2024-12-06
Cavaillon,84035,84,2021-07-19 18:29:00,3800,30,11145.2,2022-02-08,2026-05-21
Cercoux,17077,17,2021-03-24 18:05:00,1000,4,371.0,2022-08-30,2025-06-20
Cercoux,17077,17,2021-04-08 14:01:00,1018000,4,371.0,2022-08-30,2025-06-20
Cercoux,17077,17,2021-04-21 12:44:00,15000,4,371.0,2022-08-30,2025-06-20
Cessenon-sur-Orb,34074,34,2021-01-20 17:28:00,4416,2,209.8,2024-01-30,2025-10-14
Cessenon-sur-Orb,34074,34,2021-06-12 16:06:00,2557,2,209.8,2024-01-30,2025-10-14
Cessenon-sur-Orb,34074,34,2021-10-13 13:23:00,20000,2,209.8,2024-01-30,2025-10-14
Cestas,33122,33,2021-08-20 18:00:00,1994,23,6165.0,2021-10-07,2026-03-19
Ceton,61079,61,2021-03-03 15:51:00,1000,12,1488.38,2022-01-25,2026-02-27
Chalais,86049,86,2021-05-31 16:34:24,120,2,308.0,2023-05-17,2023-07-13
Champagnac-de-Belair,24096,24,2021-04-19 17:40:00,3000,4,514.06,2021-06-08,2024-06-27
Champagné,72054,72,2021-09-08 10:40:00,300,1,450.0,2024-07-18,2024-07-18
Chanac,48039,48,2021-08-19 13:48:00,9300,1,100.0,2025-06-20,2025-06-20
Chanac-les-Mines,19041,19,2021-04-08 20:01:00,10000,1,198.0,2025-11-25,2025-11-25
Changé,72058,72,2021-04-29 13:02:00,5,2,154.0,2021-06-23,2026-05-04
Changé,72058,72,2021-09-08 11:28:00,1500,1,55.0,2026-05-04,2026-05-04
Changé,72058,72,2021-09-08 15:49:00,1,1,55.0,2026-05-04,2026-05-04
Chapareillan,38075,38,2021-02-18 12:00:00,10275,2,160.0,2024-10-24,2025-07-21
Chapareillan,38075,38,2021-02-22 13:43:00,50,2,160.0,2024-10-24,2025-07-21
Chapareillan,38075,38,2021-02-28 11:28:00,1000,2,160.0,2024-10-24,2025-07-21
Chapareillan,38075,38,2021-03-26 17:48:00,3500,2,160.0,2024-10-24,2025-07-21
Charleville-Mézières,08105,08,2021-04-25 17:27:00,15000,3,384.75,2025-01-22,2025-09-30
Charron,23054,23,2021-04-10 11:56:00,50,1,245.0,2023-12-27,2023-12-27
Chenac-Saint-Seurin-d'Uzet,17098,17,2021-04-10 07:18:00,11300,1,250.0,2026-05-26,2026-05-26
Choisy,74076,74,2021-03-30 19:04:00,2000,2,246.03000000000003,2024-09-04,2025-09-10
Chorges,05040,05,2021-04-11 15:39:00,40,16,2276.8,2022-02-23,2026-01-08
Chusclan,30081,30,2021-03-10 11:38:00,5000,1,88.0,2026-03-09,2026-03-09
Châbons,38065,38,2021-08-30 14:28:00,15,1,246.8,2024-07-12,2024-07-12
Châteauneuf-Grasse,06038,06,2021-02-28 11:40:00,500,1,56.0,2023-03-09,2023-03-09
Châteauneuf-Grasse,06038,06,2021-08-28 11:11:00,400,1,56.0,2023-03-09,2023-03-09
Châteauneuf-le-Rouge,13025,13,2021-01-27 14:58:00,5,2,321.0,2023-03-10,2024-06-06
Châteauneuf-les-Martigues,13026,13,2021-06-11 17:30:00,300,4,795.0,2022-02-23,2026-04-03
Châteauneuf-les-Martigues,13026,13,2021-07-14 14:46:00,150,4,795.0,2022-02-23,2026-04-03
Châteauneuf-les-Martigues,13026,13,2021-09-06 13:54:00,400,4,795.0,2022-02-23,2026-04-03
Châteauneuf-sur-Charente,16090,16,2021-04-23 14:18:00,10000,3,564.0,2021-07-07,2025-03-26
Châteauponsac,87041,87,2021-05-30 18:00:00,5000,12,1961.95,2022-07-28,2026-05-21
Châteaurenard,13027,13,2021-09-04 16:58:00,50,18,14333.8,2022-10-10,2026-05-22
Châtellerault,86066,86,2021-08-12 15:16:37,200,12,5238.7,2021-12-20,2026-01-28
Chéraute,64188,64,2021-03-11 15:44:09,35000,3,570.0,2025-09-24,2026-01-07
Claira,66050,66,2021-06-25 13:53:00,40000,14,8702.0,2021-07-23,2025-10-30
Clelles,38113,38,2021-07-24 12:26:00,3000,3,286.0,2021-12-21,2026-04-28
Clermont-d'Excideuil,24124,24,2021-02-24 16:07:00,15000,1,240.0,2024-02-05,2024-02-05
Clérac,17110,17,2021-03-24 18:42:00,10000,2,440.0,2025-04-02,2025-04-02
Cogolin,83042,83,2021-08-25 14:25:00,2,3,1340.2,2023-11-27,2025-12-01
Collorgues,30086,30,2021-03-17 18:49:00,2000,3,299.0,2024-04-18,2026-01-27
Comigne,11095,11,2021-01-16 16:30:00,800,1,220.0,2025-03-06,2025-03-06
Comigne,11095,11,2021-07-19 19:00:00,25,1,220.0,2025-03-06,2025-03-06
Concarneau,29039,29,2021-07-23 00:17:00,50,7,1241.0,2023-07-06,2026-03-05
Conlie,72089,72,2021-03-10 17:10:00,2000,4,483.8,2021-03-15,2025-12-11
Conques-sur-Orbiel,11099,11,2021-08-18 12:07:00,6170,2,11911.0,2022-02-25,2025-08-20
Conques-sur-Orbiel,11099,11,2021-08-18 22:17:00,15,2,11911.0,2022-02-25,2025-08-20
Conques-sur-Orbiel,11099,11,2021-08-26 17:06:00,1590,2,11911.0,2022-02-25,2025-08-20
Conques-sur-Orbiel,11099,11,2021-08-27 17:41:00,50,2,11911.0,2022-02-25,2025-08-20
Conques-sur-Orbiel,11099,11,2021-09-06 19:20:00,1100,2,11911.0,2022-02-25,2025-08-20
Contrexéville,88114,88,2021-02-21 05:21:00,4,4,1640.0,2024-06-17,2025-06-26
Corbère-les-Cabanes,66056,66,2021-05-22 18:44:00,2000,1,88.0,2024-10-22,2024-10-22
Corbère-les-Cabanes,66056,66,2021-07-18 19:22:00,1000,1,88.0,2024-10-22,2024-10-22
Corneilla-la-Rivière,66058,66,2021-05-17 10:32:00,15000,2,187.8,2026-04-08,2026-05-07
Corte,2B096,2B,2021-03-27 14:54:00,123000,7,682.52,2021-07-22,2024-04-11
Corte,2B096,2B,2021-07-13 17:16:00,20000,7,682.52,2021-07-22,2024-04-11
Corte,2B096,2B,2021-08-02 16:34:00,811,6,582.62,2021-12-01,2024-04-11
Corte,2B096,2B,2021-08-15 12:35:00,3000,6,582.62,2021-12-01,2024-04-11
Cotignac,83046,83,2021-04-03 11:23:00,1000,1,99.0,2024-06-21,2024-06-21
Coudoux,13118,13,2021-09-21 15:25:00,200,1,83.0,2022-03-30,2022-03-30
Coudrecieux,72094,72,2021-04-16 18:42:00,20,3,335.76,2022-02-16,2025-02-04
Coulaures,24137,24,2021-05-03 15:24:00,20000,2,334.0,2022-03-07,2025-08-04
Cour-et-Buis,38134,38,2021-08-23 16:45:00,200,2,255.0,2024-01-16,2024-01-16
Couzeix,87050,87,2021-04-02 14:36:00,1000,3,459.0,2024-01-09,2026-03-12
Couëtron-au-Perche,41248,41,2021-04-09 19:39:00,15,1,82.8,2021-04-13,2021-04-13
Cros-de-Géorand,07075,07,2021-04-01 13:00:00,8000,2,400.0,2025-10-07,2025-10-07
Crouy-sur-Cosson,41071,41,2021-04-25 14:14:00,500,1,250.0,2024-08-01,2024-08-01
Cruscades,11111,11,2021-08-25 20:37:00,1194,5,7690.0,2023-03-28,2025-11-27
Cuttoli-Corticchiato,2A103,2A,2021-06-03 18:12:00,1095,2,150.0,2024-10-09,2025-06-17
Cuttoli-Corticchiato,2A103,2A,2021-07-24 16:20:00,30,2,150.0,2024-10-09,2025-06-17
Cuttoli-Corticchiato,2A103,2A,2021-08-07 14:58:00,35000,2,150.0,2024-10-09,2025-06-17
Cuttoli-Corticchiato,2A103,2A,2021-09-25 15:26:00,2677,2,150.0,2024-10-09,2025-06-17
Cuttoli-Corticchiato,2A103,2A,2021-10-14 16:00:00,16000,2,150.0,2024-10-09,2025-06-17
Cuxac-d'Aude,11116,11,2021-06-14 15:01:00,5000,8,4128.9,2022-06-16,2026-03-25
Cuxac-d'Aude,11116,11,2021-09-03 01:10:00,10,8,4128.9,2022-06-16,2026-03-25
Cuzorn,47077,47,2021-04-19 14:27:55,5,1,250.0,2024-07-09,2024-07-09
Cère,40081,40,2021-08-11 21:13:00,1000,3,32736.0,2025-12-09,2025-12-09
Céret,66049,66,2021-04-23 15:48:00,10000,6,884.0,2022-01-06,2025-12-30
Céret,66049,66,2021-06-09 14:21:00,2000,6,884.0,2022-01-06,2025-12-30
Céret,66049,66,2021-07-02 14:14:00,1260,6,884.0,2022-01-06,2025-12-30
Céret,66049,66,2021-07-23 15:28:00,300,6,884.0,2022-01-06,2025-12-30
Cœur de Causse,46138,46,2021-09-01 17:16:00,3000,3,590.0,2023-01-03,2025-06-27
Devesset,07080,07,2021-09-06 17:46:00,20,2,330.0,2024-07-04,2025-01-27
Dierre,37096,37,2021-04-07 17:18:00,2500,1,46.0,2025-10-02,2025-10-02
Digne-les-Bains,04070,04,2021-02-21 14:59:00,7400,7,944.9,2022-10-19,2025-05-26
Digne-les-Bains,04070,04,2021-03-18 13:37:00,31700,7,944.9,2022-10-19,2025-05-26
Digne-les-Bains,04070,04,2021-07-13 03:19:00,2000,7,944.9,2022-10-19,2025-05-26
Dolus-d'Oléron,17140,17,2021-04-18 15:10:00,800,3,402.0,2021-06-10,2025-05-05
Dolus-d'Oléron,17140,17,2021-04-18 16:20:00,200,3,402.0,2021-06-10,2025-05-05
Domazan,30103,30,2021-08-15 15:44:00,1409,2,360.0,2024-03-18,2024-06-25
Dommartin-lès-Remiremont,88148,88,2021-04-04 16:18:00,1,1,4390.0,2024-03-26,2024-03-26
Dompaire,88151,88,2021-04-09 23:45:00,1,5,839.0,2025-02-20,2025-10-21
Douville,24155,24,2021-04-24 12:11:00,5000,3,410.0,2022-02-09,2026-05-13
Ducos,97207,972,2021-04-07 16:28:00,2500,35,2887.13,2021-04-21,2025-12-29
Ducos,97207,972,2021-05-21 11:24:00,5,34,2787.23,2021-06-14,2025-12-29
Durban-Corbières,11124,11,2021-07-12 12:50:00,6000,1,210.0,2024-07-30,2024-07-30
Durban-Corbières,11124,11,2021-08-17 03:02:00,243000,1,210.0,2024-07-30,2024-07-30
Elne,66065,66,2021-05-29 09:59:00,4000,10,1537.0,2021-10-25,2026-05-27
Embrun,05046,05,2021-02-23 15:00:00,100,10,1137.0,2022-03-21,2026-04-01
Embrun,05046,05,2021-07-24 00:39:00,400,10,1137.0,2022-03-21,2026-04-01
Embrun,05046,05,2021-11-10 12:19:00,30,10,1137.0,2022-03-21,2026-04-01
Ensuès-la-Redonne,13033,13,2021-07-03 19:20:00,10,7,6084.0,2023-09-07,2025-12-03
Ensuès-la-Redonne,13033,13,2021-07-16 14:08:00,10,7,6084.0,2023-09-07,2025-12-03
Ensuès-la-Redonne,13033,13,2021-07-28 16:28:00,20,7,6084.0,2023-09-07,2025-12-03
Ensuès-la-Redonne,13033,13,2021-10-20 20:56:00,200,7,6084.0,2023-09-07,2025-12-03
Entraygues-sur-Truyère,12094,12,2021-02-22 01:00:00,60000,1,220.0,2024-01-23,2024-01-23
Enveitg,66066,66,2021-03-29 14:29:00,3000,2,170.0,2022-06-21,2023-01-10
Escource,40094,40,2021-08-30 15:17:00,2000,6,909.0,2022-10-12,2025-05-22
Espelette,64213,64,2021-03-30 09:16:49,3,1,99.0,2025-10-30,2025-10-30
Espezel,11130,11,2021-04-17 15:27:00,2500,3,449.8,2022-06-07,2023-02-23
Espira-de-l'Agly,66069,66,2021-01-26 11:54:00,5000,3,3263.0,2022-02-22,2025-09-22
Espira-de-l'Agly,66069,66,2021-03-22 00:46:00,10000,3,3263.0,2022-02-22,2025-09-22
Espira-de-l'Agly,66069,66,2021-04-06 05:06:00,100000,3,3263.0,2022-02-22,2025-09-22
Espira-de-l'Agly,66069,66,2021-07-25 05:21:00,10000,3,3263.0,2022-02-22,2025-09-22
Espira-de-l'Agly,66069,66,2021-08-19 06:08:00,10000,3,3263.0,2022-02-22,2025-09-22
Espira-de-l'Agly,66069,66,2021-11-05 15:44:00,2000,3,3263.0,2022-02-22,2025-09-22
Espira-de-l'Agly,66069,66,2021-11-06 08:50:00,40000,3,3263.0,2022-02-22,2025-09-22
Estérençuby,64218,64,2021-03-31 06:06:32,5,1,249.6,2025-01-06,2025-01-06
Eygalières,13034,13,2021-03-16 16:10:00,4000,3,760.0,2022-07-12,2025-10-15
Eygliers,05052,05,2021-03-04 20:09:00,350,4,412.0,2025-06-26,2025-12-03
Eygliers,05052,05,2021-03-06 19:59:00,100,4,412.0,2025-06-26,2025-12-03
Eyguières,13035,13,2021-06-13 18:40:00,600,17,12522.4,2021-09-22,2026-03-09
Fargues,33164,33,2021-06-13 13:25:00,3000,1,220.0,2025-10-14,2025-10-14
Favalello,2B110,2B,2021-08-27 13:29:00,3500,1,99.18,2021-12-01,2021-12-01
Faycelles,46100,46,2021-10-11 15:46:00,2000,2,209.76999999999998,2022-12-01,2022-12-01
Feliceto,2B112,2B,2021-08-16 22:24:00,37000,1,99.99,2024-10-02,2024-10-02
Feliceto,2B112,2B,2021-08-27 05:45:00,500,1,99.99,2024-10-02,2024-10-02
Ferdrupt,88170,88,2021-04-22 23:14:00,2,1,100.0,2025-05-23,2025-05-23
Ferrals-les-Corbières,11140,11,2021-05-18 17:55:00,2200,1,2500.0,2021-08-10,2021-08-10
Ferrals-les-Corbières,11140,11,2021-07-01 12:23:00,124,1,2500.0,2021-08-10,2021-08-10
Ferrassières,26135,26,2021-07-01 18:06:00,2000,9,1277.0,2021-08-18,2026-02-20
Figanières,83056,83,2021-03-29 11:57:00,1500,2,12687.5,2021-04-07,2024-01-22
Figari,2A114,2A,2021-08-01 03:14:00,20,7,694.91,2022-01-11,2025-12-16
Figari,2A114,2A,2021-08-19 18:29:00,100,7,694.91,2022-01-11,2025-12-16
Figari,2A114,2A,2021-08-27 09:54:00,30,7,694.91,2022-01-11,2025-12-16
Figari,2A114,2A,2021-08-27 11:01:00,8000,7,694.91,2022-01-11,2025-12-16
Figari,2A114,2A,2021-11-20 17:31:00,10,7,694.91,2022-01-11,2025-12-16
Fitou,11144,11,2021-04-04 09:52:00,30,2,194.0,2025-03-28,2025-11-20
Fitou,11144,11,2021-05-18 10:30:00,500,2,194.0,2025-03-28,2025-11-20
Fitou,11144,11,2021-06-30 09:26:00,3000,2,194.0,2025-03-28,2025-11-20
Fitou,11144,11,2021-07-25 07:38:00,6730,2,194.0,2025-03-28,2025-11-20
Fitou,11144,11,2021-08-15 21:57:00,1,2,194.0,2025-03-28,2025-11-20
Flassans-sur-Issole,83057,83,2021-04-02 15:27:00,600,4,1020.0,2021-05-12,2025-08-08
Flassans-sur-Issole,83057,83,2021-07-16 13:38:00,50,3,780.0,2021-08-17,2025-08-08
Fleurat,23082,23,2021-04-15 18:11:00,80,2,499.0,2025-09-30,2025-11-06
Fondamente,12155,12,2021-03-30 15:00:00,60000,4,616.0,2022-02-17,2025-10-16
Font-Romeu-Odeillo-Via,66124,66,2021-03-29 14:48:00,3000,1,120.0,2025-08-25,2025-08-25
Fontainebleau,77186,77,2021-02-21 00:00:00,1,1,88.0,2025-08-01,2025-08-01
Fontainebleau,77186,77,2021-03-01 15:29:00,20,1,88.0,2025-08-01,2025-08-01
Fontainebleau,77186,77,2021-03-28 09:10:00,10,1,88.0,2025-08-01,2025-08-01
Fontainebleau,77186,77,2021-04-23 16:10:00,8500,1,88.0,2025-08-01,2025-08-01
Fontainebleau,77186,77,2021-04-25 14:12:00,10,1,88.0,2025-08-01,2025-08-01
Fontainebleau,77186,77,2021-04-25 17:40:00,2,1,88.0,2025-08-01,2025-08-01
Fontainebleau,77186,77,2021-04-27 10:24:00,1,1,88.0,2025-08-01,2025-08-01
Fontainebleau,77186,77,2021-04-28 12:57:00,1000,1,88.0,2025-08-01,2025-08-01
Fontainebleau,77186,77,2021-06-06 12:00:00,1,1,88.0,2025-08-01,2025-08-01
Fontainebleau,77186,77,2021-06-13 10:42:00,1,1,88.0,2025-08-01,2025-08-01
Fontainebleau,77186,77,2021-08-11 21:09:00,1,1,88.0,2025-08-01,2025-08-01
Fontainebleau,77186,77,2021-08-14 09:47:00,1,1,88.0,2025-08-01,2025-08-01
Fontainebleau,77186,77,2021-09-02 16:21:00,6000,1,88.0,2025-08-01,2025-08-01
Fontcouverte,11148,11,2021-05-05 14:57:00,200,3,320.0,2022-08-10,2025-05-14
Fontcouverte,11148,11,2021-10-27 13:12:00,18760,3,320.0,2022-08-10,2025-05-14
Fontjoncouse,11152,11,2021-04-20 15:38:00,10,1,110.0,2023-01-19,2023-01-19
Fontvieille,13038,13,2021-07-28 15:48:00,20,4,1559.0,2022-02-17,2025-12-15
Fontès,34103,34,2021-03-30 14:50:00,2069,1,220.0,2025-07-29,2025-07-29
Fontès,34103,34,2021-08-21 11:13:00,1962,1,220.0,2025-07-29,2025-07-29
Fos-sur-Mer,13039,13,2021-05-18 09:51:00,200,13,42175.6,2021-07-27,2025-11-12
Fos-sur-Mer,13039,13,2021-06-24 17:46:00,50,13,42175.6,2021-07-27,2025-11-12
Fos-sur-Mer,13039,13,2021-07-14 22:26:00,10,13,42175.6,2021-07-27,2025-11-12
Fos-sur-Mer,13039,13,2021-08-13 15:29:00,200,12,28225.6,2022-02-22,2025-11-12
Fos-sur-Mer,13039,13,2021-08-16 16:31:00,200,12,28225.6,2022-02-22,2025-11-12
Fournès,30116,30,2021-03-17 10:20:00,60000,2,315.0,2022-08-19,2024-05-15
Frayssinet-le-Gélat,46114,46,2021-04-01 11:02:00,5000,2,199.0,2023-06-12,2025-02-24
Froges,38175,38,2021-04-24 16:03:00,700,1,3364.0,2022-11-15,2022-11-15
Frontonas,38176,38,2021-03-27 10:28:00,20,1,96.0,2021-09-23,2021-09-23
Fussey,21289,21,2021-04-01 16:20:00,1500,1,99.0,2022-03-21,2022-03-21
Fuveau,13040,13,2021-07-04 19:06:00,300,8,1566.0,2021-09-29,2025-12-11
Fuveau,13040,13,2021-07-12 13:06:00,10,8,1566.0,2021-09-29,2025-12-11
Fuveau,13040,13,2021-08-05 15:01:00,500,8,1566.0,2021-09-29,2025-12-11
Fuveau,13040,13,2021-08-16 11:48:00,5,8,1566.0,2021-09-29,2025-12-11
Fyé,72139,72,2021-02-24 15:45:00,2,3,524.0,2022-02-10,2026-03-16
Gaillan-en-Médoc,33177,33,2021-04-24 08:59:00,20000,3,478.0,2026-01-22,2026-05-18
Gallargues-le-Montueux,30123,30,2021-07-08 15:35:00,947,5,1030.0,2022-02-25,2026-02-17
Gap,05061,05,2021-04-01 14:20:00,3100,53,10790.95,2021-05-07,2026-05-19
Gap,05061,05,2021-07-24 15:40:00,7500,51,10166.95,2021-10-27,2026-05-19
Gardanne,13041,13,2021-07-14 19:55:00,30,13,3370.45,2024-04-25,2026-05-19
Gardanne,13041,13,2021-08-09 13:22:00,1400,13,3370.45,2024-04-25,2026-05-19
Gardanne,13041,13,2021-08-13 18:31:00,410,13,3370.45,2024-04-25,2026-05-19
Gargas,84047,84,2021-04-06 11:14:00,800,1,143.0,2024-11-22,2024-11-22
Gauriaguet,33183,33,2021-04-08 10:36:00,1000,3,516.0,2025-05-20,2025-08-14
Gavaudun,47109,47,2021-10-25 11:26:29,100,1,198.0,2024-06-04,2024-06-04
Ghisonaccia,2B123,2B,2021-01-29 13:54:00,2,29,2816.01,2021-03-17,2025-12-23
Ghisonaccia,2B123,2B,2021-01-29 16:07:00,150,29,2816.01,2021-03-17,2025-12-23
Ghisonaccia,2B123,2B,2021-10-11 14:22:00,20000,17,1618.14,2021-10-12,2025-12-23
Gigean,34113,34,2021-04-15 17:46:00,8405,2,264.0,2024-12-26,2026-05-22
Gignac-la-Nerthe,13043,13,2021-08-17 19:31:00,20,3,380.0,2022-01-25,2024-12-11
Girecourt-sur-Durbion,88203,88,2021-04-25 02:13:00,100,1,90.0,2021-08-10,2021-08-10
Gièvres,41097,41,2021-01-23 17:42:00,3,7,43044.0,2023-01-04,2026-05-05
Gièvres,41097,41,2021-08-16 08:42:00,30,7,43044.0,2023-01-04,2026-05-05
Gièvres,41097,41,2021-10-21 01:20:00,30,7,43044.0,2023-01-04,2026-05-05
Gourdon,07098,07,2021-09-08 16:05:00,5000,2,235.9,2023-01-04,2025-05-15
Goutrens,12111,12,2021-02-27 16:00:00,15000,12,1978.4,2021-04-22,2025-10-13
Grabels,34116,34,2021-08-02 21:17:00,53,2,200.23000000000002,2025-02-14,2025-03-28
Granges-Aumontzey,88218,88,2021-01-02 15:40:00,2,2,494.9,2024-01-11,2025-06-02
Grans,13044,13,2021-03-16 16:04:00,400,6,6098.0,2021-12-15,2025-06-25
Grans,13044,13,2021-06-29 14:20:00,100,6,6098.0,2021-12-15,2025-06-25
Grans,13044,13,2021-08-28 11:38:00,10,6,6098.0,2021-12-15,2025-06-25
Grasse,06069,06,2021-07-28 20:47:00,800,10,1731.0,2023-05-16,2026-04-02
Graulhet,81105,81,2021-03-23 15:49:00,5000,30,7536.68,2021-06-01,2026-04-09
Grenade-sur-l'Adour,40117,40,2021-04-19 14:03:00,300,4,384.0,2022-11-07,2023-10-16
Grimaud,83068,83,2021-06-25 16:54:00,100,6,730.0,2022-03-30,2026-02-12
Grimaud,83068,83,2021-08-25 12:40:00,2,6,730.0,2022-03-30,2026-02-12
Grimaud,83068,83,2021-08-27 01:18:00,100,6,730.0,2022-03-30,2026-02-12
Grimaud,83068,83,2021-09-03 09:32:00,2,6,730.0,2022-03-30,2026-02-12
Grimaud,83068,83,2021-09-03 09:53:00,2,6,730.0,2022-03-30,2026-02-12
Griselles,45161,45,2021-08-25 16:40:00,30000,5,1146.0,2024-09-16,2025-12-26
Gros-Morne,97212,972,2021-05-18 11:44:00,10000,2,132.93,2021-05-26,2025-11-24
Grospierres,07101,07,2021-08-24 13:44:00,50,3,2465.0,2022-07-05,2023-04-06
Gruissan,11170,11,2021-04-14 14:10:00,100,3,2045.0,2022-03-24,2025-04-02
Gruissan,11170,11,2021-04-19 16:53:00,325,3,2045.0,2022-03-24,2025-04-02
Gruissan,11170,11,2021-04-19 16:53:00,2064,3,2045.0,2022-03-24,2025-04-02
Gruissan,11170,11,2021-04-19 16:53:00,2358,3,2045.0,2022-03-24,2025-04-02
Gruissan,11170,11,2021-04-19 16:53:00,3730,3,2045.0,2022-03-24,2025-04-02
Gruissan,11170,11,2021-04-19 16:53:00,5948,3,2045.0,2022-03-24,2025-04-02
Gruissan,11170,11,2021-06-10 18:28:00,200,3,2045.0,2022-03-24,2025-04-02
Gruissan,11170,11,2021-06-26 14:04:00,500,3,2045.0,2022-03-24,2025-04-02
Gruissan,11170,11,2021-07-05 17:51:00,500,3,2045.0,2022-03-24,2025-04-02
Gruissan,11170,11,2021-07-07 17:58:00,900,3,2045.0,2022-03-24,2025-04-02
Gruissan,11170,11,2021-07-15 11:58:00,20,3,2045.0,2022-03-24,2025-04-02
Gruissan,11170,11,2021-07-20 11:48:00,100,3,2045.0,2022-03-24,2025-04-02
Gruissan,11170,11,2021-07-25 17:56:00,800,3,2045.0,2022-03-24,2025-04-02
Gruissan,11170,11,2021-10-12 05:00:00,3397,3,2045.0,2022-03-24,2025-04-02
Gréoux-les-Bains,04094,04,2021-08-11 17:56:00,16900,5,462.9,2023-03-09,2025-06-13
Guer,56075,56,2021-04-06 17:00:00,10000,13,2417.0,2022-01-07,2025-09-03
Guer,56075,56,2021-04-18 17:08:00,20000,13,2417.0,2022-01-07,2025-09-03
Gémenos,13042,13,2021-09-14 02:08:00,5,13,1911.4,2022-04-11,2026-05-26
Générac,30128,30,2021-04-28 18:33:00,500,14,6194.0,2021-07-01,2025-09-11
Hasparren,64256,64,2021-03-04 18:07:18,500,7,1034.5,2022-10-03,2025-12-03
Hasparren,64256,64,2021-03-29 22:02:09,20000,7,1034.5,2022-10-03,2025-12-03
Hasparren,64256,64,2021-03-30 02:00:31,1,7,1034.5,2022-10-03,2025-12-03
Hautefage-la-Tour,47117,47,2021-04-23 14:00:26,1000,1,176.0,2026-03-25,2026-03-25
Hauterives,26148,26,2021-04-02 18:22:00,6000,8,1365.4,2022-01-26,2026-05-11
Herbault,41101,41,2021-11-04 17:56:00,10,5,766.8,2023-09-21,2026-01-14
Herm,40123,40,2021-03-30 14:05:00,2000,3,459.0,2021-10-08,2025-08-19
Heyrieux,38189,38,2021-04-18 12:24:00,200,3,523.0,2022-09-05,2025-02-04
Heyrieux,38189,38,2021-08-27 10:35:00,5,3,523.0,2022-09-05,2025-02-04
Hourtin,33203,33,2021-04-20 15:59:00,2000,7,771.6,2021-09-28,2026-01-22
Hourtin,33203,33,2021-06-01 16:40:00,1000,7,771.6,2021-09-28,2026-01-22
Houssay,41102,41,2021-05-31 17:57:00,30,4,620.0,2026-01-16,2026-05-07
Hyères,83069,83,2021-08-16 16:31:00,3000,15,2143.0,2022-10-11,2025-10-23
Ille-sur-Têt,66088,66,2021-05-08 20:24:00,6000,14,7079.9,2021-05-12,2026-05-21
Ille-sur-Têt,66088,66,2021-07-15 21:53:00,1500,12,5510.0,2021-09-01,2026-05-21
Ille-sur-Têt,66088,66,2021-07-16 13:52:00,8100,12,5510.0,2021-09-01,2026-05-21
Istres,13047,13,2021-06-08 12:45:00,10000,12,55924.0,2021-07-02,2026-05-12
Istres,13047,13,2021-07-03 14:01:00,10300,11,49299.0,2023-05-09,2026-05-12
Istres,13047,13,2021-07-10 15:29:00,7600,11,49299.0,2023-05-09,2026-05-12
Istres,13047,13,2021-07-15 18:08:00,3,11,49299.0,2023-05-09,2026-05-12
Istres,13047,13,2021-07-23 21:11:00,700,11,49299.0,2023-05-09,2026-05-12
Istres,13047,13,2021-08-08 21:22:00,300,11,49299.0,2023-05-09,2026-05-12
Istres,13047,13,2021-08-28 05:08:00,1500,11,49299.0,2023-05-09,2026-05-12
Jarrie,38200,38,2021-10-14 20:00:00,50,1,176.0,2025-05-12,2025-05-12
Jouques,13048,13,2021-05-21 11:54:00,100,1,80.0,2023-08-02,2023-08-02
Jouques,13048,13,2021-08-06 15:31:00,10,1,80.0,2023-08-02,2023-08-02
Jouques,13048,13,2021-08-23 17:03:00,21800,1,80.0,2023-08-02,2023-08-02
Jugeals-Nazareth,19093,19,2021-02-26 17:34:00,100,2,349.0,2025-12-23,2026-02-17
L'Isle-sur-la-Sorgue,84054,84,2021-07-09 15:05:00,1,17,8671.0,2022-04-06,2026-01-13
La Barre-de-Monts,85012,85,2021-07-30 18:29:00,200,6,946.99,2022-04-12,2026-01-27
La Barre-de-Monts,85012,85,2021-08-01 08:24:00,50,6,946.99,2022-04-12,2026-01-27
La Barre-de-Monts,85012,85,2021-08-03 14:59:00,15,6,946.99,2022-04-12,2026-01-27
La Bastide-de-Bousignac,09039,09,2021-08-14 14:20:00,10000,1,102.0,2022-02-16,2022-02-16
La Bazoge,72024,72,2021-03-24 14:14:00,10000,6,859.0,2022-04-06,2025-11-06
La Bresse,88075,88,2021-02-26 17:08:00,5,1,80.0,2024-09-01,2024-09-01
La Bresse,88075,88,2021-07-25 16:56:00,1,1,80.0,2024-09-01,2024-09-01
La Bâtie-Neuve,05017,05,2021-03-10 19:10:00,41500,3,590.9,2022-01-05,2025-08-21
La Chapelle-d'Aligné,72061,72,2021-04-18 03:21:00,6,3,297.0,2022-04-27,2025-02-10
La Chapelle-de-la-Tour,38076,38,2021-03-31 17:16:00,50,3,599.8,2024-09-05,2025-08-25
La Chartre-sur-le-Loir,72068,72,2021-04-15 22:07:00,50,4,555.0,2021-06-23,2024-10-25
La Chaussée-Saint-Victor,41047,41,2021-08-12 20:27:00,3,8,1013.0,2022-03-16,2025-07-08
La Chaussée-Saint-Victor,41047,41,2021-12-18 12:33:00,10,8,1013.0,2022-03-16,2025-07-08
La Ciotat,13028,13,2021-04-06 10:47:00,200,12,2090.0,2023-02-02,2025-07-25
La Ciotat,13028,13,2021-06-11 07:51:00,200,12,2090.0,2023-02-02,2025-07-25
La Ciotat,13028,13,2021-06-30 14:16:00,10,12,2090.0,2023-02-02,2025-07-25
La Ciotat,13028,13,2021-07-13 15:05:00,100,12,2090.0,2023-02-02,2025-07-25
La Ciotat,13028,13,2021-07-13 17:38:00,15,12,2090.0,2023-02-02,2025-07-25
La Ciotat,13028,13,2021-07-29 23:38:00,5,12,2090.0,2023-02-02,2025-07-25
La Ciotat,13028,13,2021-10-20 15:32:00,500,12,2090.0,2023-02-02,2025-07-25
La Couvertoirade,12082,12,2021-03-25 14:00:00,10000,7,5634.0,2022-07-19,2026-05-06
La Crau,83047,83,2021-07-19 16:37:00,3900,4,525.9,2022-01-14,2025-07-08
La Fare-les-Oliviers,13037,13,2021-08-28 18:44:00,400,6,4024.0,2021-10-09,2025-09-29
La Ferté-Saint-Aubin,45146,45,2021-09-02 18:24:00,1000,3,645.0,2024-10-17,2026-02-19
La Flèche,72154,72,2021-04-24 18:14:00,100,19,3335.0,2021-08-18,2026-04-22
La Jonchère-Saint-Maurice,87079,87,2021-03-07 16:29:00,400,2,469.3,2025-02-05,2025-10-30
La Livinière,34141,34,2021-07-25 00:37:00,1823,1,190.0,2025-08-08,2025-08-08
La Motte-Chalancon,26215,26,2021-04-07 17:44:00,5200,3,290.0,2021-08-27,2025-02-20
La Motte-du-Caire,04134,04,2021-07-30 02:24:00,8300,2,344.0,2023-09-29,2025-07-29
La Motte-du-Caire,04134,04,2021-08-06 16:54:00,20,2,344.0,2023-09-29,2025-07-29
La Motte-en-Champsaur,05090,05,2021-02-25 13:53:00,5000,2,164.0,2023-07-19,2024-12-16
La Motte-en-Champsaur,05090,05,2021-02-28 17:15:00,250,2,164.0,2023-07-19,2024-12-16
La Pomarède,11292,11,2021-03-28 15:42:00,2000,4,687.0,2022-04-20,2026-03-19
La Possession,97408,974,2021-10-18 15:04:00,7800,8,1503.29,2021-11-23,2024-10-01
La Redorte,11190,11,2021-03-24 15:21:00,500,4,707.0,2024-11-05,2026-01-22
La Redorte,11190,11,2021-07-16 16:13:00,400,4,707.0,2024-11-05,2026-01-22
La Redorte,11190,11,2021-08-20 14:25:00,1310,4,707.0,2024-11-05,2026-01-22
La Redorte,11190,11,2021-09-22 16:12:00,4000,4,707.0,2024-11-05,2026-01-22
La Seyne-sur-Mer,83126,83,2021-07-15 17:51:00,1000,14,3727.6,2022-04-21,2026-04-07
La Suze-sur-Sarthe,72346,72,2021-03-06 15:08:00,700,3,533.0,2022-02-11,2026-04-09
La Teste-de-Buch,33529,33,2021-03-22 15:57:00,1000,7,1111.5,2023-10-31,2026-01-21
La Teste-de-Buch,33529,33,2021-09-09 20:19:00,100,7,1111.5,2023-10-31,2026-01-21
La Tour-d'Aigues,84133,84,2021-03-06 15:50:00,2900,6,851.0,2022-08-29,2026-01-19
La Tremblade,17452,17,2021-05-27 07:28:00,1000,2,305.0,2022-03-02,2023-12-04
La Tremblade,17452,17,2021-08-20 18:10:00,300,2,305.0,2022-03-02,2023-12-04
La Trinité,06149,06,2021-03-08 13:56:00,500,2,210.0,2021-05-25,2021-08-16
La Trinité,97230,972,2021-08-29 18:45:00,10,12,683.34,2021-11-17,2025-06-04
Labastide-Saint-Georges,81116,81,2021-06-10 17:08:00,1500,1,250.0,2025-07-09,2025-07-09
Labouheyre,40134,40,2021-04-08 12:36:00,3000,4,12125.0,2022-01-06,2025-12-04
Labouheyre,40134,40,2021-04-09 04:38:00,4500,4,12125.0,2022-01-06,2025-12-04
Labruguière,81120,81,2021-06-14 13:09:00,150,15,2620.0,2022-08-04,2026-04-29
Laburgade,46140,46,2021-04-06 11:36:00,1500,1,240.0,2025-06-12,2025-06-12
Lacanau,33214,33,2021-03-30 17:57:00,500,2,395.0,2025-09-04,2025-09-04
Lacanau,33214,33,2021-08-23 14:47:00,10,2,395.0,2025-09-04,2025-09-04
Lacapelle-Marival,46143,46,2021-02-21 16:28:00,3000,5,656.8,2021-04-27,2026-01-12
Lacapelle-Viescamp,15088,15,2021-04-19 10:33:00,300,2,198.9,2022-05-17,2023-03-20
Lacaze,81125,81,2021-04-01 14:04:00,60000,1,230.0,2026-01-19,2026-01-19
Lacaze,81125,81,2021-04-01 14:05:00,50000,1,230.0,2026-01-19,2026-01-19
Lachapelle-sous-Aubenas,07122,07,2021-03-20 16:21:00,100,2,310.0,2021-08-05,2026-04-29
Lacrouzette,81128,81,2021-03-30 17:27:00,2500,5,676.0,2024-11-07,2026-04-13
Lagnes,84062,84,2021-05-14 12:31:00,4,6,790.0,2021-05-21,2026-04-21
Lagorce,07126,07,2021-09-08 16:23:00,25000,1,820.0,2023-03-21,2023-03-21
Lalbenque,46148,46,2021-04-22 16:13:00,1500,10,2126.0,2021-12-23,2026-05-20
Lalbenque,46148,46,2021-06-19 17:18:00,10000,10,2126.0,2021-12-23,2026-05-20
Lalbenque,46148,46,2021-07-26 17:38:00,2500,10,2126.0,2021-12-23,2026-05-20
Lamanon,13049,13,2021-09-07 16:47:00,1450,4,7149.6,2023-10-24,2026-04-29
Lambesc,13050,13,2021-04-23 15:56:00,100,10,1514.9,2022-04-19,2026-01-08
Lambesc,13050,13,2021-07-24 14:22:00,800,10,1514.9,2022-04-19,2026-01-08
Lambesc,13050,13,2021-07-29 12:51:00,300,10,1514.9,2022-04-19,2026-01-08
Landiras,33225,33,2021-04-08 14:51:00,3000,6,4318.0,2023-07-19,2026-03-25
Langeais,37123,37,2021-04-20 16:11:00,600,4,8344.6,2024-02-20,2025-07-16
Lanton,33229,33,2021-04-22 17:37:00,1000,1,250.0,2025-02-14,2025-02-14
Lanvénégen,56105,56,2021-04-21 14:10:00,20000,3,710.0,2024-05-29,2024-08-19
Lançon-Provence,13051,13,2021-04-18 18:08:00,300,10,1593.0,2021-12-22,2026-04-23
Lançon-Provence,13051,13,2021-04-22 14:58:00,8000,10,1593.0,2021-12-22,2026-04-23
Lançon-Provence,13051,13,2021-06-25 18:20:00,70,10,1593.0,2021-12-22,2026-04-23
Lançon-Provence,13051,13,2021-06-30 00:27:00,4800,10,1593.0,2021-12-22,2026-04-23
Lançon-Provence,13051,13,2021-08-28 22:16:00,5,10,1593.0,2021-12-22,2026-04-23
Lançon-Provence,13051,13,2021-09-03 16:38:00,500,10,1593.0,2021-12-22,2026-04-23
Larçay,37124,37,2021-03-21 15:36:00,18000,1,250.0,2026-01-16,2026-01-16
Lasalle,30140,30,2021-07-07 13:25:00,12,3,260.05,2021-09-28,2022-10-05
Lascaux,19109,19,2021-04-03 17:44:00,5000,1,134.0,2026-01-21,2026-01-21
Laurac-en-Vivarais,07134,07,2021-08-27 18:03:00,3000,1,133.3,2025-08-27,2025-08-27
Laure-Minervois,11198,11,2021-07-19 16:06:00,61284,1,158.0,2025-09-03,2025-09-03
Lauret,34131,34,2021-08-01 19:25:00,4280,2,272.5,2024-11-29,2025-09-23
Lavaré,72158,72,2021-04-24 16:36:00,300,2,270.0,2025-02-06,2025-02-06
Lazer,05073,05,2021-09-18 14:46:00,3000,3,16749.0,2021-11-24,2023-07-06
Le Bar-sur-Loup,06010,06,2021-07-22 14:01:00,6200,3,1060.0,2023-11-15,2025-10-07
Le Bastit,46018,46,2021-04-01 12:25:00,20000,4,539.0,2022-08-29,2025-07-09
Le Bosc,34036,34,2021-07-10 05:34:00,2096,3,600.0,2025-02-28,2025-07-08
Le Bosc,34036,34,2021-08-10 21:29:00,43,3,600.0,2025-02-28,2025-07-08
Le Bosc,34036,34,2021-08-28 12:25:00,113183,3,600.0,2025-02-28,2025-07-08
Le Boulou,66024,66,2021-06-13 17:08:00,2835,7,1058.7,2022-01-19,2026-05-27
Le Boulou,66024,66,2021-07-15 21:20:00,500,7,1058.7,2022-01-19,2026-05-27
Le Breil-sur-Mérize,72046,72,2021-04-01 16:31:00,100,3,291.8,2021-11-08,2023-11-21
Le Cannet-des-Maures,83031,83,2021-07-30 18:29:00,2000,4,435.0,2024-03-26,2026-03-02
Le Châtenet-en-Dognon,87042,87,2021-04-06 16:22:00,80000,2,305.0,2023-01-20,2026-04-21
Le Clapier,12067,12,2021-03-29 17:00:00,100000,5,1102.0,2021-12-23,2026-05-13
Le Controis-en-Sologne,41059,41,2021-04-01 17:26:00,5,12,1999.7,2022-03-04,2026-01-22
Le Controis-en-Sologne,41059,41,2021-04-08 16:02:00,2,12,1999.7,2022-03-04,2026-01-22
Le Diamant,97206,972,2021-05-15 17:46:00,300,2,199.52,2025-07-31,2025-08-01
Le Diamant,97206,972,2021-05-27 07:36:00,15000,2,199.52,2025-07-31,2025-08-01
Le Diamant,97206,972,2021-08-13 12:52:00,3,2,199.52,2025-07-31,2025-08-01
Le Diamant,97206,972,2021-10-03 18:12:00,50,2,199.52,2025-07-31,2025-08-01
Le Grand-Bourg,23095,23,2021-04-25 15:00:00,500,15,2655.2,2021-05-25,2025-04-28
Le Grand-Lemps,38182,38,2021-05-11 21:17:00,100,2,448.0,2026-02-03,2026-04-29
Le Grand-Lucé,72143,72,2021-08-28 21:45:00,50,6,695.78,2022-10-31,2025-03-12
Le Grau-du-Roi,30133,30,2021-07-25 11:20:00,9,3,509.9,2022-09-23,2024-11-14
Le Haillan,33200,33,2021-09-05 20:42:00,30,8,1227.28,2023-09-26,2026-04-09
Le Lamentin,97213,972,2021-05-03 11:34:00,20,42,3278.29,2021-05-27,2025-07-08
Le Malesherbois,45191,45,2021-06-13 16:05:00,150,3,672.5,2024-04-25,2025-06-03
Le Mans,72181,72,2021-03-31 19:15:00,100,37,20221.98,2021-04-01,2026-05-13
Le Masnau-Massuguiès,81158,81,2021-04-06 14:53:00,150000,3,550.0,2022-06-09,2024-12-27
Le Masnau-Massuguiès,81158,81,2021-04-06 15:46:00,160000,3,550.0,2022-06-09,2024-12-27
Le Masnau-Massuguiès,81158,81,2021-04-24 15:38:00,50,3,550.0,2022-06-09,2024-12-27
Le Montat,46197,46,2021-08-27 18:01:00,200,1,99.0,2022-09-22,2022-09-22
Le Muy,83086,83,2021-09-07 14:16:00,1900,2,336.0,2024-09-20,2025-02-20
Le Pian-Médoc,33322,33,2021-04-05 19:17:00,3000,3,1314.0,2025-02-17,2025-06-06
Le Pont-de-Beauvoisin,38315,38,2021-09-09 15:49:00,70,5,948.98,2023-10-06,2026-03-12
Le Port,97407,974,2021-10-02 16:18:00,64822,20,8185.389999999999,2022-01-13,2025-01-23
Le Puy-Sainte-Réparade,13080,13,2021-04-03 15:58:00,1000,3,562.0,2022-11-18,2025-09-23
Le Puy-Sainte-Réparade,13080,13,2021-08-18 14:05:00,1600,3,562.0,2022-11-18,2025-09-23
Le Rove,13088,13,2021-06-23 23:48:00,15,3,570.0,2023-08-10,2025-03-04
Le Rove,13088,13,2021-09-13 03:04:00,5,3,570.0,2023-08-10,2025-03-04
Le Rove,13088,13,2021-10-14 16:53:00,50,3,570.0,2023-08-10,2025-03-04
Le Thillot,88468,88,2021-04-04 16:29:00,300,1,160.0,2025-06-06,2025-06-06
Le Tholonet,13109,13,2021-06-14 11:55:00,2500,1,119.0,2025-02-25,2025-02-25
Le Tholonet,13109,13,2021-06-30 13:59:00,400,1,119.0,2025-02-25,2025-02-25
Le Tholonet,13109,13,2021-08-18 14:34:00,400,1,119.0,2025-02-25,2025-02-25
Le Val-d'Ajol,88487,88,2021-04-29 15:00:00,100,2,260.0,2025-04-17,2025-08-27
Le Vigan,30350,30,2021-03-21 17:18:00,500,4,948.0,2022-05-06,2025-05-13
Lecci,2A139,2A,2021-02-08 12:17:00,5,3,299.84000000000003,2022-03-29,2024-04-17
Lecci,2A139,2A,2021-02-24 19:18:00,1,3,299.84000000000003,2022-03-29,2024-04-17
Lecci,2A139,2A,2021-07-29 12:15:00,10,3,299.84000000000003,2022-03-29,2024-04-17
Ledeuix,64328,64,2021-04-07 13:21:54,25000,2,311.0,2021-05-05,2025-05-20
Les Arcs,83004,83,2021-08-03 16:09:00,50,12,2887.0,2022-03-11,2026-05-18
Les Bois d'Anjou,49138,49,2021-09-03 03:50:00,5000,8,1135.6,2022-09-30,2026-02-26
Les Herbiers,85109,85,2021-03-28 18:08:00,10,54,11478.0,2021-04-22,2026-04-14
Les Pennes-Mirabeau,13071,13,2021-07-02 08:29:00,20,7,748.0,2022-11-28,2026-05-22
Les Pennes-Mirabeau,13071,13,2021-07-06 17:45:00,50,7,748.0,2022-11-28,2026-05-22
Les Pennes-Mirabeau,13071,13,2021-07-08 12:29:00,300,7,748.0,2022-11-28,2026-05-22
Les Pennes-Mirabeau,13071,13,2021-07-15 12:39:00,32300,7,748.0,2022-11-28,2026-05-22
Les Pennes-Mirabeau,13071,13,2021-08-16 19:46:00,1200,7,748.0,2022-11-28,2026-05-22
Les Pennes-Mirabeau,13071,13,2021-09-10 21:07:00,100,7,748.0,2022-11-28,2026-05-22
Les Sables-d'Olonne,85194,85,2021-08-08 13:44:00,5,21,2842.0,2022-03-25,2026-05-13
Les Ternes,15235,15,2021-02-20 17:00:00,300,6,1249.67,2021-10-14,2026-03-10
Lesparre-Médoc,33240,33,2021-04-03 02:15:00,2,3,571.0,2021-05-06,2025-09-10
Lesperon,40152,40,2021-04-17 15:29:00,1500,6,30231.8,2024-02-22,2026-02-25
Lesperon,40152,40,2021-06-08 15:35:00,500,6,30231.8,2024-02-22,2026-02-25
Lespignan,34135,34,2021-05-30 12:23:00,340439,3,389.0,2023-07-18,2025-10-08
Lespignan,34135,34,2021-06-07 12:23:00,188475,3,389.0,2023-07-18,2025-10-08
Lespignan,34135,34,2021-10-27 14:44:00,800,3,389.0,2023-07-18,2025-10-08
Lespignan,34135,34,2021-10-28 13:41:00,378600,3,389.0,2023-07-18,2025-10-08
Leucate,11202,11,2021-05-16 09:34:00,2,2,972.0,2023-08-25,2025-11-14
Leucate,11202,11,2021-07-22 19:10:00,5,2,972.0,2023-08-25,2025-11-14
Leucate,11202,11,2021-08-07 21:10:00,1500,2,972.0,2023-08-25,2025-11-14
Levie,2A142,2A,2021-03-02 13:12:00,1,1,99.82,2022-04-07,2022-04-07
Levie,2A142,2A,2021-03-16 17:07:00,200,1,99.82,2022-04-07,2022-04-07
Linguizzetta,2B143,2B,2021-08-07 13:41:00,100000,5,1847.14,2022-10-12,2024-05-28
Linguizzetta,2B143,2B,2021-09-07 14:15:00,334500,5,1847.14,2022-10-12,2024-05-28
Linxe,40155,40,2021-09-17 19:10:00,8000,2,7450.0,2022-04-28,2025-05-13
Loché-sur-Indrois,37133,37,2021-03-24 16:54:00,5000,7,1064.0,2024-04-09,2025-12-09
Lodève,34142,34,2021-09-01 09:38:00,1855,4,495.0,2021-11-16,2026-04-28
Lorris,45187,45,2021-03-30 18:57:00,2000,4,823.8,2024-04-16,2026-01-07
Lorris,45187,45,2021-04-16 11:30:00,300,4,823.8,2024-04-16,2026-01-07
Louailles,72167,72,2021-04-18 14:21:00,1000,1,247.0,2025-09-26,2025-09-26
Luc-sur-Orbieu,11210,11,2021-06-16 18:20:00,1448,2,1684.0,2021-09-02,2025-06-19
Luc-sur-Orbieu,11210,11,2021-08-23 21:01:00,1753,2,1684.0,2021-09-02,2025-06-19
Luc-sur-Orbieu,11210,11,2021-08-29 21:36:00,2215,2,1684.0,2021-09-02,2025-06-19
Lucciana,2B148,2B,2021-08-27 14:23:00,300,9,1016.5699999999999,2021-09-14,2026-02-18
Luxey,40167,40,2021-06-13 14:48:00,3000,2,310.0,2021-12-15,2026-02-16
Lège-Cap-Ferret,33236,33,2021-03-17 14:11:00,100,1,85.0,2025-01-06,2025-01-06
Lésignac-Durand,16183,16,2021-04-22 18:09:00,20000,8,1305.7,2022-03-18,2026-02-19
Lézignan-Corbières,11203,11,2021-03-23 14:38:00,29500,16,3660.8,2021-12-01,2026-04-24
Lézignan-Corbières,11203,11,2021-04-02 08:38:00,100,16,3660.8,2021-12-01,2026-04-24
Lézignan-Corbières,11203,11,2021-04-08 08:08:00,3000,16,3660.8,2021-12-01,2026-04-24
Lézignan-Corbières,11203,11,2021-05-18 15:29:00,33600,16,3660.8,2021-12-01,2026-04-24
Lézignan-Corbières,11203,11,2021-07-25 11:53:00,74246,16,3660.8,2021-12-01,2026-04-24
Lézignan-Corbières,11203,11,2021-07-28 22:49:00,10,16,3660.8,2021-12-01,2026-04-24
Lézignan-Corbières,11203,11,2021-08-01 21:14:00,820,16,3660.8,2021-12-01,2026-04-24
Lézignan-Corbières,11203,11,2021-08-14 00:16:00,2000,16,3660.8,2021-12-01,2026-04-24
Lézignan-Corbières,11203,11,2021-08-16 13:59:00,2000,16,3660.8,2021-12-01,2026-04-24
Lézignan-Corbières,11203,11,2021-08-23 15:49:00,61307,16,3660.8,2021-12-01,2026-04-24
Lézignan-Corbières,11203,11,2021-08-23 17:02:00,1015,16,3660.8,2021-12-01,2026-04-24
Lézignan-Corbières,11203,11,2021-08-25 20:37:00,1129,16,3660.8,2021-12-01,2026-04-24
Lézignan-Corbières,11203,11,2021-08-25 22:24:00,1000,16,3660.8,2021-12-01,2026-04-24
Lézignan-Corbières,11203,11,2021-08-31 16:12:00,5000,16,3660.8,2021-12-01,2026-04-24
Lüe,40163,40,2021-04-16 18:59:00,4500,4,404.0,2021-12-17,2023-09-20
Lüe,40163,40,2021-08-12 15:42:00,4000,4,404.0,2021-12-17,2023-09-20
Macornay,39306,39,2021-02-25 13:46:00,100000,1,109.0,2023-09-27,2023-09-27
Magalas,34147,34,2021-10-12 14:49:00,34839,4,504.70000000000005,2023-11-07,2026-01-30
Magescq,40168,40,2021-03-03 17:30:00,200,6,1103.6,2023-04-18,2025-01-10
Mallemort,13053,13,2021-06-03 19:24:00,200,9,4020.0,2022-09-26,2026-04-23
Mallemort,13053,13,2021-07-02 16:55:00,30,9,4020.0,2022-09-26,2026-04-23
Mandelieu-la-Napoule,06079,06,2021-07-07 13:52:00,9500,1,110.0,2024-02-12,2024-02-12
Mandelieu-la-Napoule,06079,06,2021-09-19 18:27:00,5000,1,110.0,2024-02-12,2024-02-12
Mane,04111,04,2021-04-09 23:07:00,4300,5,899.8,2022-08-04,2026-05-21
Manosque,04112,04,2021-03-11 15:00:00,1000,42,8171.0,2021-04-26,2026-02-16
Marcols-les-Eaux,07149,07,2021-04-05 18:12:00,2000,1,66.6,2023-12-05,2023-12-05
Marcoux,04113,04,2021-07-25 17:10:00,6100,2,470.0,2024-10-09,2025-06-30
Mareuil-sur-Cher,41126,41,2021-05-31 16:29:00,60,2,165.6,2024-08-07,2024-10-10
Marsac-sur-l'Isle,24256,24,2021-04-17 18:27:00,5000,8,2504.0,2021-07-16,2026-05-19
Martigny-les-Bains,88289,88,2021-03-06 18:31:00,10000,1,100.0,2021-06-24,2021-06-24
Martigues,13056,13,2021-01-15 18:33:00,20,7,3015.4,2021-08-13,2025-06-30
Martigues,13056,13,2021-07-06 16:08:00,50,7,3015.4,2021-08-13,2025-06-30
Martigues,13056,13,2021-07-08 14:45:00,30,7,3015.4,2021-08-13,2025-06-30
Martigues,13056,13,2021-07-11 00:07:00,250,7,3015.4,2021-08-13,2025-06-30
Martigues,13056,13,2021-07-15 17:05:00,200,7,3015.4,2021-08-13,2025-06-30
Martigues,13056,13,2021-07-16 12:00:00,20,7,3015.4,2021-08-13,2025-06-30
Martigues,13056,13,2021-07-16 16:22:00,59000,7,3015.4,2021-08-13,2025-06-30
Martigues,13056,13,2021-07-18 18:41:00,600,7,3015.4,2021-08-13,2025-06-30
Martigues,13056,13,2021-07-18 18:43:00,1200,7,3015.4,2021-08-13,2025-06-30
Martigues,13056,13,2021-07-18 18:45:00,1100,7,3015.4,2021-08-13,2025-06-30
Martigues,13056,13,2021-07-18 22:16:00,100,7,3015.4,2021-08-13,2025-06-30
Martigues,13056,13,2021-07-19 03:56:00,100,7,3015.4,2021-08-13,2025-06-30
Martigues,13056,13,2021-07-19 13:50:00,200,7,3015.4,2021-08-13,2025-06-30
Martigues,13056,13,2021-07-20 20:38:00,20,7,3015.4,2021-08-13,2025-06-30
Martigues,13056,13,2021-07-21 18:32:00,50,7,3015.4,2021-08-13,2025-06-30
Martigues,13056,13,2021-07-22 18:19:00,1100,7,3015.4,2021-08-13,2025-06-30
Martigues,13056,13,2021-07-22 22:29:00,10,7,3015.4,2021-08-13,2025-06-30
Martigues,13056,13,2021-07-25 10:47:00,230,7,3015.4,2021-08-13,2025-06-30
Martigues,13056,13,2021-07-29 23:08:00,50,7,3015.4,2021-08-13,2025-06-30
Martigues,13056,13,2021-07-30 01:58:00,50,7,3015.4,2021-08-13,2025-06-30
Martigues,13056,13,2021-08-07 17:54:00,30,7,3015.4,2021-08-13,2025-06-30
Martigues,13056,13,2021-08-07 22:46:00,20,7,3015.4,2021-08-13,2025-06-30
Martigues,13056,13,2021-08-08 15:24:00,600,7,3015.4,2021-08-13,2025-06-30
Martigues,13056,13,2021-08-14 18:46:00,20,6,2866.0,2022-11-09,2025-06-30
Martigues,13056,13,2021-08-14 19:52:00,20,6,2866.0,2022-11-09,2025-06-30
Martigues,13056,13,2021-08-18 18:38:00,240,6,2866.0,2022-11-09,2025-06-30
Martigues,13056,13,2021-08-27 07:21:00,10,6,2866.0,2022-11-09,2025-06-30
Martigues,13056,13,2021-08-28 18:48:00,210,6,2866.0,2022-11-09,2025-06-30
Martigues,13056,13,2021-09-05 11:44:00,5,6,2866.0,2022-11-09,2025-06-30
Martigues,13056,13,2021-09-13 21:39:00,5,6,2866.0,2022-11-09,2025-06-30
Martigues,13056,13,2021-09-23 11:50:00,300,6,2866.0,2022-11-09,2025-06-30
Martigues,13056,13,2021-09-25 19:00:00,100,6,2866.0,2022-11-09,2025-06-30
Mas-Saintes-Puelles,11225,11,2021-08-24 20:44:00,4500,1,2340.0,2025-08-12,2025-08-12
Maslives,41129,41,2021-04-18 13:22:00,50,1,190.6,2024-03-25,2024-03-25
Massiac,15119,15,2021-06-16 03:58:00,5000,7,1125.0,2025-01-15,2026-05-13
Mauguio,34154,34,2021-06-30 16:13:00,9505,14,1918.3600000000001,2021-07-09,2026-05-26
Mauguio,34154,34,2021-08-29 03:58:00,17607,13,1838.3600000000001,2021-11-09,2026-05-26
Mauriac,15120,15,2021-03-29 14:17:00,2500,5,669.0,2023-04-05,2025-09-23
Maury,66107,66,2021-08-07 16:28:00,2000,2,189.0,2022-02-16,2022-06-01
Mayreville,11226,11,2021-06-14 17:25:00,8000,1,88.0,2022-02-10,2022-02-10
Mazerolles,86153,86,2021-03-17 10:48:33,200,4,4635.59,2021-08-18,2024-12-30
Meauzac,82108,82,2021-04-08 15:54:00,1000,1,220.0,2023-09-12,2023-09-12
Mende,48095,48,2021-03-02 12:38:00,140,13,1831.2,2022-01-06,2026-02-23
Mende,48095,48,2021-04-05 20:27:00,600,13,1831.2,2022-01-06,2026-02-23
Mer,41136,41,2021-04-25 14:06:00,10,7,28466.8,2021-06-04,2026-02-02
Mervans,71295,71,2021-08-20 18:58:00,5,4,777.8,2021-10-12,2025-02-18
Meusnes,41139,41,2021-04-07 19:15:00,1500,2,283.0,2025-04-03,2026-04-01
Meylan,38229,38,2021-04-09 14:18:00,10000,5,341.0,2023-01-18,2026-03-26
Meymac,19136,19,2021-02-26 18:55:00,10,16,2471.43,2021-12-21,2026-03-13
Meyrargues,13059,13,2021-03-17 05:00:00,400,1,7200.0,2021-07-29,2021-07-29
Meyrargues,13059,13,2021-04-06 17:10:00,400,1,7200.0,2021-07-29,2021-07-29
Meyrargues,13059,13,2021-04-22 18:30:00,60,1,7200.0,2021-07-29,2021-07-29
Meyreuil,13060,13,2021-04-07 12:09:00,40,3,401.1,2023-11-17,2025-04-03
Meyreuil,13060,13,2021-08-29 17:36:00,43900,3,401.1,2023-11-17,2025-04-03
Meyssiez,38232,38,2021-06-19 00:29:00,20,1,249.2,2025-01-17,2025-01-17
Millançay,41140,41,2021-04-22 14:50:00,10000,3,415.0,2024-01-10,2025-09-18
Millas,66108,66,2021-07-20 10:58:00,15000,1,1041.0,2021-10-15,2021-10-15
Millau,12145,12,2021-07-01 15:00:00,600,16,2553.4,2022-01-25,2026-04-01
Millau,12145,12,2021-09-08 17:00:00,50000,16,2553.4,2022-01-25,2026-04-01
Mimizan,40184,40,2021-08-28 15:52:00,600000,4,984.0,2024-04-25,2025-06-11
Mimizan,40184,40,2021-09-23 14:46:00,200,4,984.0,2024-04-25,2025-06-11
Mios,33284,33,2021-03-20 17:30:00,400,7,1382.0,2021-08-05,2026-05-28
Miramas,13063,13,2021-04-06 13:35:00,200,5,1170.0,2021-07-09,2024-05-10
Miramas,13063,13,2021-04-08 05:59:00,20,5,1170.0,2021-07-09,2024-05-10
Miramas,13063,13,2021-06-07 12:29:00,100,5,1170.0,2021-07-09,2024-05-10
Miramas,13063,13,2021-06-08 19:36:00,15000,5,1170.0,2021-07-09,2024-05-10
Miramas,13063,13,2021-07-13 19:47:00,100,4,1090.0,2023-01-04,2024-05-10
Miramas,13063,13,2021-08-01 18:36:00,500,4,1090.0,2023-01-04,2024-05-10
Miramas,13063,13,2021-08-02 19:45:00,60,4,1090.0,2023-01-04,2024-05-10
Miramas,13063,13,2021-08-16 19:18:00,50,4,1090.0,2023-01-04,2024-05-10
Miramas,13063,13,2021-08-22 20:31:00,200,4,1090.0,2023-01-04,2024-05-10
Miramas,13063,13,2021-08-23 19:08:00,80,4,1090.0,2023-01-04,2024-05-10
Miramas,13063,13,2021-08-25 16:44:00,500,4,1090.0,2023-01-04,2024-05-10
Miramas,13063,13,2021-08-25 20:18:00,200,4,1090.0,2023-01-04,2024-05-10
Miramas,13063,13,2021-09-01 13:46:00,50,4,1090.0,2023-01-04,2024-05-10
Moissac-Bellevue,83078,83,2021-03-06 14:31:00,250,3,26100.0,2023-05-23,2024-12-27
Moliets-et-Maa,40187,40,2021-04-05 14:11:00,4,2,185.0,2025-07-24,2025-09-22
Molières-sur-Cèze,30171,30,2021-08-28 20:23:00,231,1,264.0,2023-01-06,2023-01-06
Momy,64388,64,2021-04-24 15:11:10,5000,1,97.0,2023-04-03,2023-04-03
Mondragon,84078,84,2021-04-07 14:53:00,3500,15,8269.72,2021-04-23,2026-04-07
Mondragon,84078,84,2021-06-14 14:17:00,1500,13,8109.72,2022-01-14,2026-04-07
Monieux,84079,84,2021-04-07 14:33:00,308100,3,354.99,2022-03-21,2024-05-14
Monsteroux-Milieu,38244,38,2021-04-28 15:43:00,1500,2,448.0,2022-02-18,2023-09-29
Mont-de-Marsan,40192,40,2021-02-20 12:52:00,2000,10,2381.6,2021-09-24,2026-04-14
Mont-de-Marsan,40192,40,2021-03-27 15:18:00,300,10,2381.6,2021-09-24,2026-04-14
Mont-de-Marsan,40192,40,2021-04-06 12:13:00,1800,10,2381.6,2021-09-24,2026-04-14
Montagnac,34162,34,2021-01-08 13:58:00,249,1,234.0,2021-05-10,2021-05-10
Montagnac,34162,34,2021-04-08 11:42:00,991,1,234.0,2021-05-10,2021-05-10
Montagnol,12147,12,2021-04-25 12:00:00,20000,1,99.0,2022-02-17,2022-02-17
Montalieu-Vercieu,38247,38,2021-03-20 16:37:00,2500,2,350.0,2023-12-21,2025-01-10
Montbartier,82123,82,2021-04-22 21:22:00,10000,5,6530.0,2021-06-15,2024-09-04
Montbazin,34165,34,2021-08-16 05:15:00,445051,1,70.0,2023-04-28,2023-04-28
Montbazin,34165,34,2021-10-18 15:08:00,42408,1,70.0,2023-04-28,2023-04-28
Montblanc,34166,34,2021-04-14 19:24:00,2356,7,876.0,2022-01-12,2025-03-10
Montblanc,34166,34,2021-07-01 00:00:00,31848,7,876.0,2022-01-12,2025-03-10
Montdoumerc,46202,46,2021-09-06 17:09:00,6000,3,271.8,2022-05-24,2022-10-25
Montegrosso,2B167,2B,2021-03-20 15:39:00,5000,1,100.0,2024-12-05,2024-12-05
Montegrosso,2B167,2B,2021-03-24 16:08:00,1000,1,100.0,2024-12-05,2024-12-05
Montegrosso,2B167,2B,2021-04-01 12:55:00,2000,1,100.0,2024-12-05,2024-12-05
Montegrosso,2B167,2B,2021-10-24 14:20:00,30000,1,100.0,2024-12-05,2024-12-05
Montendre,17240,17,2021-03-24 17:36:00,15,6,13649.0,2023-10-06,2026-01-12
Montendre,17240,17,2021-04-04 15:03:00,150000,6,13649.0,2023-10-06,2026-01-12
Montendre,17240,17,2021-04-04 17:41:00,8000,6,13649.0,2023-10-06,2026-01-12
Montesquieu-des-Albères,66115,66,2021-07-16 17:58:00,100,2,475.0,2021-09-27,2025-12-09
Montesquieu-des-Albères,66115,66,2021-07-16 18:00:00,870,2,475.0,2021-09-27,2025-12-09
Montfrin,30179,30,2021-06-13 21:23:00,1644,3,570.0,2024-09-10,2026-05-28
Montfrin,30179,30,2021-07-16 23:33:00,341,3,570.0,2024-09-10,2026-05-28
Montlieu-la-Garde,17243,17,2021-04-12 12:46:00,800,1,98.0,2022-08-17,2022-08-17
Montpellier,34172,34,2021-07-20 14:04:00,3019,34,9259.1,2022-03-24,2026-05-27
Montpezat,47190,47,2021-10-20 17:39:49,40,6,4523.0,2023-04-12,2025-06-04
Montredon-des-Corbières,11255,11,2021-03-18 21:04:00,600,8,5495.3,2024-02-05,2026-05-21
Montredon-des-Corbières,11255,11,2021-04-15 17:05:00,1500,8,5495.3,2024-02-05,2026-05-21
Montredon-des-Corbières,11255,11,2021-05-31 13:30:00,300,8,5495.3,2024-02-05,2026-05-21
Montredon-des-Corbières,11255,11,2021-07-26 21:51:00,50,8,5495.3,2024-02-05,2026-05-21
Montredon-des-Corbières,11255,11,2021-08-13 21:57:00,5000,8,5495.3,2024-02-05,2026-05-21
Montredon-des-Corbières,11255,11,2021-10-23 18:13:00,150,8,5495.3,2024-02-05,2026-05-21
Montredon-des-Corbières,11255,11,2021-11-19 15:59:00,100,8,5495.3,2024-02-05,2026-05-21
Montrichard Val de Cher,41151,41,2021-04-24 15:09:00,10,1,48.6,2025-01-23,2025-01-23
Montségur-sur-Lauzon,26211,26,2021-08-22 03:13:00,400,2,353.5,2024-10-11,2026-04-20
Montvalent,46208,46,2021-02-19 16:17:00,10000,5,599.2,2021-07-20,2026-05-06
Morcenx-la-Nouvelle,40197,40,2021-03-21 14:13:00,500,10,38688.0,2021-06-15,2025-12-16
Morcenx-la-Nouvelle,40197,40,2021-04-05 12:55:00,2000,10,38688.0,2021-06-15,2025-12-16
Morcenx-la-Nouvelle,40197,40,2021-08-19 14:01:00,100,9,38582.0,2021-12-16,2025-12-16
Morestel,38261,38,2021-04-03 14:06:00,8500,2,424.0,2025-07-25,2025-09-30
Mornac,16232,16,2021-04-06 16:39:00,2000,2,490.0,2025-11-03,2026-05-12
Morée,41154,41,2021-03-29 16:46:00,5000,8,2540.8,2024-05-30,2026-04-30
Mouriès,13065,13,2021-03-28 18:05:00,1000,3,558.0,2024-04-17,2026-01-07
Mouriès,13065,13,2021-09-15 18:33:00,10000,3,558.0,2024-04-17,2026-01-07
Moussan,11258,11,2021-07-31 16:58:00,10,3,539.22,2025-04-23,2025-04-23
Moustey,40200,40,2021-06-01 08:50:00,700,1,99.0,2021-10-12,2021-10-12
Moustey,40200,40,2021-06-06 17:20:00,2000,1,99.0,2021-10-12,2021-10-12
Moustey,40200,40,2021-10-08 17:11:00,12000,1,99.0,2021-10-12,2021-10-12
Moustier-Ventadour,19145,19,2021-03-02 16:18:00,10000,3,480.0,2025-06-03,2025-06-03
Murat-sur-Vèbre,81192,81,2021-05-03 21:34:00,600,5,819.0,2024-06-11,2026-04-21
Murviel-lès-Béziers,34178,34,2021-03-11 14:15:00,54906,7,1051.0,2023-01-05,2025-12-30
Murviel-lès-Béziers,34178,34,2021-07-30 16:53:00,33696,7,1051.0,2023-01-05,2025-12-30
Murviel-lès-Béziers,34178,34,2021-08-28 16:59:00,2840,7,1051.0,2023-01-05,2025-12-30
Mèze,34157,34,2021-07-08 06:23:00,100,7,4522.0,2022-01-14,2025-01-21
Mèze,34157,34,2021-08-22 16:38:00,3236,7,4522.0,2022-01-14,2025-01-21
Méolans-Revel,04161,04,2021-03-28 16:24:00,1000,1,99.0,2023-11-08,2023-11-08
Mérindol,84074,84,2021-08-01 12:26:00,1200,3,258.0,2024-02-26,2025-06-11
Mérindol,84074,84,2021-09-28 15:15:00,300,3,258.0,2024-02-26,2025-06-11
Mézeray,72195,72,2021-02-23 16:51:00,10,1,85.9,2022-05-20,2022-05-20
Mézeray,72195,72,2021-03-05 15:42:00,1000,1,85.9,2022-05-20,2022-05-20
Narbonne,11262,11,2021-03-30 18:21:00,400,28,24074.4,2021-06-14,2026-03-06
Narbonne,11262,11,2021-04-03 08:59:00,18000,28,24074.4,2021-06-14,2026-03-06
Narbonne,11262,11,2021-04-05 18:51:00,50,28,24074.4,2021-06-14,2026-03-06
Narbonne,11262,11,2021-04-07 11:34:00,250,28,24074.4,2021-06-14,2026-03-06
Narbonne,11262,11,2021-04-14 13:04:00,2000,28,24074.4,2021-06-14,2026-03-06
Narbonne,11262,11,2021-04-15 15:29:00,100,28,24074.4,2021-06-14,2026-03-06
Narbonne,11262,11,2021-04-19 14:58:00,100,28,24074.4,2021-06-14,2026-03-06
Narbonne,11262,11,2021-05-09 16:42:00,50,28,24074.4,2021-06-14,2026-03-06
Narbonne,11262,11,2021-05-28 20:06:00,50,28,24074.4,2021-06-14,2026-03-06
Narbonne,11262,11,2021-05-30 19:27:00,100,28,24074.4,2021-06-14,2026-03-06
Narbonne,11262,11,2021-05-31 22:08:00,10,28,24074.4,2021-06-14,2026-03-06
Narbonne,11262,11,2021-06-26 15:58:00,13519,26,23818.4,2021-11-29,2026-03-06
Narbonne,11262,11,2021-07-01 17:42:00,20054,26,23818.4,2021-11-29,2026-03-06
Narbonne,11262,11,2021-07-03 12:10:00,1776900,26,23818.4,2021-11-29,2026-03-06
Narbonne,11262,11,2021-07-22 22:08:00,500,26,23818.4,2021-11-29,2026-03-06
Narbonne,11262,11,2021-08-08 19:50:00,100,26,23818.4,2021-11-29,2026-03-06
Narbonne,11262,11,2021-08-24 14:55:00,1,26,23818.4,2021-11-29,2026-03-06
Narbonne,11262,11,2021-09-27 19:08:00,50,26,23818.4,2021-11-29,2026-03-06
Narnhac,15139,15,2021-04-08 17:49:00,500,3,614.0,2024-06-27,2025-03-17
Nessa,2B175,2B,2021-10-11 12:22:00,5000,1,99.18,2021-11-10,2021-11-10
Neuville-sur-Sarthe,72217,72,2021-09-13 14:56:00,20,5,898.0,2022-12-01,2025-12-04
Neuvéglise-sur-Truyère,15142,15,2021-06-09 19:01:00,10,17,3137.38,2022-09-27,2026-04-24
Nice,06088,06,2021-07-20 19:10:00,300,15,3460.0,2021-11-24,2026-01-26
Nissan-lez-Enserune,34183,34,2021-04-07 13:33:00,718,10,1636.0,2022-05-17,2025-12-03
Nissan-lez-Enserune,34183,34,2021-08-03 18:00:00,53958,10,1636.0,2022-05-17,2025-12-03
Nissan-lez-Enserune,34183,34,2021-08-18 13:03:00,464040,10,1636.0,2022-05-17,2025-12-03
Noirmoutier-en-l'Île,85163,85,2021-07-13 13:40:00,10,1,40.0,2026-05-22,2026-05-22
Nomexy,88327,88,2021-01-26 18:21:00,2,2,350.0,2024-06-18,2026-02-17
Noves,13066,13,2021-04-07 10:00:00,2000,13,2056.0,2021-06-17,2026-01-16
Noves,13066,13,2021-09-30 15:41:00,200,12,1843.0,2021-11-05,2026-01-16
Noyen-sur-Sarthe,72223,72,2021-04-29 18:09:00,50,5,959.0,2022-11-14,2026-02-04
Noyen-sur-Sarthe,72223,72,2021-09-04 05:27:00,10000,5,959.0,2022-11-14,2026-02-04
Nuzéjouls,46211,46,2021-04-04 20:32:00,5000,1,206.0,2025-03-19,2025-03-19
Nuzéjouls,46211,46,2021-04-23 23:52:00,25000,1,206.0,2025-03-19,2025-03-19
Néfiach,66121,66,2021-07-18 15:02:00,963400,3,288.0,2022-05-03,2026-02-10
Nérac,47195,47,2021-10-29 15:59:49,1,20,3461.0,2022-04-06,2026-05-27
Névian,11264,11,2021-10-18 12:20:00,500,1,230.0,2023-05-15,2023-05-15
Nîmes,30189,30,2021-03-21 15:56:00,800,54,9741.85,2021-07-19,2026-05-19
Nîmes,30189,30,2021-07-19 14:10:00,2400,52,9345.85,2022-02-02,2026-05-19
Nîmes,30189,30,2021-08-18 12:14:00,6113,52,9345.85,2022-02-02,2026-05-19
Ocana,2A181,2A,2021-06-13 11:58:00,2000,1,99.0,2025-02-06,2025-02-06
Ocana,2A181,2A,2021-08-28 03:03:00,60,1,99.0,2025-02-06,2025-02-06
Occhiatana,2B182,2B,2021-10-25 14:05:00,10000,3,299.76,2023-03-08,2025-03-25
Oizé,72226,72,2021-05-08 21:26:00,500,2,337.0,2025-10-02,2025-10-15
Oletta,2B185,2B,2021-01-30 11:54:00,15000,3,298.0,2023-11-20,2025-04-15
Oletta,2B185,2B,2021-07-14 13:06:00,105050,3,298.0,2023-11-20,2025-04-15
Oletta,2B185,2B,2021-08-31 19:39:00,100,3,298.0,2023-11-20,2025-04-15
Oletta,2B185,2B,2021-09-13 15:09:00,17220,3,298.0,2023-11-20,2025-04-15
Oletta,2B185,2B,2021-10-11 17:06:00,20000,3,298.0,2023-11-20,2025-04-15
Olmeta-di-Tuda,2B188,2B,2021-05-17 18:43:00,400,3,299.52,2023-07-26,2024-07-18
Olmeta-di-Tuda,2B188,2B,2021-09-30 11:41:00,1000,3,299.52,2023-07-26,2024-07-18
Olmi-Cappella,2B190,2B,2021-02-26 14:05:00,65000,2,199.0,2022-05-19,2024-02-27
Olmi-Cappella,2B190,2B,2021-04-24 17:32:00,5000,2,199.0,2022-05-19,2024-02-27
Olonzac,34189,34,2021-03-14 01:27:00,1163,3,2475.0,2024-05-28,2026-01-21
Onesse-Laharie,40210,40,2021-08-30 03:26:00,824,14,2545.0,2021-10-18,2026-01-20
Opoul-Périllos,66127,66,2021-03-17 14:31:00,15000,1,99.0,2024-09-16,2024-09-16
Opoul-Périllos,66127,66,2021-03-20 20:45:00,30000,1,99.0,2024-09-16,2024-09-16
Oppède,84086,84,2021-04-18 15:37:00,150,1,88.0,2021-11-02,2021-11-02
Orgnac-l'Aven,07168,07,2021-04-15 10:08:00,100,1,150.0,2025-10-02,2025-10-02
Orgon,13067,13,2021-04-06 20:59:00,400,6,985.0,2022-04-01,2026-04-27
Orgon,13067,13,2021-08-24 22:12:00,40,6,985.0,2022-04-01,2026-04-27
Ortaffa,66129,66,2021-06-09 15:06:00,15000,1,1935.0,2025-04-24,2025-04-24
Oulches,36148,36,2021-04-02 14:38:00,1670000,1,249.0,2024-07-03,2024-07-03
Ousse-Suzan,40215,40,2021-04-20 14:37:00,3000,2,307.0,2023-11-08,2024-08-13
Ouveillan,11269,11,2021-07-12 15:44:00,1000,1,3240.0,2024-08-21,2024-08-21
Palaja,11272,11,2021-06-22 15:30:00,14807,2,6200.0,2023-03-15,2023-03-15
Panzoult,37178,37,2021-09-07 08:22:00,3400,3,288.0,2022-09-07,2025-01-20
Parcoul-Chenaud,24316,24,2021-04-14 18:09:00,20000,3,423.0,2022-02-24,2026-04-22
Pardaillan,47199,47,2021-10-30 08:00:05,1,1,99.0,2023-11-24,2023-11-24
Parentis-en-Born,40217,40,2021-03-29 15:26:00,5,1,166.0,2024-04-25,2024-04-25
Parentis-en-Born,40217,40,2021-05-03 19:16:00,3000,1,166.0,2024-04-25,2024-04-25
Parigné-l'Évêque,72231,72,2021-04-18 11:31:00,200,10,1091.4,2021-06-24,2026-04-17
Paziols,11276,11,2021-04-08 08:11:00,400,1,130.0,2025-11-13,2025-11-13
Paziols,11276,11,2021-04-08 08:11:00,500,1,130.0,2025-11-13,2025-11-13
Paziols,11276,11,2021-04-08 08:11:00,700,1,130.0,2025-11-13,2025-11-13
Paziols,11276,11,2021-04-08 08:11:00,82300,1,130.0,2025-11-13,2025-11-13
Pennautier,11279,11,2021-07-21 18:21:00,81945,1,88.0,2025-02-10,2025-02-10
Penta-di-Casinca,2B207,2B,2021-01-30 18:05:00,10000,3,299.84000000000003,2021-07-08,2024-02-13
Penta-di-Casinca,2B207,2B,2021-09-15 14:41:00,20,2,200.0,2023-10-03,2024-02-13
Pernes-les-Fontaines,84088,84,2021-02-22 12:16:00,200,11,9551.9,2023-04-03,2026-04-29
Pernes-les-Fontaines,84088,84,2021-04-06 15:55:00,100,11,9551.9,2023-04-03,2026-04-29
Pernes-les-Fontaines,84088,84,2021-04-09 15:35:00,100,11,9551.9,2023-04-03,2026-04-29
Pernes-les-Fontaines,84088,84,2021-04-18 15:49:00,1,11,9551.9,2023-04-03,2026-04-29
Perpignan,66136,66,2021-03-13 14:55:00,5000,95,33135.7,2021-04-12,2026-05-21
Perpignan,66136,66,2021-06-18 10:34:00,30000,94,33045.7,2021-06-22,2026-05-21
Perpignan,66136,66,2021-07-17 04:34:00,20000,93,32946.7,2021-08-05,2026-05-21
Perpignan,66136,66,2021-07-19 19:15:00,10000,93,32946.7,2021-08-05,2026-05-21
Perpignan,66136,66,2021-07-20 15:12:00,10000,93,32946.7,2021-08-05,2026-05-21
Pertuis,84089,84,2021-08-25 14:57:00,1000,11,1858.0,2022-07-20,2026-01-12
Pessac,33318,33,2021-04-03 14:44:00,2000,12,6147.0,2021-04-08,2026-04-27
Pessac,33318,33,2021-04-19 18:18:00,9000,11,5907.0,2021-06-11,2026-04-27
Pey,40222,40,2021-06-28 19:40:00,100,8,971.8,2021-07-21,2025-07-15
Peymeinade,06095,06,2021-08-01 17:48:00,5600,1,99.0,2025-01-08,2025-01-08
Peypin,13073,13,2021-04-05 12:37:00,20,2,359.0,2026-02-25,2026-02-25
Peypin,13073,13,2021-07-10 18:07:00,100,2,359.0,2026-02-25,2026-02-25
Peypin,13073,13,2021-07-17 15:09:00,800,2,359.0,2026-02-25,2026-02-25
Peypin,13073,13,2021-08-11 22:49:00,10,2,359.0,2026-02-25,2026-02-25
Peyrelevade,19164,19,2021-04-09 14:09:00,30000,5,868.6,2021-06-01,2025-10-20
Peyrestortes,66138,66,2021-03-11 17:07:00,5000,1,110.0,2022-02-24,2022-02-24
Peyriac-de-Mer,11285,11,2021-01-08 11:55:00,1,1,220.0,2025-07-10,2025-07-10
Peyriac-de-Mer,11285,11,2021-08-17 18:21:00,359072,1,220.0,2025-07-10,2025-07-10
Peyrolles-en-Provence,13074,13,2021-04-20 16:24:00,10,2,12820.0,2021-12-01,2023-09-29
Pianottoli-Caldarello,2A215,2A,2021-07-23 11:13:00,30,3,299.79999999999995,2022-11-08,2024-12-04
Pied-de-Borne,48015,48,2021-03-29 12:57:00,600,2,369.0,2024-08-14,2025-05-23
Pierrerue,04151,04,2021-08-03 17:46:00,3200,1,99.96,2022-05-24,2022-05-24
Pierrevert,04152,04,2021-03-23 18:12:00,700,4,1158.0,2021-03-30,2025-11-24
Pierrevert,04152,04,2021-03-24 10:34:00,330,4,1158.0,2021-03-30,2025-11-24
Pierrevert,04152,04,2021-07-15 14:28:00,8200,2,199.0,2025-01-07,2025-11-24
Pietralba,2B223,2B,2021-10-28 12:34:00,30000,3,299.96999999999997,2024-06-14,2025-09-17
Pietroso,2B229,2B,2021-04-01 08:08:00,800,1,99.99,2023-04-27,2023-04-27
Piolenc,84091,84,2021-01-25 19:15:00,200,12,6220.0,2022-07-12,2026-01-28
Plan-d'Orgon,13076,13,2021-03-30 15:25:00,400,9,2028.0,2021-10-11,2025-10-23
Plan-d'Orgon,13076,13,2021-04-11 09:29:00,20,9,2028.0,2021-10-11,2025-10-23
Plassac,17279,17,2021-05-02 13:10:00,6000,1,90.0,2021-09-16,2021-09-16
Pleaux,15153,15,2021-02-21 11:55:00,30000,14,2308.32,2021-02-22,2026-04-23
Pleaux,15153,15,2021-08-26 14:21:00,100,11,2042.9,2022-07-07,2026-04-23
Pleyben,29162,29,2021-04-23 11:25:00,350,9,988.7,2021-12-17,2026-05-12
Plozévet,29215,29,2021-06-14 17:13:00,300,1,82.0,2022-06-09,2022-06-09
Ploërmel,56165,56,2021-04-06 16:31:00,10000,22,3236.3,2021-07-02,2026-04-22
Poligny,77370,77,2021-04-14 18:52:00,300,1,89.0,2021-05-27,2021-05-27
Pomérols,34207,34,2021-06-14 11:46:00,15226,2,297.0,2022-07-21,2025-01-28
Pont de Montvert - Sud Mont Lozère,48116,48,2021-03-29 11:24:00,1000,3,614.0,2023-08-08,2024-07-26
Pont-de-Chéruy,38316,38,2021-04-04 17:01:00,120,1,72.0,2025-04-30,2025-04-30
Pont-de-Larn,81209,81,2021-10-18 14:25:00,30,1,160.0,2023-03-01,2023-03-01
Pont-du-Casse,47209,47,2021-04-25 08:33:05,5000,12,3538.4,2022-01-19,2026-05-21
Ponteilla,66145,66,2021-01-16 15:15:00,5000,2,4130.0,2021-09-23,2025-10-28
Pontonx-sur-l'Adour,40230,40,2021-08-16 14:12:00,200,4,700.0,2023-10-17,2026-01-19
Port-de-Bouc,13077,13,2021-07-17 18:28:00,4,3,624.0,2023-12-07,2025-03-27
Portel-des-Corbières,11295,11,2021-01-05 12:13:00,150,1,99.0,2023-01-16,2023-01-16
Portel-des-Corbières,11295,11,2021-02-17 12:28:00,4000,1,99.0,2023-01-16,2023-01-16
Portel-des-Corbières,11295,11,2021-08-24 22:04:00,3000,1,99.0,2023-01-16,2023-01-16
Porto-Vecchio,2A247,2A,2021-05-10 08:16:00,10,17,6782.339999999999,2021-07-21,2026-01-06
Porto-Vecchio,2A247,2A,2021-05-29 11:30:00,25,17,6782.339999999999,2021-07-21,2026-01-06
Porto-Vecchio,2A247,2A,2021-06-21 22:55:00,20,17,6782.339999999999,2021-07-21,2026-01-06
Porto-Vecchio,2A247,2A,2021-06-23 06:16:00,6,17,6782.339999999999,2021-07-21,2026-01-06
Porto-Vecchio,2A247,2A,2021-07-27 16:45:00,10,16,6682.349999999999,2021-10-21,2026-01-06
Porto-Vecchio,2A247,2A,2021-08-21 16:11:00,10,16,6682.349999999999,2021-10-21,2026-01-06
Porto-Vecchio,2A247,2A,2021-10-19 18:54:00,3000,16,6682.349999999999,2021-10-21,2026-01-06
Potelières,30204,30,2021-04-17 20:23:00,200,1,80.0,2026-04-14,2026-04-14
Poussan,34213,34,2021-08-26 11:05:00,61647,2,199.0,2024-11-21,2025-03-05
Poussan,34213,34,2021-08-29 17:58:00,157,2,199.0,2024-11-21,2025-03-05
Poussignac,47212,47,2021-08-30 17:40:12,2000,3,539.94,2022-05-20,2024-01-18
Prades,66149,66,2021-06-27 17:22:00,1390,3,394.8,2024-10-15,2025-10-22
Pranles,07184,07,2021-03-24 12:59:00,18000,1,203.5,2026-05-27,2026-05-27
Prats-de-Mollo-la-Preste,66150,66,2021-02-06 11:10:00,15000,10,1057.0,2021-04-29,2022-06-03
Propriano,2A249,2A,2021-05-10 08:03:00,450,2,184.15,2022-03-16,2024-11-13
Propriano,2A249,2A,2021-06-12 18:54:00,30,2,184.15,2022-03-16,2024-11-13
Prunay-Cassereau,41184,41,2021-04-18 12:08:00,150,3,428.0,2021-11-19,2023-10-25
Prunelli-di-Fiumorbo,2B251,2B,2021-01-29 15:05:00,2,13,1417.73,2021-06-24,2025-06-04
Prunelli-di-Fiumorbo,2B251,2B,2021-04-01 11:10:00,300,13,1417.73,2021-06-24,2025-06-04
Prunelli-di-Fiumorbo,2B251,2B,2021-10-09 17:30:00,12000,9,1018.04,2021-11-04,2025-06-04
Pruniers-en-Sologne,41185,41,2021-05-02 18:27:00,15,4,664.45,2024-01-10,2026-05-27
Prévenchères,48119,48,2021-04-07 16:40:00,114700,3,673.0,2024-10-23,2025-03-27
Puget-sur-Argens,83099,83,2021-03-14 15:35:00,2685,13,1914.0,2021-07-22,2026-02-11
Puilacher,34222,34,2021-08-17 17:12:00,1834,2,340.0,2021-12-21,2023-03-14
Puimoisson,04157,04,2021-04-22 16:37:00,500,1,106.0,2021-10-05,2021-10-05
Puisserguier,34225,34,2021-05-19 18:14:00,831,6,990.0,2021-11-05,2025-09-22
Pujaut,30209,30,2021-06-30 22:41:00,2136,3,7000.0,2024-05-29,2024-12-17
Pujaut,30209,30,2021-08-14 16:31:00,9306,3,7000.0,2024-05-29,2024-12-17
Pujo-le-Plan,40238,40,2021-04-14 15:47:00,25000,2,406.0,2024-05-15,2025-11-26
Puy-Saint-Martin,26258,26,2021-04-04 16:32:00,20000,2,299.8,2024-02-16,2024-04-08
Puycelsi,81217,81,2021-04-15 15:58:00,200,3,498.3,2025-03-14,2026-01-14
Pégomas,06090,06,2021-08-08 12:46:00,300,2,506.0,2024-03-29,2024-03-29
Pélissanne,13069,13,2021-05-25 13:17:00,100,4,396.0,2024-02-08,2025-03-21
Pélissanne,13069,13,2021-07-16 14:36:00,500,4,396.0,2024-02-08,2025-03-21
Pélissanne,13069,13,2021-08-20 11:46:00,10,4,396.0,2024-02-08,2025-03-21
Pézenas,34199,34,2021-10-14 16:45:00,31099,3,407.0,2023-04-14,2026-01-07
Pézilla-la-Rivière,66140,66,2021-02-20 11:14:00,5000,6,4727.0,2021-11-16,2025-11-27
Pézilla-la-Rivière,66140,66,2021-07-24 18:58:00,25000,6,4727.0,2021-11-16,2025-11-27
Pézilla-la-Rivière,66140,66,2021-11-18 09:47:00,5000,5,2054.0,2022-04-19,2025-11-27
Quillan,11304,11,2021-07-09 14:58:00,1500,1,99.0,2021-09-08,2021-09-08
Rasteau,84096,84,2021-04-27 22:45:00,300,1,40.0,2025-08-08,2025-08-08
Renay,41187,41,2021-03-20 13:39:00,3,2,419.0,2023-12-07,2024-04-22
Renno,2A258,2A,2021-02-28 15:53:00,360,1,99.9,2021-09-28,2021-09-28
Renno,2A258,2A,2021-03-28 20:53:00,10925,1,99.9,2021-09-28,2021-09-28
Rieux-Minervois,11315,11,2021-06-12 13:07:00,17916,4,459.0,2024-01-18,2026-02-16
Riez,04166,04,2021-07-03 20:21:00,200,1,66.6,2021-11-23,2021-11-23
Riez,04166,04,2021-08-01 11:56:00,480,1,66.6,2021-11-23,2021-11-23
Riez,04166,04,2021-09-07 12:26:00,340,1,66.6,2021-11-23,2021-11-23
Rignac,12199,12,2021-04-24 13:00:00,10000,16,2413.29,2021-11-08,2026-05-07
Rilly-sur-Loire,41189,41,2021-05-03 14:12:00,15000,1,220.0,2024-02-08,2024-02-08
Rion-des-Landes,40243,40,2021-08-26 07:33:00,1500,13,47635.0,2022-04-11,2026-02-06
Rivière-Salée,97221,972,2021-05-06 20:51:00,5,14,1043.78,2021-08-25,2025-01-30
Rivière-Salée,97221,972,2021-10-25 10:05:00,200,13,943.8199999999999,2022-01-12,2025-01-30
Robion,84099,84,2021-09-12 23:29:00,500,4,606.0,2024-01-12,2025-02-27
Rocbaron,83106,83,2021-07-14 02:16:00,500,4,752.0,2021-09-30,2026-04-23
Rocbaron,83106,83,2021-07-23 01:41:00,600,4,752.0,2021-09-30,2026-04-23
Rocbaron,83106,83,2021-07-26 02:00:00,200,4,752.0,2021-09-30,2026-04-23
Rodès,66165,66,2021-04-10 23:26:00,5000,1,250.0,2025-10-08,2025-10-08
Rognac,13081,13,2021-05-20 03:59:00,100,3,581.0,2025-08-27,2026-01-05
Rognac,13081,13,2021-06-15 01:56:00,3000,3,581.0,2025-08-27,2026-01-05
Rognac,13081,13,2021-07-16 04:30:00,350,3,581.0,2025-08-27,2026-01-05
Rognac,13081,13,2021-07-16 04:41:00,1000,3,581.0,2025-08-27,2026-01-05
Rognac,13081,13,2021-07-16 05:05:00,200,3,581.0,2025-08-27,2026-01-05
Rognac,13081,13,2021-07-23 04:19:00,200,3,581.0,2025-08-27,2026-01-05
Rognac,13081,13,2021-08-27 15:52:00,20,3,581.0,2025-08-27,2026-01-05
Rognes,13082,13,2021-06-19 20:26:00,50,1,165.0,2023-03-23,2023-03-23
Rognes,13082,13,2021-08-16 20:59:00,800,1,165.0,2023-03-23,2023-03-23
Rognes,13082,13,2021-08-18 22:56:00,900,1,165.0,2023-03-23,2023-03-23
Rognes,13082,13,2021-09-04 11:19:00,10,1,165.0,2023-03-23,2023-03-23
Romorantin-Lanthenay,41194,41,2021-04-03 17:20:00,3000,9,2120.0,2024-03-05,2026-04-17
Roquebrune-sur-Argens,83107,83,2021-05-17 15:41:00,1000,10,1837.8,2021-10-27,2025-12-08
Roquebrune-sur-Argens,83107,83,2021-08-30 06:54:00,50,10,1837.8,2021-10-27,2025-12-08
Roquebrune-sur-Argens,83107,83,2021-10-16 15:02:00,50,10,1837.8,2021-10-27,2025-12-08
Roquefort-la-Bédoule,13085,13,2021-06-11 18:34:00,10,1,50.0,2026-01-15,2026-01-15
Roquevaire,13086,13,2021-08-13 01:40:00,10,1,230.0,2025-06-05,2025-06-05
Rosans,05126,05,2021-10-03 21:08:00,1,1,110.0,2024-11-05,2024-11-05
Rouairoux,81231,81,2021-04-25 10:14:00,10,5,2421.0,2021-05-19,2026-01-28
Roumoules,04172,04,2021-07-29 14:25:00,500,2,248.0,2021-11-04,2025-06-05
Rousset,13087,13,2021-05-20 11:28:00,100,5,1565.0,2022-04-13,2025-02-12
Rousset,13087,13,2021-05-25 14:20:00,300,5,1565.0,2022-04-13,2025-02-12
Rousset,13087,13,2021-06-10 17:04:00,10,5,1565.0,2022-04-13,2025-02-12
Rousset,13087,13,2021-08-13 14:02:00,140,5,1565.0,2022-04-13,2025-02-12
Rousset,13087,13,2021-08-16 11:48:00,5,5,1565.0,2022-04-13,2025-02-12
Roussillon,84102,84,2021-03-30 13:34:00,200,2,2040.0,2022-10-27,2023-10-20
Roybon,38347,38,2021-03-13 16:10:00,400,5,797.0,2022-05-23,2024-02-16
Roybon,38347,38,2021-09-26 17:11:00,10,5,797.0,2022-05-23,2024-02-16
Ruaudin,72260,72,2021-04-15 12:40:00,50,7,1305.0,2023-02-22,2026-03-23
Ruaudin,72260,72,2021-08-17 16:04:00,300,7,1305.0,2023-02-22,2026-03-23
Ruaudin,72260,72,2021-08-27 09:03:00,25,7,1305.0,2023-02-22,2026-03-23
Ruoms,07201,07,2021-08-28 12:53:00,4000,3,316.6,2023-08-29,2025-05-14
Rupt-sur-Moselle,88408,88,2021-04-04 16:44:00,500,2,182.3,2023-11-08,2025-02-18
Régusse,83102,83,2021-03-25 14:01:00,1690,1,180.0,2022-08-09,2022-08-09
Sabran,30225,30,2021-07-25 16:42:00,227,3,308.8,2023-05-09,2026-04-09
Sabran,30225,30,2021-07-25 16:50:00,2,3,308.8,2023-05-09,2026-04-09
Sabran,30225,30,2021-08-23 18:47:00,86,3,308.8,2023-05-09,2026-04-09
Sabran,30225,30,2021-08-25 13:07:00,10,3,308.8,2023-05-09,2026-04-09
Sagelat,24360,24,2021-04-24 17:44:00,1500,5,776.0,2021-12-09,2026-02-20
Saint-Affrique,12208,12,2021-03-24 14:00:00,10000,25,3163.0,2021-10-15,2026-05-05
Saint-Aignan,41198,41,2021-11-10 18:21:00,5,4,669.9,2023-09-29,2024-10-01
Saint-André,66168,66,2021-05-19 14:07:00,2000,1,4576.0,2025-06-02,2025-06-02
Saint-André,66168,66,2021-11-03 06:44:00,6000,1,4576.0,2025-06-02,2025-06-02
Saint-André-de-Cubzac,33366,33,2021-04-28 17:53:00,50,9,3049.0,2022-07-06,2025-07-31
Saint-André-de-Majencoules,30229,30,2021-04-17 17:46:00,50,1,164.0,2025-07-10,2025-07-10
Saint-André-de-Roquelongue,11332,11,2021-04-17 19:22:00,4000,4,696.0,2022-01-12,2025-11-28
Saint-André-de-Sangonis,34239,34,2021-08-23 01:38:00,4389,5,638.0,2021-10-19,2026-02-24
Saint-Antonin-Noble-Val,82155,82,2021-04-23 14:37:00,160000,14,2628.0,2021-05-19,2026-02-03
Saint-Arcons-d'Allier,43167,43,2021-03-31 15:15:00,8500,4,938.4200000000001,2024-03-25,2025-02-17
Saint-Auban,06116,06,2021-04-01 15:15:00,8000,4,10274.0,2022-06-01,2025-11-18
Saint-Auban,06116,06,2021-08-19 13:34:00,200,4,10274.0,2022-06-01,2025-11-18
Saint-Auban-d'Oze,05131,05,2021-04-07 15:44:00,100,3,350.0,2024-11-14,2025-10-23
Saint-Aubin-de-Médoc,33376,33,2021-07-03 11:11:00,50,3,416.0,2023-11-22,2025-09-01
Saint-Aubin-de-Médoc,33376,33,2021-08-31 02:35:00,50000,3,416.0,2023-11-22,2025-09-01
Saint-Aubin-de-Médoc,33376,33,2021-09-01 09:20:00,550000,3,416.0,2023-11-22,2025-09-01
Saint-Aubin-de-Médoc,33376,33,2021-09-06 07:12:00,30000,3,416.0,2023-11-22,2025-09-01
Saint-Aubin-de-Médoc,33376,33,2021-09-12 14:41:00,200,3,416.0,2023-11-22,2025-09-01
Saint-Barthélemy,38363,38,2021-07-21 16:12:00,30,4,655.0,2021-08-16,2025-04-23
Saint-Benoît,04174,04,2021-07-30 13:44:00,200,1,90.0,2022-05-17,2022-05-17
Saint-Benoît,11333,11,2021-08-02 12:13:00,300,3,299.9,2021-10-06,2025-10-13
Saint-Cannat,13091,13,2021-06-28 11:07:00,10,5,498.6,2022-06-24,2026-01-21
Saint-Caprais-de-Lerm,47234,47,2021-03-26 16:30:14,60,2,330.0,2023-04-27,2023-04-27
Saint-Chamas,13092,13,2021-06-30 18:37:00,26500,2,229.0,2025-03-14,2025-11-20
Saint-Chamas,13092,13,2021-07-05 15:11:00,2,2,229.0,2025-03-14,2025-11-20
Saint-Chamas,13092,13,2021-08-02 18:21:00,40,2,229.0,2025-03-14,2025-11-20
Saint-Chef,38374,38,2021-03-10 17:20:00,200,3,320.0,2025-08-06,2026-02-17
Saint-Christoly-de-Blaye,33382,33,2021-03-05 12:48:00,15000,3,388.0,2022-02-15,2025-03-27
Saint-Christoly-de-Blaye,33382,33,2021-04-04 18:32:00,8000,3,388.0,2022-02-15,2025-03-27
Saint-Christoly-de-Blaye,33382,33,2021-04-05 12:05:00,30000,3,388.0,2022-02-15,2025-03-27
Saint-Christoly-de-Blaye,33382,33,2021-05-27 20:49:00,8000,3,388.0,2022-02-15,2025-03-27
Saint-Christoly-de-Blaye,33382,33,2021-05-31 21:14:00,2000,3,388.0,2022-02-15,2025-03-27
Saint-Christoly-de-Blaye,33382,33,2021-08-27 00:22:00,10000,3,388.0,2022-02-15,2025-03-27
Saint-Christophe-Vallon,12215,12,2021-03-09 17:00:00,60000,6,768.0,2022-01-12,2026-04-29
Saint-Claude,39478,39,2021-02-25 15:11:00,3000,1,154.0,2025-12-05,2025-12-05
Saint-Clément,15180,15,2021-02-20 15:25:00,7500,1,250.0,2025-02-24,2025-02-24
Saint-Césaire-de-Gauzignan,30240,30,2021-01-29 18:12:00,15000,1,60.0,2026-03-04,2026-03-04
Saint-Cézaire-sur-Siagne,06118,06,2021-07-26 17:32:00,100,2,133.0,2024-01-31,2025-07-17
Saint-Cézaire-sur-Siagne,06118,06,2021-07-29 11:47:00,7000,2,133.0,2024-01-31,2025-07-17
Saint-Denis,97411,974,2021-09-25 05:19:00,900,13,1957.31,2022-01-18,2025-11-10
Saint-Denis,97411,974,2021-09-25 05:19:00,1800,13,1957.31,2022-01-18,2025-11-10
Saint-Dizier-Masbaraud,23189,23,2021-04-24 18:35:00,20000,7,1204.0,2022-08-02,2026-04-14
Saint-Dizier-Masbaraud,23189,23,2021-04-24 21:01:00,5000,7,1204.0,2022-08-02,2026-04-14
Saint-Dié-des-Vosges,88413,88,2021-03-20 14:12:00,1,4,1220.0,2022-10-24,2026-04-10
Saint-Dié-des-Vosges,88413,88,2021-05-31 13:12:00,1,4,1220.0,2022-10-24,2026-04-10
Saint-Dié-des-Vosges,88413,88,2021-06-15 13:56:00,1,4,1220.0,2022-10-24,2026-04-10
Saint-Donat,63336,63,2021-04-25 15:15:00,21500,4,686.0,2025-07-21,2026-01-23
Saint-Dézéry,30248,30,2021-04-23 14:35:00,20000,1,98.0,2026-01-14,2026-01-14
Saint-Esprit,97223,972,2021-01-06 16:09:00,2,15,2299.42,2021-03-17,2025-10-30
Saint-Estève,66172,66,2021-05-28 09:58:00,2000,15,4396.55,2021-08-20,2026-04-15
Saint-Estève-Janson,13093,13,2021-08-18 13:43:00,70,3,310.0,2025-03-04,2026-02-25
Saint-Flour,15187,15,2021-07-23 16:21:00,400,12,2093.68,2023-07-07,2026-03-26
Saint-Front-sur-Nizonne,24411,24,2021-04-08 14:14:00,420000,1,2088.0,2022-01-26,2022-01-26
Saint-Féliu-d'Avall,66174,66,2021-06-14 12:33:00,70000,3,3160.0,2024-08-06,2025-03-21
Saint-Genis-de-Saintonge,17331,17,2021-04-22 16:20:00,4000,6,780.0,2022-01-04,2025-02-06
Saint-Georges-d'Espéranche,38389,38,2021-02-22 17:25:00,400,6,3995.0,2021-06-28,2026-01-20
Saint-Georges-sur-Cher,41211,41,2021-05-03 13:49:00,40000,4,555.8,2023-05-25,2026-01-05
Saint-Germain-du-Bel-Air,46267,46,2021-09-01 18:19:00,200,1,106.0,2021-09-23,2021-09-23
Saint-Gérons,15189,15,2021-02-24 15:41:00,100,3,517.5,2021-09-08,2025-03-04
Saint-Haon,43192,43,2021-04-20 15:08:00,64000,11,1807.58,2021-06-07,2026-02-04
Saint-Hilaire-Peyroux,19211,19,2021-03-24 17:38:00,100,4,977.0,2024-12-24,2025-10-14
Saint-Hilaire-de-Riez,85226,85,2021-06-15 01:23:00,200,15,3030.0,2022-05-31,2026-05-28
Saint-Hilaire-de-Riez,85226,85,2021-08-31 19:22:00,2500,15,3030.0,2022-05-31,2026-05-28
Saint-Hilaire-les-Places,87150,87,2021-04-03 16:44:00,100000,3,342.0,2021-11-18,2024-04-04
Saint-Hippolyte,66176,66,2021-03-30 17:07:00,12000,2,198.9,2024-08-13,2024-10-29
Saint-Hippolyte,66176,66,2021-05-18 17:27:00,10000,2,198.9,2024-08-13,2024-10-29
Saint-Hippolyte,66176,66,2021-06-25 16:31:00,10000,2,198.9,2024-08-13,2024-10-29
Saint-Hippolyte,66176,66,2021-09-17 15:03:00,15000,2,198.9,2024-08-13,2024-10-29
Saint-Hippolyte-du-Fort,30263,30,2021-08-18 15:06:00,5036,5,485.99,2022-10-18,2025-08-13
Saint-Jean-Lasseille,66177,66,2021-01-15 07:29:00,15000,1,2900.0,2025-12-09,2025-12-09
Saint-Jean-Pla-de-Corts,66178,66,2021-07-18 19:19:00,26800,1,130.0,2024-10-15,2024-10-15
Saint-Jean-de-Bournay,38399,38,2021-03-09 15:01:00,3000,8,1262.5,2022-06-08,2026-05-27
Saint-Jean-de-Duras,47247,47,2021-04-24 17:02:42,700,2,348.0,2024-06-03,2024-06-03
Saint-Jean-de-Monts,85234,85,2021-04-04 01:50:00,100,10,1845.0,2021-06-03,2026-01-21
Saint-Jean-de-la-Motte,72291,72,2021-05-06 17:41:00,200,1,190.0,2026-03-16,2026-03-16
Saint-Juire-Champgillon,85235,85,2021-09-08 04:14:00,200,3,518.0,2022-07-29,2025-02-11
Saint-Julien,83113,83,2021-03-16 11:03:00,5000,6,525.0,2021-11-04,2026-01-07
Saint-Julien-le-Petit,87153,87,2021-03-29 17:56:00,10000,1,440.0,2025-12-15,2025-12-15
Saint-Laon,86227,86,2021-03-17 20:16:43,200,2,378.78,2023-10-04,2024-12-12
Saint-Lattier,38410,38,2021-03-31 17:05:00,7000,2,189.0,2022-05-17,2024-01-04
Saint-Laurent-de-la-Cabrerisse,11351,11,2021-01-18 18:47:00,250,2,180.0,2022-09-13,2023-02-27
Saint-Laurent-de-la-Cabrerisse,11351,11,2021-03-10 17:52:00,150,2,180.0,2022-09-13,2023-02-27
Saint-Laurent-de-la-Cabrerisse,11351,11,2021-03-18 16:59:00,16100,2,180.0,2022-09-13,2023-02-27
Saint-Laurent-de-la-Cabrerisse,11351,11,2021-03-26 19:00:00,250,2,180.0,2022-09-13,2023-02-27
Saint-Laurent-de-la-Cabrerisse,11351,11,2021-05-22 14:42:00,50500,2,180.0,2022-09-13,2023-02-27
Saint-Laurent-de-la-Salanque,66180,66,2021-07-16 14:58:00,15000,1,80.0,2026-01-13,2026-01-13
Saint-Laurent-des-Hommes,24436,24,2021-04-24 14:55:00,5000,2,4200.0,2022-04-20,2025-02-21
Saint-Laurent-des-Hommes,24436,24,2021-08-27 13:49:00,20000,2,4200.0,2022-04-20,2025-02-21
Saint-Laurent-sur-Gorre,87158,87,2021-04-14 15:45:00,300,11,1754.0,2025-02-06,2026-05-20
Saint-Louis,97414,974,2021-11-20 06:51:00,64,9,1016.5600000000001,2021-12-09,2025-08-14
Saint-Léger-de-Peyre,48168,48,2021-04-02 17:47:00,75000,3,565.0,2022-02-16,2025-10-21
Saint-Léon-sur-Vézère,24443,24,2021-03-02 21:34:00,200,1,89.0,2021-06-29,2021-06-29
Saint-Léonard-des-Bois,72294,72,2021-04-03 14:35:00,500,2,165.8,2024-07-25,2024-10-21
Saint-Léonard-en-Beauce,41221,41,2021-03-04 19:04:00,3,1,192.0,2023-04-11,2023-04-11
Saint-Magne,33436,33,2021-04-19 15:46:00,50000,2,25200.0,2022-12-01,2022-12-01
Saint-Marc-du-Cor,41224,41,2021-08-12 16:22:00,15150,2,319.0,2023-12-07,2024-11-21
Saint-Marcel-sur-Aude,11353,11,2021-07-25 16:16:00,5000,3,272.0,2023-03-29,2024-11-13
Saint-Mars-la-Brière,72300,72,2021-04-07 14:13:00,1500,2,4378.0,2023-03-08,2026-03-18
Saint-Martial-d'Artenset,24449,24,2021-04-14 12:41:00,10000,8,1338.0,2021-04-23,2026-04-22
Saint-Martin-Valmeroux,15202,15,2021-04-24 16:00:00,5000,19,2658.12,2021-08-27,2026-04-02
Saint-Martin-Vésubie,06127,06,2021-12-23 12:52:00,2000,1,88.0,2024-11-08,2024-11-08
Saint-Martin-de-Crau,13097,13,2021-03-20 21:54:00,40,41,17865.4,2021-03-30,2026-05-26
Saint-Martin-de-Crau,13097,13,2021-03-25 14:46:00,5,41,17865.4,2021-03-30,2026-05-26
Saint-Martin-de-Valgalgues,30284,30,2021-07-21 14:02:00,31,6,15943.0,2023-12-14,2025-10-06
Saint-Martin-le-Beau,37225,37,2021-04-08 15:47:00,5000,1,250.0,2023-04-27,2023-04-27
Saint-Maurice-sur-Moselle,88426,88,2021-04-03 19:02:00,20,1,99.9,2024-11-21,2024-11-21
Saint-Mitre-les-Remparts,13098,13,2021-03-16 14:29:00,10,4,343.0,2021-10-19,2024-08-29
Saint-Mitre-les-Remparts,13098,13,2021-06-05 15:28:00,1000,4,343.0,2021-10-19,2024-08-29
Saint-Mitre-les-Remparts,13098,13,2021-08-23 18:06:00,200,4,343.0,2021-10-19,2024-08-29
Saint-Mitre-les-Remparts,13098,13,2021-10-03 21:27:00,100,4,343.0,2021-10-19,2024-08-29
Saint-Médard-d'Excideuil,24463,24,2021-08-30 14:50:00,20000,3,363.3,2022-09-15,2025-11-27
Saint-Médard-de-Presque,46281,46,2021-03-24 15:50:00,200,2,312.8,2022-06-14,2026-01-19
Saint-Médard-en-Jalles,33449,33,2021-03-31 16:26:00,50,5,2782.0,2022-01-12,2025-05-21
Saint-Médard-en-Jalles,33449,33,2021-04-01 04:29:00,100,5,2782.0,2022-01-12,2025-05-21
Saint-Médard-en-Jalles,33449,33,2021-04-02 15:08:00,150,5,2782.0,2022-01-12,2025-05-21
Saint-Nabord,88429,88,2021-04-03 14:32:00,150,4,446.6,2024-01-30,2026-03-30
Saint-Nazaire-les-Eymes,38431,38,2021-04-19 20:52:00,100,1,100.0,2021-09-01,2021-09-01
Saint-Paul,97415,974,2021-07-26 07:24:00,9101,9,6142.38,2021-08-26,2025-01-01
Saint-Paul,97415,974,2021-08-03 17:39:00,50000,9,6142.38,2021-08-26,2025-01-01
Saint-Paul,97415,974,2021-08-03 17:43:00,140594,9,6142.38,2021-08-26,2025-01-01
Saint-Paul,97415,974,2021-08-21 12:27:00,5000,9,6142.38,2021-08-26,2025-01-01
Saint-Paul,97415,974,2021-09-18 15:43:00,10000,8,6042.93,2022-01-11,2025-01-01
Saint-Paul,97415,974,2021-10-02 07:58:00,384400,8,6042.93,2022-01-11,2025-01-01
Saint-Paul,97415,974,2021-11-25 09:11:00,4000,8,6042.93,2022-01-11,2025-01-01
Saint-Paul-lès-Dax,40279,40,2021-04-14 16:48:00,2500,13,2323.2,2021-09-27,2026-05-06
Saint-Pierre-du-Mont,40281,40,2021-06-15 13:20:00,500,9,2391.3,2021-10-13,2024-11-15
Saint-Pompont,24488,24,2021-03-27 17:35:00,10000,4,447.8,2024-03-04,2025-01-08
Saint-Pons,04195,04,2021-03-31 19:50:00,50,3,477.0,2021-11-29,2025-04-30
Saint-Pons,04195,04,2021-08-15 15:57:00,1,3,477.0,2021-11-29,2025-04-30
Saint-Priest-Ligoure,87176,87,2021-04-06 19:39:00,15000,7,1081.0,2023-10-04,2026-02-03
Saint-Priest-Ligoure,87176,87,2021-04-22 01:22:00,300,7,1081.0,2023-10-04,2026-02-03
Saint-Priest-de-Gimel,19236,19,2021-03-02 17:06:00,10000,1,10332.0,2021-03-29,2021-03-29
Saint-Privat-des-Vieux,30294,30,2021-07-29 21:40:00,349,1,264.0,2023-05-11,2023-05-11
Saint-Pée-sur-Nivelle,64495,64,2021-02-20 19:36:25,10000,4,805.0,2025-09-11,2026-04-16
Saint-Pée-sur-Nivelle,64495,64,2021-04-10 17:42:56,3000,4,805.0,2025-09-11,2026-04-16
Saint-Raphaël,83118,83,2021-07-06 19:13:00,40,3,255.0,2022-02-01,2026-04-02
Saint-Romain-de-Jalionas,38451,38,2021-09-11 16:00:00,100,5,467.8,2024-12-02,2026-01-20
Saint-Romain-de-Surieu,38452,38,2021-04-27 16:48:00,100,3,475.0,2024-04-18,2025-11-06
Saint-Rémy-de-Provence,13100,13,2021-08-16 15:15:00,2,24,7377.0,2021-11-19,2026-04-21
Saint-Saturnin-lès-Apt,84118,84,2021-04-15 14:40:00,10000,4,1837.0,2023-02-09,2025-10-23
Saint-Saturnin-lès-Apt,84118,84,2021-09-14 10:55:00,16,4,1837.0,2023-02-09,2025-10-23
Saint-Savin,33473,33,2021-03-28 18:59:00,6991,8,1475.0,2021-10-26,2025-12-12
Saint-Simon,15215,15,2021-04-08 19:02:00,100,3,279.68,2022-12-13,2023-08-01
Saint-Sulpice-Laurière,87181,87,2021-04-25 13:05:00,20000,5,750.8,2024-10-14,2026-01-21
Saint-Théoffrey,38462,38,2021-04-10 17:30:00,300,1,180.0,2023-10-09,2023-10-09
Saint-Vaury,23247,23,2021-03-09 15:51:00,8000,10,1983.0,2021-08-12,2026-02-11
Saint-Victor,15217,15,2021-03-28 15:42:00,7500,1,82.8,2021-06-25,2021-06-25
Saint-Victoret,13102,13,2021-07-29 11:33:00,10,2,420.0,2024-03-08,2025-05-05
Saint-Yrieix-la-Perche,87187,87,2021-04-17 21:36:00,5000,15,9173.8,2021-10-28,2025-12-09
Saint-Égrève,38382,38,2021-03-21 15:50:00,100,8,2104.3,2023-10-04,2025-06-19
Saint-Étienne-de-Baïgorry,64477,64,2021-07-02 20:27:03,5,2,262.0,2023-11-09,2024-08-01
Saint-Étienne-de-Crossey,38383,38,2021-02-22 15:15:00,20,1,240.0,2022-11-22,2022-11-22
Sainte-Anastasie-sur-Issole,83111,83,2021-04-07 07:02:00,200,1,90.0,2025-06-19,2025-06-19
Sainte-Eulalie-d'Olt,12219,12,2021-03-31 13:00:00,20000,1,89.0,2023-07-11,2023-07-11
Sainte-Fortunade,19203,19,2021-03-23 15:48:00,2000,3,730.0,2024-02-28,2025-09-03
Sainte-Livrade-sur-Lot,47252,47,2021-10-20 11:40:41,20,16,4053.6,2021-12-13,2026-03-31
Sainte-Sabine-sur-Longève,72319,72,2021-04-20 19:34:00,100,2,339.0,2023-11-21,2025-06-17
Sainte-Valière,11366,11,2021-04-02 11:49:00,11329,1,88.0,2026-05-04,2026-05-04
Saintes-Maries-de-la-Mer,13096,13,2021-04-23 15:45:00,4000,4,578.0,2024-11-12,2025-03-03
Salaise-sur-Sanne,38468,38,2021-04-09 08:36:00,1500,8,5984.0,2022-06-08,2026-05-28
Salaunes,33494,33,2021-05-24 18:52:00,30,1,160.0,2024-09-12,2024-09-12
Salaunes,33494,33,2021-09-07 21:22:00,500,1,160.0,2024-09-12,2024-09-12
Saleilles,66189,66,2021-07-10 22:09:00,6000,2,429.0,2023-10-10,2026-05-26
Saleilles,66189,66,2021-07-14 21:31:00,30000,2,429.0,2023-10-10,2026-05-26
Salernes,83121,83,2021-07-10 11:47:00,150,3,13849.0,2023-10-25,2025-03-06
Salernes,83121,83,2021-07-18 23:08:00,300,3,13849.0,2023-10-25,2025-03-06
Saliceto,2B267,2B,2021-09-03 14:05:00,15,1,99.75,2023-05-09,2023-05-09
Salies-de-Béarn,64499,64,2021-03-31 08:29:37,10000,6,780.0,2021-04-19,2025-09-24
Salies-de-Béarn,64499,64,2021-04-05 18:53:58,5,6,780.0,2021-04-19,2025-09-24
Salles-d'Aude,11370,11,2021-01-24 17:33:00,5000,1,220.0,2025-03-03,2025-03-03
Salles-d'Aude,11370,11,2021-06-12 23:06:00,35396,1,220.0,2025-03-03,2025-03-03
Salles-d'Aude,11370,11,2021-11-16 17:54:00,20,1,220.0,2025-03-03,2025-03-03
Salon-de-Provence,13103,13,2021-02-21 13:29:00,40,26,6525.0,2021-02-26,2026-04-28
Salon-de-Provence,13103,13,2021-03-27 18:18:00,200,25,6270.0,2021-09-03,2026-04-28
Salon-de-Provence,13103,13,2021-04-02 19:40:00,50,25,6270.0,2021-09-03,2026-04-28
Salon-de-Provence,13103,13,2021-04-19 19:57:00,10,25,6270.0,2021-09-03,2026-04-28
Salon-de-Provence,13103,13,2021-06-26 17:45:00,9800,25,6270.0,2021-09-03,2026-04-28
Salon-de-Provence,13103,13,2021-06-30 12:39:00,20,25,6270.0,2021-09-03,2026-04-28
Salon-de-Provence,13103,13,2021-07-25 15:40:00,3200,25,6270.0,2021-09-03,2026-04-28
Salon-de-Provence,13103,13,2021-07-26 13:58:00,800,25,6270.0,2021-09-03,2026-04-28
Salon-de-Provence,13103,13,2021-08-02 16:46:00,1000,25,6270.0,2021-09-03,2026-04-28
Salses-le-Château,66190,66,2021-02-05 13:39:00,2000,1,99.0,2021-03-12,2021-03-12
Salviac,46297,46,2021-03-02 17:06:00,10000,6,778.8,2021-09-22,2026-05-20
San-Giuliano,2B303,2B,2021-09-24 12:33:00,800,3,299.91999999999996,2021-11-18,2023-09-19
Santo-Pietro-di-Tenda,2B314,2B,2021-04-05 18:29:00,50,6,583.45,2021-08-04,2023-10-26
Sargé-sur-Braye,41235,41,2021-05-03 18:16:00,45,4,514.6,2021-08-09,2026-04-15
Sarrians,84122,84,2021-01-15 18:44:00,2500,7,1338.0,2021-03-10,2025-10-07
Sarrola-Carcopino,2A271,2A,2021-03-28 18:16:00,100,17,1657.48,2021-03-31,2026-02-18
Sarrola-Carcopino,2A271,2A,2021-07-03 10:34:00,20,16,1557.64,2021-09-29,2026-02-18
Sarrola-Carcopino,2A271,2A,2021-07-20 17:22:00,20,16,1557.64,2021-09-29,2026-02-18
Sarrola-Carcopino,2A271,2A,2021-10-09 11:40:00,532,15,1473.49,2022-03-22,2026-02-18
Sarrola-Carcopino,2A271,2A,2021-10-19 14:10:00,50,15,1473.49,2022-03-22,2026-02-18
Sartène,2A272,2A,2021-05-18 20:37:00,10,5,483.04,2022-01-27,2025-02-26
Sartène,2A272,2A,2021-06-13 15:31:00,200,5,483.04,2022-01-27,2025-02-26
Sartène,2A272,2A,2021-08-10 21:12:00,1,5,483.04,2022-01-27,2025-02-26
Sartène,2A272,2A,2021-08-14 22:45:00,100,5,483.04,2022-01-27,2025-02-26
Sartène,2A272,2A,2021-08-14 23:06:00,8000,5,483.04,2022-01-27,2025-02-26
Sartène,2A272,2A,2021-08-24 10:57:00,3000,5,483.04,2022-01-27,2025-02-26
Sartène,2A272,2A,2021-08-27 15:34:00,100,5,483.04,2022-01-27,2025-02-26
Sartène,2A272,2A,2021-10-10 12:21:00,2000,5,483.04,2022-01-27,2025-02-26
Saturargues,34294,34,2021-08-17 20:56:00,40,3,297.0,2022-09-14,2026-02-23
Sault,84123,84,2021-05-14 09:08:00,2,8,905.0,2021-08-30,2025-12-11
Sault,84123,84,2021-07-20 19:06:00,300,8,905.0,2021-08-30,2025-12-11
Saulxures-sur-Moselotte,88447,88,2021-06-18 19:44:00,1,2,465.0,2023-10-06,2025-11-21
Saumane,04201,04,2021-04-02 16:10:00,2900,1,200.0,2025-07-08,2025-07-08
Sauve,30311,30,2021-04-14 17:40:00,100,3,535.0,2023-02-06,2024-05-14
Sauve,30311,30,2021-06-06 14:35:00,8000,3,535.0,2023-02-06,2024-05-14
Sauve,30311,30,2021-08-15 14:02:00,844,3,535.0,2023-02-06,2024-05-14
Savigné-sous-le-Lude,72330,72,2021-04-18 17:41:00,20000,4,7849.0,2024-11-20,2026-05-22
Saze,30315,30,2021-06-13 19:28:00,40000,4,1333.5,2022-04-19,2023-10-19
Schœlcher,97229,972,2021-05-15 12:49:00,60,14,892.76,2021-07-29,2025-10-30
Seillons-Source-d'Argens,83125,83,2021-09-07 18:28:00,30,1,50.0,2023-04-14,2023-04-14
Selles-Saint-Denis,41241,41,2021-08-20 08:48:00,100,2,455.0,2024-12-02,2024-12-02
Selles-sur-Cher,41242,41,2021-04-24 13:39:00,500,1,250.0,2024-12-02,2024-12-02
Senaide,88450,88,2021-04-04 12:56:00,600,2,460.0,2025-07-28,2025-08-25
Septèmes-les-Vallons,13106,13,2021-06-20 21:26:00,20,2,5850.0,2022-08-24,2026-05-21
Septèmes-les-Vallons,13106,13,2021-07-19 14:42:00,20,2,5850.0,2022-08-24,2026-05-21
Septèmes-les-Vallons,13106,13,2021-07-30 17:09:00,20,2,5850.0,2022-08-24,2026-05-21
Septèmes-les-Vallons,13106,13,2021-08-06 17:09:00,150,2,5850.0,2022-08-24,2026-05-21
Septèmes-les-Vallons,13106,13,2021-08-19 16:28:00,50,2,5850.0,2022-08-24,2026-05-21
Septèmes-les-Vallons,13106,13,2021-09-12 18:47:00,300,2,5850.0,2022-08-24,2026-05-21
Serra-di-Ferro,2A276,2A,2021-05-10 12:19:00,200,3,299.0,2024-07-02,2024-10-16
Seyssinet-Pariset,38485,38,2021-04-04 13:51:00,50,2,154.0,2026-02-05,2026-05-06
Sigean,11379,11,2021-04-08 15:39:00,7000,4,974.0,2025-09-12,2026-04-14
Sigean,11379,11,2021-07-11 23:45:00,20,4,974.0,2025-09-12,2026-04-14
Sigean,11379,11,2021-07-30 06:34:00,20,4,974.0,2025-09-12,2026-04-14
Silhac,07314,07,2021-09-02 16:59:00,150,2,429.8,2024-11-18,2024-12-26
Simiane-Collongue,13107,13,2021-08-12 15:19:00,100,1,77.0,2025-01-03,2025-01-03
Siran,34302,34,2021-05-28 12:28:00,4631,1,50.0,2025-11-13,2025-11-13
Siran,34302,34,2021-06-28 05:05:00,491,1,50.0,2025-11-13,2025-11-13
Sirod,39517,39,2021-03-03 11:01:00,2,1,60.0,2023-07-20,2023-07-20
Sisteron,04209,04,2021-02-19 14:50:00,1000,26,4289.7,2021-04-20,2026-04-17
Sisteron,04209,04,2021-03-23 13:59:00,100,26,4289.7,2021-04-20,2026-04-17
Sisteron,04209,04,2021-03-24 09:36:00,20,26,4289.7,2021-04-20,2026-04-17
Somloire,49336,49,2021-07-19 14:46:00,80000,3,580.0,2025-05-26,2025-12-01
Sonnay,38496,38,2021-02-20 16:27:00,300,4,940.0,2024-10-22,2025-12-23
Sorbo-Ocagnano,2B286,2B,2021-03-30 04:49:00,5000,4,368.04,2021-05-11,2022-03-09
Sorbo-Ocagnano,2B286,2B,2021-07-01 16:48:00,19000,3,268.20000000000005,2022-03-08,2022-03-09
Sore,40307,40,2021-03-13 10:52:00,2,8,22994.0,2021-03-31,2025-05-07
Sorgues,84129,84,2021-04-04 14:25:00,100,15,2105.8,2021-09-15,2026-04-22
Sorgues,84129,84,2021-04-18 21:20:00,2400,15,2105.8,2021-09-15,2026-04-22
Sorgues,84129,84,2021-04-22 18:02:00,3400,15,2105.8,2021-09-15,2026-04-22
Sorgues,84129,84,2021-08-23 09:26:00,40000,15,2105.8,2021-09-15,2026-04-22
Sotta,2A288,2A,2021-04-06 10:54:00,300,1,99.9,2021-10-12,2021-10-12
Sotta,2A288,2A,2021-06-25 15:27:00,341,1,99.9,2021-10-12,2021-10-12
Sotta,2A288,2A,2021-08-16 14:08:00,10,1,99.9,2021-10-12,2021-10-12
Sotta,2A288,2A,2021-08-19 17:48:00,10,1,99.9,2021-10-12,2021-10-12
Sotta,2A288,2A,2021-08-27 10:05:00,20,1,99.9,2021-10-12,2021-10-12
Soturac,46307,46,2021-04-07 13:54:00,1500,2,340.0,2021-08-20,2026-03-09
Soubès,34304,34,2021-03-23 17:28:00,1522,1,61.35,2021-04-10,2021-04-10
Souesmes,41249,41,2021-10-21 16:16:00,10,1,88.0,2024-06-05,2024-06-05
Souzay-Champigny,49341,49,2021-04-27 13:32:00,15000,1,110.0,2023-10-26,2023-10-26
Spay,72344,72,2021-04-22 22:22:00,2000,7,1043.9,2021-06-30,2025-03-21
Sublaines,37253,37,2021-04-19 15:51:00,5000,1,132.0,2023-10-24,2023-10-24
Sumène,30325,30,2021-03-25 19:34:00,10000,1,110.0,2025-04-15,2025-04-15
Susville,38499,38,2021-06-11 17:35:00,5000,4,4719.0,2023-05-04,2026-03-16
Sénas,13105,13,2021-04-09 05:28:00,200,23,14483.0,2021-11-24,2025-12-24
Séranon,06134,06,2021-12-11 15:12:00,18000,1,9240.0,2026-04-08,2026-04-08
Talairan,11386,11,2021-03-26 15:11:00,10070,1,80.0,2025-05-27,2025-05-27
Talairan,11386,11,2021-04-17 18:15:00,10004,1,80.0,2025-05-27,2025-05-27
Talairan,11386,11,2021-07-24 20:29:00,6500,1,80.0,2025-05-27,2025-05-27
Talairan,11386,11,2021-08-18 00:25:00,100,1,80.0,2025-05-27,2025-05-27
Talairan,11386,11,2021-08-22 19:21:00,16051,1,80.0,2025-05-27,2025-05-27
Tallone,2B320,2B,2021-06-16 14:02:00,10000,8,749.89,2022-02-24,2025-04-03
Tarascon,13108,13,2021-04-01 17:09:00,500,20,9247.0,2022-01-28,2026-04-28
Tarascon,13108,13,2021-04-17 13:46:00,1000,20,9247.0,2022-01-28,2026-04-28
Tarascon,13108,13,2021-06-06 14:34:00,40,20,9247.0,2022-01-28,2026-04-28
Tarascon,13108,13,2021-06-28 01:48:00,100,20,9247.0,2022-01-28,2026-04-28
Tartonne,04214,04,2021-08-10 14:50:00,28700,4,400.0,2021-09-15,2024-10-09
Taurize,11387,11,2021-08-24 19:59:00,30,1,250.0,2024-10-01,2024-10-01
Taurize,11387,11,2021-12-18 19:39:00,10,1,250.0,2024-10-01,2024-10-01
Taussac,12277,12,2021-04-02 16:00:00,4000,10,1809.0,2023-10-11,2026-05-26
Tautavel,66205,66,2021-03-27 11:03:00,10000,1,3872.0,2025-02-20,2025-02-20
Tautavel,66205,66,2021-08-26 12:40:00,902900,1,3872.0,2025-02-20,2025-02-20
Tautavel,66205,66,2021-11-07 17:52:00,300,1,3872.0,2025-02-20,2025-02-20
Terres-de-Haute-Charente,16192,16,2021-04-18 15:20:00,15000,12,1963.0,2021-08-17,2025-12-10
Thiézac,15236,15,2021-04-17 16:18:00,500,7,1314.0,2024-12-12,2026-05-21
Thoard,04217,04,2021-03-01 14:41:00,7300,2,249.0,2021-10-01,2024-04-09
Thuir,66210,66,2021-11-19 15:06:00,5000,10,3368.8,2022-06-30,2026-03-09
Thuré,86272,86,2021-04-23 09:16:54,80000,2,266.96,2021-07-08,2023-09-04
Thézan-des-Corbières,11390,11,2021-03-23 13:16:00,70,2,311.3,2023-08-23,2026-04-10
Thézan-lès-Béziers,34310,34,2021-07-09 13:31:00,1149,5,5312.8,2024-01-31,2025-09-24
Torreilles,66212,66,2021-03-21 18:46:00,10000,3,2384.9,2022-09-12,2024-09-24
Toulaud,07323,07,2021-04-01 20:39:00,2500,3,385.0,2024-11-06,2024-11-06
Toulon,83137,83,2021-03-30 12:40:00,500,4,1271.8,2021-11-24,2025-03-14
Tourves,83140,83,2021-04-09 13:02:00,1500,7,1126.0,2021-07-06,2025-06-04
Tourves,83140,83,2021-05-21 13:52:00,300,7,1126.0,2021-07-06,2025-06-04
Tourves,83140,83,2021-07-11 16:50:00,50,6,1020.0,2022-12-20,2025-06-04
Tourves,83140,83,2021-08-14 15:57:00,300,6,1020.0,2022-12-20,2025-06-04
Trentels,47315,47,2021-07-13 11:30:39,20,5,839.0,2021-08-31,2025-10-29
Tresques,30331,30,2021-08-28 14:01:00,143,6,806.8,2022-05-18,2025-05-28
Tresserre,66214,66,2021-05-26 17:12:00,2000,1,2795.0,2023-06-20,2023-06-20
Tresserre,66214,66,2021-06-08 17:18:00,8000,1,2795.0,2023-06-20,2023-06-20
Tresserre,66214,66,2021-06-09 12:06:00,4000,1,2795.0,2023-06-20,2023-06-20
Tresserre,66214,66,2021-07-19 15:23:00,1000,1,2795.0,2023-06-20,2023-06-20
Tresserre,66214,66,2021-11-09 11:49:00,7000,1,2795.0,2023-06-20,2023-06-20
Trets,13110,13,2021-03-31 14:56:00,1000,10,1856.9,2024-07-30,2026-01-20
Trets,13110,13,2021-06-10 17:58:00,20,10,1856.9,2024-07-30,2026-01-20
Trets,13110,13,2021-08-10 18:35:00,480,10,1856.9,2024-07-30,2026-01-20
Trèbes,11397,11,2021-04-16 17:04:00,10,5,1090.0,2024-11-14,2026-04-08
Trèbes,11397,11,2021-05-27 14:58:00,30077,5,1090.0,2024-11-14,2026-04-08
Trèbes,11397,11,2021-06-14 15:54:00,7500,5,1090.0,2024-11-14,2026-04-08
Trèbes,11397,11,2021-07-08 15:00:00,500,5,1090.0,2024-11-14,2026-04-08
Trèbes,11397,11,2021-07-27 13:52:00,4430,5,1090.0,2024-11-14,2026-04-08
Trèbes,11397,11,2021-08-12 11:22:00,4200,5,1090.0,2024-11-14,2026-04-08
Trèbes,11397,11,2021-08-13 21:10:00,200,5,1090.0,2024-11-14,2026-04-08
Trèbes,11397,11,2021-08-22 16:10:00,300,5,1090.0,2024-11-14,2026-04-08
Trèves,30332,30,2021-03-24 11:51:00,100,1,88.0,2022-04-19,2022-04-19
Tuchan,11401,11,2021-04-08 08:11:00,10010,4,360.8,2022-11-08,2026-02-03
Tuffé Val de la Chéronne,72363,72,2021-04-21 16:27:00,300,2,440.0,2023-05-30,2024-12-11
Ucciani,2A330,2A,2021-04-16 15:50:00,800,2,198.9,2022-10-06,2025-01-28
Uchacq-et-Parentis,40320,40,2021-03-25 19:05:00,2000,2,14128.0,2021-09-17,2024-10-01
Uchacq-et-Parentis,40320,40,2021-09-13 19:53:00,10,2,14128.0,2021-09-17,2024-10-01
Uchaux,84135,84,2021-07-30 06:33:00,400,2,282.8,2023-01-12,2025-01-23
Urrugne,64545,64,2021-02-20 10:49:58,4500000,2,469.2,2023-08-03,2025-08-14
Urtaca,2B332,2B,2021-01-29 16:39:00,10,2,449.76,2022-01-12,2023-08-01
Vachères,04227,04,2021-03-31 12:06:00,40,1,88.0,2023-08-16,2023-08-16
Vagney,88486,88,2021-02-25 15:42:00,400,3,418.0,2022-11-25,2026-04-24
Val d'Arcomie,15108,15,2021-05-09 14:18:00,100,8,1572.68,2022-07-06,2026-01-29
Val-de-Dagne,11251,11,2021-09-15 18:41:00,5,1,250.0,2025-11-26,2025-11-26
Val-de-Dagne,11251,11,2021-11-18 09:58:00,4500,1,250.0,2025-11-26,2025-11-26
Val-de-Livenne,33380,33,2021-09-05 17:57:00,3000,6,893.0,2022-05-13,2026-03-12
Val-de-Virieu,38560,38,2021-03-13 16:34:00,10,5,803.9,2021-06-03,2026-03-12
Valence-en-Poitou,86082,86,2021-03-08 15:46:45,400,16,4906.73,2021-12-15,2026-01-22
Valence-en-Poitou,86082,86,2021-03-09 18:20:07,10000,16,4906.73,2021-12-15,2026-01-22
Valencisse,41142,41,2021-03-03 18:14:00,20,5,7413.400000000001,2021-12-08,2025-03-28
Valencisse,41142,41,2021-04-04 17:19:00,200,5,7413.400000000001,2021-12-08,2025-03-28
Vallabrix,30337,30,2021-06-15 19:28:00,4500,1,80.0,2026-01-26,2026-01-26
Valleroy-le-Sec,88490,88,2021-04-20 21:44:00,10,3,525.0,2022-12-08,2026-05-20
Vallière,23257,23,2021-04-20 14:53:00,30,7,1280.0,2023-01-05,2026-04-07
Vannes,56260,56,2021-04-22 16:14:00,60000,9,1937.87,2021-05-27,2026-04-16
Varces-Allières-et-Risset,38524,38,2021-06-03 08:19:00,100,2,263.0,2024-01-15,2024-07-02
Varennes-le-Grand,71555,71,2021-07-01 16:16:00,1,1,66.0,2026-05-04,2026-05-04
Vedène,84141,84,2021-07-24 14:18:00,6400,15,2247.8,2022-01-13,2026-01-21
Vedène,84141,84,2021-08-16 09:14:00,470,15,2247.8,2022-01-13,2026-01-21
Velaux,13112,13,2021-06-16 15:03:00,100,1,88.0,2024-04-04,2024-04-04
Velleron,84142,84,2021-03-21 10:11:00,160,1,99.0,2022-11-30,2022-11-30
Velleron,84142,84,2021-08-12 03:51:00,20,1,99.0,2022-11-30,2022-11-30
Vence,06157,06,2021-07-14 12:05:00,89000,2,242.0,2024-02-05,2024-05-14
Vence,06157,06,2021-07-26 16:48:00,300,2,242.0,2024-02-05,2024-05-14
Vendres,34329,34,2021-01-14 10:29:00,1867,9,1624.0,2024-06-14,2026-01-23
Vendémian,34328,34,2021-08-01 13:06:00,69781,2,198.4,2024-08-08,2025-02-06
Vendémian,34328,34,2021-08-23 11:55:00,13,2,198.4,2024-08-08,2025-02-06
Vendôme,41269,41,2021-05-30 07:43:00,10,5,4977.79,2021-07-01,2024-09-05
Ventabren,13114,13,2021-05-29 14:41:00,500,3,4530.0,2023-02-01,2025-01-06
Ventabren,13114,13,2021-07-29 13:03:00,1900,3,4530.0,2023-02-01,2025-01-06
Ventabren,13114,13,2021-08-12 01:08:00,20,3,4530.0,2023-02-01,2025-01-06
Venterol,26367,26,2021-05-09 13:11:00,2500,2,239.0,2022-10-12,2025-06-23
Venzolasca,2B343,2B,2021-04-26 10:07:00,30000,1,99.99,2022-10-12,2022-10-12
Venzolasca,2B343,2B,2021-09-08 01:19:00,1500,1,99.99,2022-10-12,2022-10-12
Venzolasca,2B343,2B,2021-09-08 03:00:00,3500,1,99.99,2022-10-12,2022-10-12
Venzolasca,2B343,2B,2021-12-19 11:30:00,80000,1,99.99,2022-10-12,2022-10-12
Vergèze,30344,30,2021-07-07 18:10:00,90,5,475.99,2022-01-13,2026-02-03
Vernas,38535,38,2021-04-09 14:58:00,30,1,100.0,2025-06-11,2025-06-11
Vero,2A345,2A,2021-04-26 13:56:00,50,1,91.67,2024-11-28,2024-11-28
Vero,2A345,2A,2021-05-22 16:53:00,50,1,91.67,2024-11-28,2024-11-28
Vero,2A345,2A,2021-06-26 09:17:00,1,1,91.67,2024-11-28,2024-11-28
Verteuil-d'Agenais,47317,47,2021-11-18 17:59:42,5,3,718.0,2025-08-27,2026-02-03
Vesc,26373,26,2021-03-25 14:48:00,6000,1,245.0,2024-06-13,2024-06-13
Vescovato,2B346,2B,2021-05-20 07:00:00,20000,8,749.41,2022-03-10,2025-04-02
Vias,34332,34,2021-06-24 15:19:00,19660,8,6926.0,2021-09-30,2026-04-10
Vias,34332,34,2021-09-27 15:23:00,70550,8,6926.0,2021-09-30,2026-04-10
Vico,2A348,2A,2021-09-26 23:43:00,589,4,399.96,2022-07-28,2025-06-12
Vico,2A348,2A,2021-10-10 19:52:00,1054,4,399.96,2022-07-28,2025-06-12
Vidauban,83148,83,2021-08-28 07:53:00,2,3,455.0,2025-01-31,2026-01-30
Viens,84144,84,2021-05-18 15:51:00,10,2,322.0,2024-08-02,2025-09-08
Villardonnel,11413,11,2021-04-24 16:14:00,100,4,505.0,2021-07-07,2024-07-12
Villardonnel,11413,11,2021-07-26 00:33:00,650,2,345.0,2023-07-20,2024-07-12
Villardonnel,11413,11,2021-07-26 00:33:00,1630,2,345.0,2023-07-20,2024-07-12
Villardonnel,11413,11,2021-08-11 18:49:00,15,2,345.0,2023-07-20,2024-07-12
Villardonnel,11413,11,2021-08-23 15:25:00,6000,2,345.0,2023-07-20,2024-07-12
Ville-di-Paraso,2B352,2B,2021-03-02 07:08:00,15000,4,399.71999999999997,2021-11-04,2023-07-20
Villefloure,11423,11,2021-07-27 15:29:00,500,2,440.0,2026-01-20,2026-01-20
Villefontaine,38553,38,2021-06-27 15:57:00,20,1,50.0,2024-01-09,2024-01-09
Villegly,11426,11,2021-06-09 15:24:00,19311,2,11968.0,2024-05-22,2024-05-22
Villegly,11426,11,2021-08-11 13:24:00,122266,2,11968.0,2024-05-22,2024-05-22
Villelaure,84147,84,2021-07-27 12:31:00,180,2,451.0,2023-12-07,2026-05-05
Villelongue-de-la-Salanque,66224,66,2021-06-06 10:09:00,15000,1,55.0,2026-02-06,2026-02-06
Villemolaque,66226,66,2021-07-13 14:49:00,1430,3,255.0,2021-12-30,2022-04-29
Villemoustaussou,11429,11,2021-07-27 13:47:00,2371,3,411.6,2023-03-29,2025-01-10
Villemoustaussou,11429,11,2021-08-14 13:02:00,500,3,411.6,2023-03-29,2025-01-10
Villenave-d'Ornon,33550,33,2021-05-03 17:18:00,6000,6,1170.0,2022-03-10,2025-12-12
Villeneuve,04242,04,2021-03-11 14:15:00,4100,8,1046.0,2022-08-02,2026-02-18
Villeneuve,04242,04,2021-03-24 15:15:00,1200,8,1046.0,2022-08-02,2026-02-18
Villeneuve,12301,12,2021-03-31 19:00:00,15000,17,2564.8,2021-05-20,2025-08-05
Villeneuve-Loubet,06161,06,2021-07-30 13:03:00,1000,1,60.0,2022-10-27,2022-10-27
Villeneuve-Minervois,11433,11,2021-04-18 10:30:00,50,5,788.2,2023-07-05,2026-05-15
Villeneuve-sur-Vère,81319,81,2021-04-03 17:53:00,2000,1,230.0,2024-11-15,2024-11-15
Villeveyrac,34341,34,2021-03-29 11:52:00,221628,3,448.6,2024-10-17,2025-12-23
Villeveyrac,34341,34,2021-04-03 16:22:00,5977,3,448.6,2024-10-17,2025-12-23
Villeveyrac,34341,34,2021-05-30 16:57:00,1333,3,448.6,2024-10-17,2025-12-23
Villeveyrac,34341,34,2021-07-23 23:17:00,2501,3,448.6,2024-10-17,2025-12-23
Villeveyrac,34341,34,2021-08-31 22:49:00,17734,3,448.6,2024-10-17,2025-12-23
Villeveyrac,34341,34,2021-10-22 11:47:00,7572,3,448.6,2024-10-17,2025-12-23
Villevieille,30352,30,2021-08-23 20:57:00,999,1,250.0,2026-02-24,2026-02-24
Vineuil,41295,41,2021-02-20 20:46:00,6,9,2967.0,2023-02-28,2026-05-06
Vineuil,41295,41,2021-03-16 15:46:00,2,9,2967.0,2023-02-28,2026-05-06
Vineuil,41295,41,2021-03-17 18:36:00,1,9,2967.0,2023-02-28,2026-05-06
Vineuil,41295,41,2021-03-17 20:13:00,200,9,2967.0,2023-02-28,2026-05-06
Vineuil,41295,41,2021-04-21 18:57:00,75,9,2967.0,2023-02-28,2026-05-06
Vineuil,41295,41,2021-08-12 07:48:00,1,9,2967.0,2023-02-28,2026-05-06
Vinezac,07343,07,2021-06-30 16:43:00,500,1,250.0,2024-11-05,2024-11-05
Vinsobres,26377,26,2021-04-23 13:30:00,5000,1,106.0,2026-01-23,2026-01-23
Viriville,38561,38,2021-05-28 18:34:00,2500,6,1034.0,2022-12-30,2026-05-20
Viriville,38561,38,2021-06-05 21:46:00,50,6,1034.0,2022-12-30,2026-05-20
Vitrolles,13117,13,2021-05-31 21:59:00,5,35,5016.2,2021-09-17,2026-05-07
Vitrolles,13117,13,2021-06-10 01:25:00,300,35,5016.2,2021-09-17,2026-05-07
Vitrolles,13117,13,2021-07-01 15:04:00,300,35,5016.2,2021-09-17,2026-05-07
Vitrolles,13117,13,2021-07-26 15:04:00,40,35,5016.2,2021-09-17,2026-05-07
Vitrolles,13117,13,2021-08-09 20:25:00,100,35,5016.2,2021-09-17,2026-05-07
Xertigny,88530,88,2021-03-06 17:42:00,50,8,1025.8,2022-11-08,2026-02-10
Yvoy-le-Marron,41297,41,2021-07-19 14:30:00,20,1,60.0,2023-01-30,2023-01-30
Zalana,2B356,2B,2021-03-17 12:22:00,30000,1,99.18,2021-10-12,2021-10-12
Zalana,2B356,2B,2021-03-30 13:48:00,1000,1,99.18,2021-10-12,2021-10-12
Zonza,2A362,2A,2021-03-29 11:26:00,100,1,93.19,2021-11-16,2021-11-16
Zonza,2A362,2A,2021-06-26 09:04:00,1,1,93.19,2021-11-16,2021-11-16
Zonza,2A362,2A,2021-07-10 16:43:00,5,1,93.19,2021-11-16,2021-11-16
Zonza,2A362,2A,2021-07-31 16:48:00,500,1,93.19,2021-11-16,2021-11-16
Zonza,2A362,2A,2021-09-28 11:49:00,1,1,93.19,2021-11-16,2021-11-16
Écommoy,72124,72,2021-07-19 15:06:00,1500,4,475.0,2021-09-28,2026-03-24
Épinal,88160,88,2021-03-30 12:58:00,30,10,1247.9,2022-02-25,2026-03-20
Épinal,88160,88,2021-05-18 13:04:00,1,10,1247.9,2022-02-25,2026-03-20
Épinal,88160,88,2021-06-16 20:35:00,1,10,1247.9,2022-02-25,2026-03-20
Étival-lès-le-Mans,72127,72,2021-04-25 13:14:00,100,3,432.4,2021-12-06,2024-05-14
